1071026,59.5,91.0,59.5,91.0,82.0,0.0,0.0,0.0,0.0,0.0,0.0
1071029,85.5,104.73,85.5,96.49,95.0,0.0,0.0,0.0,0.0,0.0,0.0
1071030,93.1,97.0,88.01,95.99,141.0,0.0,0.0,0.0,0.0,0.0,0.0
1071031,95.99,95.99,85.0,93.0,56.0,0.0,0.0,0.0,0.0,0.0,0.0
1071101,91.0,91.0,79.5,90.0,83.0,0.0,0.0,0.0,0.0,0.0,0.0
1071102,83.6,90.29,83.6,90.29,10.0,0.0,0.0,0.0,0.0,0.0,0.0
1071105,89.0,89.0,83.61,86.0,24.0,0.0,0.0,0.0,0.0,0.0,0.0
1071106,86.47,86.47,80.5,81.0,37.0,0.0,0.0,0.0,0.0,0.0,0.0
1071107,83.49,83.49,79.5,81.5,26.0,0.0,0.0,0.0,0.0,0.0,0.0
1071108,81.0,87.0,81.0,87.0,19.0,0.0,0.0,0.0,0.0,0.0,0.0
1071109,87.36,87.36,86.0,86.0,4.0,0.0,0.0,0.0,0.0,0.0,0.0
1071112,86.8,86.9,82.0,84.99,22.0,0.0,0.0,0.0,0.0,0.0,0.0
1071113,80.51,83.0,80.51,83.0,14.0,0.0,0.0,0.0,0.0,0.0,0.0
1071114,80.74,84.49,80.74,84.49,12.0,0.0,0.0,0.0,0.0,0.0,0.0
1071115,84.52,84.77,84.26,84.26,7.0,0.0,0.0,0.0,0.0,0.0,0.0
1071116,81.0,83.0,81.0,83.0,2.0,0.0,0.0,0.0,0.0,0.0,0.0
1071119,82.05,85.5,82.05,83.01,9.0,0.0,0.0,0.0,0.0,0.0,0.0
1071120,84.49,84.49,84.49,84.49,1.0,0.0,0.0,0.0,0.0,0.0,0.0
1071121,84.5,85.54,84.0,85.49,6.0,0.0,0.0,0.0,0.0,0.0,0.0
1071122,86.0,86.8,85.5,85.5,5.0,0.0,0.0,0.0,0.0,0.0,0.0
1071123,86.0,86.0,86.0,86.0,1.0,0.0,0.0,0.0,0.0,0.0,0.0
1071126,85.6,86.0,85.6,86.0,5.0,0.0,0.0,0.0,0.0,0.0,0.0
1071127,85.5,85.99,84.51,85.99,10.0,0.0,0.0,0.0,0.0,0.0,0.0
1071128,86.0,86.0,86.0,86.0,1.0,0.0,0.0,0.0,0.0,0.0,0.0
1071129,85.01,85.5,85.01,85.5,2.0,0.0,0.0,0.0,0.0,0.0,0.0
1071130,89.46,89.46,89.46,89.46,3.0,0.0,0.0,0.0,0.0,0.0,0.0
1071203,88.0,88.0,86.01,87.0,5.0,0.0,0.0,0.0,0.0,0.0,0.0
1071204,87.99,88.01,87.4,88.01,13.0,0.0,0.0,0.0,0.0,0.0,0.0
1071205,88.99,88.99,86.01,88.0,10.0,0.0,0.0,0.0,0.0,0.0,0.0
1071206,88.99,88.99,88.0,88.96,7.0,0.0,0.0,0.0,0.0,0.0,0.0
1071207,88.99,89.99,88.5,89.99,12.0,0.0,0.0,0.0,0.0,0.0,0.0
1071210,86.01,90.29,86.01,90.29,7.0,0.0,0.0,0.0,0.0,0.0,0.0
1071211,90.5,90.5,90.5,90.5,3.0,0.0,0.0,0.0,0.0,0.0,0.0
1071212,90.99,90.99,90.0,90.0,7.0,0.0,0.0,0.0,0.0,0.0,0.0
1071213,91.0,91.0,91.0,91.0,1.0,0.0,0.0,0.0,0.0,0.0,0.0
1071214,92.0,92.0,92.0,92.0,1.0,0.0,0.0,0.0,0.0,0.0,0.0
1071217,92.49,95.99,92.49,94.0,42.0,0.0,0.0,0.0,0.0,0.0,0.0
1071218,93.51,93.51,91.0,93.35,731.0,0.0,0.0,0.0,0.0,0.0,0.0
1071219,95.0,95.0,95.0,95.0,2.0,0.0,0.0,0.0,0.0,0.0,0.0
1071220,95.0,95.0,95.0,95.0,3.0,0.0,0.0,0.0,0.0,0.0,0.0
1071221,95.0,95.49,94.0,95.0,10.0,0.0,0.0,0.0,0.0,0.0,0.0
1071222,95.99,95.99,93.0,94.0,12.0,0.0,0.0,0.0,0.0,0.0,0.0
1071224,93.1,93.29,92.0,92.99,15.0,0.0,0.0,0.0,0.0,0.0,0.0
1071225,91.71,94.5,91.71,94.5,2.0,0.0,0.0,0.0,0.0,0.0,0.0
1071226,94.79,96.8,94.79,96.8,8.0,0.0,0.0,0.0,0.0,0.0,0.0
1071227,97.86,103.0,97.86,97.86,26.0,0.0,0.0,0.0,0.0,0.0,0.0
1071228,100.0,102.0,98.0,101.0,9.0,0.0,0.0,0.0,0.0,0.0,0.0
1080102,99.5,100.97,95.95,99.5,18.0,0.0,0.0,0.0,0.0,0.0,0.0
1080103,98.0,98.3,95.01,98.3,19.0,0.0,0.0,0.0,0.0,0.0,0.0
1080104,96.2,98.0,94.07,98.0,5.0,0.0,0.0,0.0,0.0,0.0,0.0
1080107,98.0,98.0,96.0,96.0,13.0,0.0,0.0,0.0,0.0,0.0,0.0
1080108,94.51,95.1,91.0,93.5,31.0,0.0,0.0,0.0,0.0,0.0,0.0
1080109,94.88,95.28,94.88,95.2,8.0,0.0,0.0,0.0,0.0,0.0,0.0
1080110,93.5,94.0,91.51,94.0,15.0,0.0,0.0,0.0,0.0,0.0,0.0
1080111,92.1,93.99,92.01,92.3,9.0,0.0,0.0,0.0,0.0,0.0,0.0
1080114,91.01,92.0,88.97,91.0,61.0,0.0,0.0,0.0,0.0,0.0,0.0
1080115,91.97,92.5,90.01,92.48,13.0,0.0,0.0,0.0,0.0,0.0,0.0
1080116,92.5,92.5,88.71,91.48,41.0,0.0,0.0,0.0,0.0,0.0,0.0
1080117,91.5,91.75,91.45,91.75,7.0,0.0,0.0,0.0,0.0,0.0,0.0
1080118,91.0,91.48,91.0,91.29,9.0,0.0,0.0,0.0,0.0,0.0,0.0
1080121,91.28,92.1,91.28,92.1,4.0,0.0,0.0,0.0,0.0,0.0,0.0
1080122,92.05,94.5,91.5,94.5,19.0,0.0,0.0,0.0,0.0,0.0,0.0
1080123,90.22,91.0,90.0,90.49,35.0,0.0,0.0,0.0,0.0,0.0,0.0
1080124,91.86,92.0,91.0,91.0,12.0,0.0,0.0,0.0,0.0,0.0,0.0
1080125,90.0,91.78,90.0,91.78,4.0,0.0,0.0,0.0,0.0,0.0,0.0
1080128,91.79,91.79,91.5,91.5,6.0,0.0,0.0,0.0,0.0,0.0,0.0
1080129,91.79,91.79,91.79,91.79,2.0,0.0,0.0,0.0,0.0,0.0,0.0
1080130,91.79,91.79,91.55,91.79,3.0,0.0,0.0,0.0,0.0,0.0,0.0
1080211,91.71,91.77,91.71,91.77,2.0,0.0,0.0,0.0,0.0,0.0,0.0
1080212,91.77,91.77,91.77,91.77,1.0,0.0,0.0,0.0,0.0,0.0,0.0
1080213,91.77,91.77,91.77,91.77,1.0,0.0,0.0,0.0,0.0,0.0,0.0
1080214,91.77,91.78,91.77,91.78,5.0,0.0,0.0,0.0,0.0,0.0,0.0
1080215,92.0,92.0,89.01,90.0,5.0,0.0,0.0,0.0,0.0,0.0,0.0
1080218,90.98,90.98,90.0,90.0,4.0,0.0,0.0,0.0,0.0,0.0,0.0
1080219,91.5,91.5,91.0,91.0,2.0,0.0,0.0,0.0,0.0,0.0,0.0
1080220,92.0,92.0,92.0,92.0,3.0,0.0,0.0,0.0,0.0,0.0,0.0
1080221,92.63,92.63,92.63,92.63,1.0,0.0,0.0,0.0,0.0,0.0,0.0
1080222,90.0,91.0,90.0,91.0,6.0,0.0,0.0,0.0,0.0,0.0,0.0
1080225,92.0,92.0,90.5,92.0,14.0,0.0,0.0,0.0,0.0,0.0,0.0
1080226,92.0,92.0,92.0,92.0,1.0,0.0,0.0,0.0,0.0,0.0,0.0
1080227,90.01,90.01,82.57,88.42,39.0,0.0,0.0,0.0,0.0,0.0,0.0
1080304,88.7,88.72,88.7,88.72,3.0,0.0,0.0,0.0,0.0,0.0,0.0
1080305,89.98,89.98,89.98,89.98,3.0,0.0,0.0,0.0,0.0,0.0,0.0
1080306,91.45,91.45,91.45,91.45,2.0,0.0,0.0,0.0,0.0,0.0,0.0
1080307,91.45,91.45,90.99,90.99,2.0,0.0,0.0,0.0,0.0,0.0,0.0
1080308,90.99,90.99,90.99,90.99,1.0,0.0,0.0,0.0,0.0,0.0,0.0
1080311,90.0,90.0,88.0,89.98,5.0,0.0,0.0,0.0,0.0,0.0,0.0
1080312,89.99,89.99,87.74,88.93,20.0,0.0,0.0,0.0,0.0,0.0,0.0
1080313,88.93,88.93,88.93,88.93,1.0,0.0,0.0,0.0,0.0,0.0,0.0
1080314,88.8,89.28,86.04,89.28,7.0,0.0,0.0,0.0,0.0,0.0,0.0
1080315,89.28,89.28,88.55,88.55,2.0,0.0,0.0,0.0,0.0,0.0,0.0
1080318,89.28,89.28,89.28,89.28,2.0,0.0,0.0,0.0,0.0,0.0,0.0
1080319,89.28,89.28,89.28,89.28,1.0,0.0,0.0,0.0,0.0,0.0,0.0
1080320,89.28,89.28,89.28,89.28,1.0,0.0,0.0,0.0,0.0,0.0,0.0
1080321,89.28,89.28,89.0,89.0,2.0,0.0,0.0,0.0,0.0,0.0,0.0
1080322,85.44,88.99,85.17,88.99,12.0,0.0,0.0,0.0,0.0,0.0,0.0
1080325,87.0,88.85,84.68,88.85,4.0,0.0,0.0,0.0,0.0,0.0,0.0
1080326,87.35,88.26,87.35,88.26,3.0,0.0,0.0,0.0,0.0,0.0,0.0
1080327,88.9,88.9,85.26,88.9,20.0,0.0,0.0,0.0,0.0,0.0,0.0
1080328,89.05,89.09,87.5,89.0,16.0,0.0,0.0,0.0,0.0,0.0,0.0
1080329,90.0,92.0,87.7,88.0,16.0,0.0,0.0,0.0,0.0,0.0,0.0
1080401,90.0,90.0,87.01,87.01,4.0,0.0,0.0,0.0,0.0,0.0,0.0
1080402,89.0,89.0,87.0,87.0,5.0,0.0,0.0,0.0,0.0,0.0,0.0
1080403,88.5,89.0,88.5,89.0,7.0,0.0,0.0,0.0,0.0,0.0,0.0
1080408,89.9,92.0,89.9,91.0,98.0,0.0,0.0,0.0,0.0,0.0,0.0
1080409,91.79,91.79,89.73,90.01,13.0,0.0,0.0,0.0,0.0,0.0,0.0
1080410,91.42,91.42,89.81,90.0,34.0,0.0,0.0,0.0,0.0,0.0,0.0
1080411,90.0,90.76,90.0,90.76,5.0,0.0,0.0,0.0,0.0,0.0,0.0
1080412,90.0,90.0,90.0,90.0,2.0,0.0,0.0,0.0,0.0,0.0,0.0
1080415,90.0,92.0,89.8,92.0,22.0,0.0,0.0,0.0,0.0,0.0,0.0
1080416,92.5,94.0,91.81,92.28,194.0,0.0,0.0,0.0,0.0,0.0,0.0
1080417,92.49,93.5,91.0,92.29,391.0,0.0,0.0,0.0,0.0,0.0,0.0
1080418,92.0,95.6,91.7,92.0,379.0,0.0,0.0,0.0,0.0,0.0,0.0
1080419,92.28,120.49,92.28,114.0,277.0,0.0,0.0,0.0,0.0,0.0,0.0
1080422,114.0,181.99,114.0,170.06,793.0,0.0,0.0,0.0,0.0,0.0,0.0
1080423,171.5,179.0,170.5,172.0,535.0,0.0,0.0,0.0,0.0,0.0,0.0
1080424,175.0,178.54,160.0,174.91,542.0,0.0,0.0,0.0,0.0,0.0,0.0
1080425,176.0,179.57,174.01,179.0,326.0,0.0,0.0,0.0,0.0,0.0,0.0
1080426,179.99,218.0,178.0,214.0,857.0,0.0,0.0,0.0,0.0,0.0,0.0
1080429,215.99,244.99,205.01,211.99,1448.0,0.0,0.0,0.0,0.0,0.0,0.0
1080430,209.95,215.78,191.0,200.62,947.0,0.0,0.0,0.0,0.0,0.0,0.0
1080502,201.0,202.49,193.0,202.0,341.0,0.0,0.0,0.0,0.0,0.0,0.0
1080503,200.0,200.6,194.38,199.49,148.0,0.0,0.0,0.0,0.0,0.0,0.0
1080506,200.0,200.01,193.0,195.49,342.0,0.0,0.0,0.0,0.0,0.0,0.0
1080507,191.0,196.0,190.0,190.0,245.0,0.0,0.0,0.0,0.0,0.0,0.0
1080508,190.0,190.8,188.0,189.51,455.0,0.0,0.0,0.0,0.0,0.0,0.0
1080509,191.0,191.49,169.01,182.0,396.0,0.0,0.0,0.0,0.0,0.0,0.0
1080510,183.55,194.48,180.0,187.5,143.0,0.0,0.0,0.0,0.0,0.0,0.0
1080513,190.0,190.5,184.43,185.44,153.0,0.0,0.0,0.0,0.0,0.0,0.0
1080514,178.0,187.59,178.0,185.53,66.0,0.0,0.0,0.0,0.0,0.0,0.0
1080515,188.99,188.99,181.41,181.45,149.0,0.0,0.0,0.0,0.0,0.0,0.0
1080516,185.0,199.2,182.0,194.49,455.0,0.0,0.0,0.0,0.0,0.0,0.0
1080517,196.0,201.0,181.5,193.69,410.0,0.0,0.0,0.0,0.0,0.0,0.0
1080520,190.0,191.0,176.0,179.3,210.0,0.0,0.0,0.0,0.0,0.0,0.0
1080521,174.0,179.0,170.0,171.99,149.0,0.0,0.0,0.0,0.0,0.0,0.0
1080522,175.0,175.0,162.0,167.49,242.0,0.0,0.0,0.0,0.0,0.0,0.0
1080523,165.42,165.99,161.0,161.01,73.0,0.0,0.0,0.0,0.0,0.0,0.0
1080524,162.73,172.55,162.73,170.54,141.0,0.0,0.0,0.0,0.0,0.0,0.0
1080527,173.68,187.0,173.68,182.0,259.0,0.0,0.0,0.0,0.0,0.0,0.0
1080528,185.0,185.0,173.0,176.0,97.0,0.0,0.0,0.0,0.0,0.0,0.0
1080529,175.44,176.0,171.5,174.55,117.0,0.0,0.0,0.0,0.0,0.0,0.0
1080530,174.0,177.99,174.0,176.0,111.0,0.0,0.0,0.0,0.0,0.0,0.0
1080531,177.0,180.0,172.49,175.94,128.0,0.0,0.0,0.0,0.0,0.0,0.0
1080603,173.48,176.0,169.49,170.0,118.0,0.0,0.0,0.0,0.0,0.0,0.0
1080604,169.46,172.0,169.46,170.0,74.0,0.0,0.0,0.0,0.0,0.0,0.0
1080605,169.46,170.54,167.81,168.1,105.0,0.0,0.0,0.0,0.0,0.0,0.0
1080606,168.0,168.0,160.53,165.0,123.0,0.0,0.0,0.0,0.0,0.0,0.0
1080610,165.0,166.48,160.51,162.0,76.0,0.0,0.0,0.0,0.0,0.0,0.0
1080611,163.99,163.99,160.1,162.79,64.0,0.0,0.0,0.0,0.0,0.0,0.0
1080612,160.01,167.0,160.0,165.0,99.0,0.0,0.0,0.0,0.0,0.0,0.0
1080613,165.0,165.99,162.5,164.0,81.0,0.0,0.0,0.0,0.0,0.0,0.0
1080614,162.01,163.48,160.21,161.05,72.0,0.0,0.0,0.0,0.0,0.0,0.0
1080617,163.0,163.0,161.0,161.0,38.0,0.0,0.0,0.0,0.0,0.0,0.0
1080618,162.0,162.0,160.01,160.5,42.0,0.0,0.0,0.0,0.0,0.0,0.0
1080619,161.99,167.0,160.5,163.48,110.0,0.0,0.0,0.0,0.0,0.0,0.0
1080620,164.99,165.0,162.0,163.99,103.0,0.0,0.0,0.0,0.0,0.0,0.0
1080621,167.99,171.06,164.0,170.55,214.0,0.0,0.0,0.0,0.0,0.0,0.0
1080624,174.0,181.57,170.46,181.57,300.0,0.0,0.0,0.0,0.0,0.0,0.0
1080625,181.58,189.56,181.46,183.0,219.0,0.0,0.0,0.0,0.0,0.0,0.0
1080626,183.5,186.06,177.46,181.5,205.0,0.0,0.0,0.0,0.0,0.0,0.0
1080627,184.99,184.99,177.0,177.0,168.0,0.0,0.0,0.0,0.0,0.0,0.0
1080628,178.56,178.56,175.81,176.5,149.0,0.0,0.0,0.0,0.0,0.0,0.0
1080701,178.0,178.0,172.51,173.99,260.0,0.0,0.0,0.0,0.0,0.0,0.0
1080702,172.48,178.36,172.48,176.49,230.0,0.0,0.0,0.0,0.0,0.0,0.0
1080703,175.0,175.5,172.44,173.0,231.0,0.0,0.0,0.0,0.0,0.0,0.0
1080704,172.01,173.5,170.46,171.5,160.0,0.0,0.0,0.0,0.0,0.0,0.0
1080705,173.9,173.9,170.45,171.49,122.0,0.0,0.0,0.0,0.0,0.0,0.0
1080708,175.5,175.5,170.29,171.0,105.0,0.0,0.0,0.0,0.0,0.0,0.0
1080709,175.0,175.0,170.01,172.55,102.0,0.0,0.0,0.0,0.0,0.0,0.0
1080710,176.0,176.0,172.52,174.0,90.0,0.0,0.0,0.0,0.0,0.0,0.0
1080711,174.0,174.0,172.0,172.04,76.0,0.0,0.0,0.0,0.0,0.0,0.0
1080712,173.0,173.5,171.5,172.0,79.0,0.0,0.0,0.0,0.0,0.0,0.0
1080715,174.0,175.52,170.68,171.41,111.0,0.0,0.0,0.0,0.0,0.0,0.0
1080716,170.66,171.5,166.5,167.0,338.0,0.0,0.0,0.0,0.0,0.0,0.0
1080717,170.54,170.54,166.61,168.0,73.0,0.0,0.0,0.0,0.0,0.0,0.0
1080718,167.0,170.5,165.01,169.45,112.0,0.0,0.0,0.0,0.0,0.0,0.0
1080719,170.0,177.0,170.0,174.0,397.0,0.0,0.0,0.0,0.0,0.0,0.0
1080722,178.0,184.49,176.0,183.49,530.0,0.0,0.0,0.0,0.0,0.0,0.0
1080723,187.54,187.54,177.44,178.0,321.0,0.0,0.0,0.0,0.0,0.0,0.0
1080724,182.0,182.5,178.01,178.5,153.0,0.0,0.0,0.0,0.0,0.0,0.0
1080725,178.99,180.53,175.98,177.99,139.0,0.0,0.0,0.0,0.0,0.0,0.0
1080726,179.98,179.98,176.3,177.6,104.0,0.0,0.0,0.0,0.0,0.0,0.0
1080729,179.0,179.0,173.93,173.96,89.0,0.0,0.0,0.0,0.0,0.0,0.0
1080730,175.0,175.0,170.0,171.49,145.0,0.0,0.0,0.0,0.0,0.0,0.0
1080731,169.11,173.71,169.11,171.0,101.0,0.0,0.0,0.0,0.0,0.0,0.0
1080801,171.48,177.53,171.48,177.53,140.0,0.0,0.0,0.0,0.0,0.0,0.0
1080802,177.99,178.5,173.98,175.02,261.0,0.0,0.0,0.0,0.0,0.0,0.0
1080805,175.8,176.99,169.53,172.0,119.0,0.0,0.0,0.0,0.0,0.0,0.0
1080806,173.0,175.3,169.51,171.1,61.0,0.0,0.0,0.0,0.0,0.0,0.0
1080807,173.0,174.0,169.94,171.0,36.0,0.0,0.0,0.0,0.0,0.0,0.0
1080808,170.0,173.48,170.0,171.0,85.0,0.0,0.0,0.0,0.0,0.0,0.0
1080812,173.67,180.99,173.67,174.81,160.0,0.0,0.0,0.0,0.0,0.0,0.0
1080813,175.5,177.56,173.81,173.81,114.0,0.0,0.0,0.0,0.0,0.0,0.0
1080814,175.52,178.0,172.49,173.0,70.0,0.0,0.0,0.0,0.0,0.0,0.0
1080815,172.0,174.99,171.0,171.6,109.0,0.0,0.0,0.0,0.0,0.0,0.0
1080816,174.52,174.52,170.1,171.99,54.0,0.0,0.0,0.0,0.0,0.0,0.0
1080819,171.54,174.56,170.98,171.03,49.0,0.0,0.0,0.0,0.0,0.0,0.0
1080820,171.78,175.25,171.69,172.96,72.0,0.0,0.0,0.0,0.0,0.0,0.0
1080821,177.0,179.13,174.48,178.57,300.0,0.0,0.0,0.0,0.0,0.0,0.0
1080822,179.99,181.37,176.51,177.01,170.0,0.0,0.0,0.0,0.0,0.0,0.0
1080823,178.0,178.0,175.08,176.1,127.0,0.0,0.0,0.0,0.0,0.0,0.0
1080826,177.99,177.99,171.98,174.52,83.0,0.0,0.0,0.0,0.0,0.0,0.0
1080827,172.53,175.51,172.49,172.98,114.0,0.0,0.0,0.0,0.0,0.0,0.0
1080828,174.52,175.93,171.51,173.49,187.0,0.0,0.0,0.0,0.0,0.0,0.0
1080829,171.0,174.02,170.5,173.0,155.0,0.0,0.0,0.0,0.0,0.0,0.0
1080830,174.51,174.51,172.11,173.19,74.0,0.0,0.0,0.0,0.0,0.0,0.0
1080902,173.5,175.5,172.0,173.17,100.0,0.0,0.0,0.0,0.0,0.0,0.0
1080903,173.0,173.98,172.49,173.98,94.0,0.0,0.0,0.0,0.0,0.0,0.0
1080904,173.5,176.53,173.5,176.01,327.0,0.0,0.0,0.0,0.0,0.0,0.0
1080905,178.0,190.0,177.0,187.78,761.0,0.0,0.0,0.0,0.0,0.0,0.0
1080906,187.7,190.99,182.51,187.99,437.0,0.0,0.0,0.0,0.0,0.0,0.0
1080909,187.99,189.5,183.45,184.8,301.0,0.0,0.0,0.0,0.0,0.0,0.0
1080910,183.51,185.0,174.99,176.51,661.0,0.0,0.0,0.0,0.0,0.0,0.0
1080911,175.01,177.55,174.0,174.99,337.0,0.0,0.0,0.0,0.0,0.0,0.0
1080912,175.52,175.99,173.29,173.29,227.0,0.0,0.0,0.0,0.0,0.0,0.0
1080916,172.01,175.0,169.8,170.09,307.0,0.0,0.0,0.0,0.0,0.0,0.0
1080917,175.0,175.48,171.83,174.4,146.0,0.0,0.0,0.0,0.0,0.0,0.0
1080918,175.0,178.5,174.99,176.0,216.0,0.0,0.0,0.0,0.0,0.0,0.0
1080919,176.01,176.97,171.62,172.52,170.0,0.0,0.0,0.0,0.0,0.0,0.0
1080920,172.48,173.19,171.71,172.49,136.0,0.0,0.0,0.0,0.0,0.0,0.0
1080923,172.5,173.51,172.0,172.51,116.0,0.0,0.0,0.0,0.0,0.0,0.0
1080924,173.0,173.5,171.5,172.0,117.0,0.0,0.0,0.0,0.0,0.0,0.0
1080925,173.99,173.99,171.41,172.2,127.0,0.0,0.0,0.0,0.0,0.0,0.0
1080926,172.98,172.98,171.13,172.95,115.0,0.0,0.0,0.0,0.0,0.0,0.0
1080927,172.5,172.98,170.72,172.09,123.0,0.0,0.0,0.0,0.0,0.0,0.0
1081001,172.0,172.1,171.06,172.1,87.0,0.0,0.0,0.0,0.0,0.0,0.0
1081002,172.29,172.29,164.0,170.0,164.0,0.0,0.0,0.0,0.0,0.0,0.0
1081003,171.49,171.49,166.0,169.83,106.0,0.0,0.0,0.0,0.0,0.0,0.0
1081004,168.0,169.5,166.0,168.0,89.0,0.0,0.0,0.0,0.0,0.0,0.0
1081007,166.69,167.5,165.0,166.93,165.0,0.0,0.0,0.0,0.0,0.0,0.0
1081008,166.99,167.39,161.52,161.9,129.0,0.0,0.0,0.0,0.0,0.0,0.0
1081009,164.49,164.49,159.62,160.0,162.0,0.0,0.0,0.0,0.0,0.0,0.0
1081014,162.0,163.47,154.0,160.98,189.0,0.0,0.0,0.0,0.0,0.0,0.0
1081015,157.01,160.39,157.0,157.0,94.0,0.0,0.0,0.0,0.0,0.0,0.0
1081016,158.55,159.97,153.01,154.0,141.0,0.0,0.0,0.0,0.0,0.0,0.0
1081017,153.54,163.48,151.01,161.99,180.0,0.0,0.0,0.0,0.0,0.0,0.0
1081018,159.88,165.49,159.61,161.99,50.0,0.0,0.0,0.0,0.0,0.0,0.0
1081021,162.98,162.98,157.66,160.5,64.0,0.0,0.0,0.0,0.0,0.0,0.0
1081022,160.0,160.95,157.73,159.47,28.0,0.0,0.0,0.0,0.0,0.0,0.0
1081023,160.0,165.44,158.2,164.49,126.0,0.0,0.0,0.0,0.0,0.0,0.0
1081024,164.49,164.49,161.61,161.61,37.0,0.0,0.0,0.0,0.0,0.0,0.0
1081025,160.01,163.48,160.01,162.17,53.0,0.0,0.0,0.0,0.0,0.0,0.0
1081028,164.99,164.99,159.61,162.49,20.0,0.0,0.0,0.0,0.0,0.0,0.0
1081029,162.99,162.99,159.11,160.5,64.0,0.0,0.0,0.0,0.0,0.0,0.0
1081030,160.5,163.44,160.05,161.75,57.0,0.0,0.0,0.0,0.0,0.0,0.0
1081031,163.0,164.0,161.04,162.0,37.0,0.0,0.0,0.0,0.0,0.0,0.0
1081101,163.5,163.75,161.52,162.87,22.0,0.0,0.0,0.0,0.0,0.0,0.0
1081104,163.99,168.47,162.51,166.99,154.0,0.0,0.0,0.0,0.0,0.0,0.0
1081105,167.99,169.0,163.51,166.49,106.0,0.0,0.0,0.0,0.0,0.0,0.0
1081106,166.98,166.98,163.01,163.01,48.0,0.0,0.0,0.0,0.0,0.0,0.0
1081107,165.0,165.0,161.52,163.0,33.0,0.0,0.0,0.0,0.0,0.0,0.0
1081108,164.89,164.89,162.33,163.95,17.0,0.0,0.0,0.0,0.0,0.0,0.0
1081111,165.0,165.0,155.6,158.0,140.0,0.0,0.0,0.0,0.0,0.0,0.0
1081112,160.39,161.99,158.0,160.0,41.0,0.0,0.0,0.0,0.0,0.0,0.0
1081113,160.4,161.0,155.06,160.0,32.0,0.0,0.0,0.0,0.0,0.0,0.0
1081114,160.4,160.5,156.5,159.5,29.0,0.0,0.0,0.0,0.0,0.0,0.0
1081115,160.48,160.48,157.54,160.39,29.0,0.0,0.0,0.0,0.0,0.0,0.0
1081118,161.99,161.99,157.5,159.4,30.0,0.0,0.0,0.0,0.0,0.0,0.0
1081119,159.4,160.27,157.8,158.0,36.0,0.0,0.0,0.0,0.0,0.0,0.0
1081120,160.98,160.98,157.13,158.79,34.0,0.0,0.0,0.0,0.0,0.0,0.0
1081121,159.98,159.98,156.0,158.5,32.0,0.0,0.0,0.0,0.0,0.0,0.0
1081122,158.69,162.99,158.01,160.6,77.0,0.0,0.0,0.0,0.0,0.0,0.0
1081125,162.49,163.0,158.6,160.7,29.0,0.0,0.0,0.0,0.0,0.0,0.0
1081126,160.99,161.49,159.68,161.32,24.0,0.0,0.0,0.0,0.0,0.0,0.0
1081127,161.49,161.49,159.52,161.33,33.0,0.0,0.0,0.0,0.0,0.0,0.0
1081128,161.48,162.99,159.63,160.3,44.0,0.0,0.0,0.0,0.0,0.0,0.0
1081129,161.99,161.99,159.54,159.55,19.0,0.0,0.0,0.0,0.0,0.0,0.0
1081202,161.44,172.52,160.02,170.5,316.0,0.0,0.0,0.0,0.0,0.0,0.0
1081203,171.0,175.53,169.0,170.5,217.0,0.0,0.0,0.0,0.0,0.0,0.0
1081204,172.5,172.5,166.79,167.99,116.0,0.0,0.0,0.0,0.0,0.0,0.0
1081205,172.99,172.99,168.0,170.0,67.0,0.0,0.0,0.0,0.0,0.0,0.0
1081206,170.51,170.51,167.52,169.0,66.0,0.0,0.0,0.0,0.0,0.0,0.0
1081209,173.0,173.99,169.02,170.86,177.0,0.0,0.0,0.0,0.0,0.0,0.0
1081210,170.5,170.99,167.49,168.99,56.0,0.0,0.0,0.0,0.0,0.0,0.0
1081211,168.0,168.5,164.07,165.55,107.0,0.0,0.0,0.0,0.0,0.0,0.0
1081212,167.48,167.48,163.7,163.7,69.0,0.0,0.0,0.0,0.0,0.0,0.0
1081213,165.99,166.0,162.5,164.25,70.0,0.0,0.0,0.0,0.0,0.0,0.0
1081216,162.0,163.99,161.3,162.5,57.0,0.0,0.0,0.0,0.0,0.0,0.0
1081217,168.99,168.99,161.56,164.5,34.0,0.0,0.0,0.0,0.0,0.0,0.0
1081218,162.0,165.19,161.32,163.5,57.0,0.0,0.0,0.0,0.0,0.0,0.0
1081219,169.99,169.99,162.0,164.0,39.0,0.0,0.0,0.0,0.0,0.0,0.0
1081220,164.99,165.4,162.51,164.98,42.0,0.0,0.0,0.0,0.0,0.0,0.0
1081223,165.0,169.5,164.79,165.0,74.0,0.0,0.0,0.0,0.0,0.0,0.0
1081224,166.99,166.99,163.5,164.0,47.0,0.0,0.0,0.0,0.0,0.0,0.0
1081225,164.99,164.99,161.12,162.99,47.0,0.0,0.0,0.0,0.0,0.0,0.0
1081226,162.99,162.99,158.01,161.93,85.0,0.0,0.0,0.0,0.0,0.0,0.0
1081227,161.99,163.49,160.0,163.49,45.0,0.0,0.0,0.0,0.0,0.0,0.0
1081230,162.47,162.47,160.03,160.52,71.0,0.0,0.0,0.0,0.0,0.0,0.0
1081231,162.0,162.49,160.12,161.49,24.0,0.0,0.0,0.0,0.0,0.0,0.0
1090102,162.0,162.47,161.0,162.47,28.0,0.0,0.0,0.0,0.0,0.0,0.0
1090103,162.49,162.49,159.52,159.52,35.0,0.0,0.0,0.0,0.0,0.0,0.0
1090106,161.99,162.5,158.54,160.83,53.0,0.0,0.0,0.0,0.0,0.0,0.0
1090107,162.0,162.0,157.53,157.63,60.0,0.0,0.0,0.0,0.0,0.0,0.0
1090108,160.0,160.0,157.18,158.0,56.0,0.0,0.0,0.0,0.0,0.0,0.0
1090109,159.0,160.97,158.0,160.0,69.0,0.0,0.0,0.0,0.0,0.0,0.0
1090110,161.47,161.47,158.11,158.61,28.0,0.0,0.0,0.0,0.0,0.0,0.0
1090113,162.99,162.99,158.53,159.45,30.0,0.0,0.0,0.0,0.0,0.0,0.0
1090114,159.99,159.99,155.0,157.29,73.0,0.0,0.0,0.0,0.0,0.0,0.0
1090115,156.11,162.99,156.0,156.05,38.0,0.0,0.0,0.0,0.0,0.0,0.0
1090116,159.99,159.99,156.0,158.01,43.0,0.0,0.0,0.0,0.0,0.0,0.0
1090117,157.01,162.48,157.01,162.36,86.0,0.0,0.0,0.0,0.0,0.0,0.0
1090120,162.99,163.0,160.0,162.97,31.0,0.0,0.0,0.0,0.0,0.0,0.0
1090130,163.48,173.0,162.99,167.51,417.0,0.0,0.0,0.0,0.0,0.0,0.0
1090131,168.0,172.0,166.5,170.99,521.0,0.0,0.0,0.0,0.0,0.0,0.0
1090203,170.0,173.52,160.52,162.11,266.0,0.0,0.0,0.0,0.0,0.0,0.0
1090204,164.97,167.5,162.01,165.0,121.0,0.0,0.0,0.0,0.0,0.0,0.0
1090205,165.5,167.5,163.01,164.5,133.0,0.0,0.0,0.0,0.0,0.0,0.0
1090206,168.0,168.0,163.51,164.2,91.0,0.0,0.0,0.0,0.0,0.0,0.0
1090207,165.98,165.99,161.01,161.21,127.0,0.0,0.0,0.0,0.0,0.0,0.0
1090210,165.0,165.0,159.54,160.39,103.0,0.0,0.0,0.0,0.0,0.0,0.0
1090211,159.0,162.0,159.0,159.2,56.0,0.0,0.0,0.0,0.0,0.0,0.0
1090212,161.99,161.99,159.03,159.8,65.0,0.0,0.0,0.0,0.0,0.0,0.0
1090213,159.99,161.48,159.05,160.01,42.0,0.0,0.0,0.0,0.0,0.0,0.0
1090214,160.99,161.49,158.78,159.75,23.0,0.0,0.0,0.0,0.0,0.0,0.0
1090217,160.49,160.49,158.01,158.5,28.0,0.0,0.0,0.0,0.0,0.0,0.0
1090218,159.5,160.47,158.5,159.4,38.0,0.0,0.0,0.0,0.0,0.0,0.0
1090219,160.0,162.49,158.23,159.79,28.0,0.0,0.0,0.0,0.0,0.0,0.0
1090220,160.98,160.98,157.81,159.19,44.0,0.0,0.0,0.0,0.0,0.0,0.0
1090221,162.99,162.99,158.01,159.97,26.0,0.0,0.0,0.0,0.0,0.0,0.0
1090224,160.0,160.39,158.01,158.51,28.0,0.0,0.0,0.0,0.0,0.0,0.0
1090225,159.99,160.0,158.12,160.0,45.0,0.0,0.0,0.0,0.0,0.0,0.0
1090226,159.1,164.99,157.3,164.99,111.0,0.0,0.0,0.0,0.0,0.0,0.0
1090227,164.9,165.49,158.5,159.99,122.0,0.0,0.0,0.0,0.0,0.0,0.0
1090302,159.99,159.99,152.04,155.99,159.0,0.0,0.0,0.0,0.0,0.0,0.0
1090303,160.0,160.0,155.4,156.99,50.0,0.0,0.0,0.0,0.0,0.0,0.0
1090304,157.99,157.99,154.55,155.5,125.0,0.0,0.0,0.0,0.0,0.0,0.0
1090305,156.0,159.5,154.0,156.5,193.0,0.0,0.0,0.0,0.0,0.0,0.0
1090306,157.99,158.0,156.0,156.9,39.0,0.0,0.0,0.0,0.0,0.0,0.0
1090309,155.0,156.99,153.11,154.49,110.0,0.0,0.0,0.0,0.0,0.0,0.0
1090310,150.0,154.99,150.0,153.44,119.0,0.0,0.0,0.0,0.0,0.0,0.0
1090311,154.99,154.99,151.61,151.63,91.0,0.0,0.0,0.0,0.0,0.0,0.0
1090312,152.0,152.0,129.51,143.49,250.0,0.0,0.0,0.0,0.0,0.0,0.0
1090313,135.85,137.99,118.0,131.37,249.0,0.0,0.0,0.0,0.0,0.0,0.0
1090316,131.0,133.9,122.38,126.37,128.0,0.0,0.0,0.0,0.0,0.0,0.0
1090317,125.99,125.99,100.0,110.66,259.0,0.0,0.0,0.0,0.0,0.0,0.0
1090318,113.99,117.36,102.0,109.0,218.0,0.0,0.0,0.0,0.0,0.0,0.0
1090319,105.5,105.79,90.74,100.0,194.0,0.0,0.0,0.0,0.0,0.0,0.0
1090320,101.0,136.0,101.0,134.89,740.0,0.0,0.0,0.0,0.0,0.0,0.0
1090323,129.5,135.5,118.5,130.5,234.0,0.0,0.0,0.0,0.0,0.0,0.0
1090324,133.0,165.0,133.0,165.0,860.0,0.0,0.0,0.0,0.0,0.0,0.0
1090325,165.0,180.0,153.0,167.0,868.0,0.0,0.0,0.0,0.0,0.0,0.0
1090326,170.0,170.0,159.5,164.5,192.0,0.0,0.0,0.0,0.0,0.0,0.0
1090327,165.0,169.5,163.0,165.0,181.0,0.0,0.0,0.0,0.0,0.0,0.0
1090330,160.0,165.0,147.5,155.0,235.0,0.0,0.0,0.0,0.0,0.0,0.0
1090331,157.0,164.0,157.0,160.0,141.0,0.0,0.0,0.0,0.0,0.0,0.0
1090401,160.0,160.0,155.5,158.0,49.0,0.0,0.0,0.0,0.0,0.0,0.0
1090406,160.0,161.0,154.0,156.5,161.0,0.0,0.0,0.0,0.0,0.0,0.0
1090407,160.0,160.5,157.5,160.0,94.0,0.0,0.0,0.0,0.0,0.0,0.0
1090408,160.0,160.0,157.0,158.0,84.0,0.0,0.0,0.0,0.0,0.0,0.0
1090409,160.0,160.0,157.0,157.5,49.0,0.0,0.0,0.0,0.0,0.0,0.0
1090410,156.5,158.5,154.0,155.5,90.0,0.0,0.0,0.0,0.0,0.0,0.0
1090413,153.5,156.5,151.0,153.0,79.0,0.0,0.0,0.0,0.0,0.0,0.0
1090414,153.0,154.5,151.5,152.5,106.0,0.0,0.0,0.0,0.0,0.0,0.0
1090415,155.0,155.0,151.0,152.0,80.0,0.0,0.0,0.0,0.0,0.0,0.0
1090416,153.5,154.5,152.0,152.5,91.0,0.0,0.0,0.0,0.0,0.0,0.0
1090417,155.0,155.0,150.5,151.5,139.0,0.0,0.0,0.0,0.0,0.0,0.0
1090420,153.0,154.5,150.5,154.0,50.0,0.0,0.0,0.0,0.0,0.0,0.0
1090421,154.0,169.0,153.5,162.0,461.0,0.0,0.0,0.0,0.0,0.0,0.0
1090422,163.5,163.5,159.5,161.0,71.0,0.0,0.0,0.0,0.0,0.0,0.0
1090423,162.0,162.0,154.5,157.0,160.0,0.0,0.0,0.0,0.0,0.0,0.0
1090424,156.5,157.0,154.5,156.0,47.0,0.0,0.0,0.0,0.0,0.0,0.0
1090427,158.0,159.5,154.5,157.5,69.0,0.0,0.0,0.0,0.0,0.0,0.0
1090428,159.5,159.5,155.5,156.0,62.0,0.0,0.0,0.0,0.0,0.0,0.0
1090429,157.5,157.5,154.5,156.0,61.0,0.0,0.0,0.0,0.0,0.0,0.0
1090430,156.0,158.0,153.5,154.5,94.0,0.0,0.0,0.0,0.0,0.0,0.0
1090504,155.0,160.5,153.0,157.0,83.0,0.0,0.0,0.0,0.0,0.0,0.0
1090505,158.0,158.5,153.5,155.5,67.0,0.0,0.0,0.0,0.0,0.0,0.0
1090506,155.0,155.5,149.5,152.0,237.0,0.0,0.0,0.0,0.0,0.0,0.0
1090507,154.0,154.5,151.5,152.5,67.0,0.0,0.0,0.0,0.0,0.0,0.0
1090508,154.0,154.5,152.0,154.5,69.0,0.0,0.0,0.0,0.0,0.0,0.0
1090511,155.0,160.5,153.0,157.5,108.0,0.0,0.0,0.0,0.0,0.0,0.0
1090512,160.0,160.0,152.5,155.0,71.0,0.0,0.0,0.0,0.0,0.0,0.0
1090513,155.0,155.0,152.5,155.0,68.0,0.0,0.0,0.0,0.0,0.0,0.0
1090514,153.0,155.5,150.0,154.5,87.0,0.0,0.0,0.0,0.0,0.0,0.0
1090515,153.5,154.0,151.5,153.0,116.0,0.0,0.0,0.0,0.0,0.0,0.0
1090518,151.5,152.0,149.5,151.0,96.0,0.0,0.0,0.0,0.0,0.0,0.0
1090519,151.0,151.0,149.0,150.5,67.0,0.0,0.0,0.0,0.0,0.0,0.0
1090520,150.5,153.0,149.5,151.0,102.0,0.0,0.0,0.0,0.0,0.0,0.0
1090521,153.0,162.5,152.5,159.0,507.0,0.0,0.0,0.0,0.0,0.0,0.0
1090522,155.0,159.5,153.5,157.5,288.0,0.0,0.0,0.0,0.0,0.0,0.0
1090525,160.0,181.0,158.5,173.5,1136.0,0.0,0.0,0.0,0.0,0.0,0.0
1090526,176.0,191.5,169.0,171.0,631.0,0.0,0.0,0.0,0.0,0.0,0.0
1090527,172.0,173.0,161.0,161.0,355.0,0.0,0.0,0.0,0.0,0.0,0.0
1090528,161.0,162.0,153.5,154.5,314.0,0.0,0.0,0.0,0.0,0.0,0.0
1090529,154.0,157.5,152.0,155.0,139.0,0.0,0.0,0.0,0.0,0.0,0.0
1090601,153.0,156.5,153.0,155.0,83.0,0.0,0.0,0.0,0.0,0.0,0.0
1090602,156.0,164.5,153.5,157.0,377.0,0.0,0.0,0.0,0.0,0.0,0.0
1090603,160.0,160.0,154.5,157.0,81.0,0.0,0.0,0.0,0.0,0.0,0.0
1090604,159.0,159.0,154.5,155.0,108.0,0.0,0.0,0.0,0.0,0.0,0.0
1090605,154.0,154.0,149.5,151.5,509.0,0.0,0.0,0.0,0.0,0.0,0.0
1090608,150.5,152.0,147.0,151.0,395.0,0.0,0.0,0.0,0.0,0.0,0.0
1090609,148.0,149.0,141.5,147.5,492.0,0.0,0.0,0.0,0.0,0.0,0.0
1090610,145.0,145.5,139.5,145.0,201.0,0.0,0.0,0.0,0.0,0.0,0.0
1090611,145.5,147.5,143.0,146.0,150.0,0.0,0.0,0.0,0.0,0.0,0.0
1090612,145.0,145.0,141.5,144.0,58.0,0.0,0.0,0.0,0.0,0.0,0.0
1090615,144.0,145.5,142.5,143.5,188.0,0.0,0.0,0.0,0.0,0.0,0.0
1090616,143.0,147.0,142.0,144.5,90.0,0.0,0.0,0.0,0.0,0.0,0.0
1090617,143.0,146.0,142.5,144.0,137.0,0.0,0.0,0.0,0.0,0.0,0.0
1090618,142.5,144.5,141.5,143.0,154.0,0.0,0.0,0.0,0.0,0.0,0.0
1090619,143.5,143.5,139.5,142.0,228.0,0.0,0.0,0.0,0.0,0.0,0.0
1090622,142.5,156.0,140.5,152.5,245.0,0.0,0.0,0.0,0.0,0.0,0.0
1090623,152.5,153.5,145.5,148.5,126.0,0.0,0.0,0.0,0.0,0.0,0.0
1090624,151.0,151.5,148.5,151.0,168.0,0.0,0.0,0.0,0.0,0.0,0.0
1090629,150.0,151.0,144.5,145.5,101.0,0.0,0.0,0.0,0.0,0.0,0.0
1090630,150.0,163.0,149.5,150.0,109.0,0.0,0.0,0.0,0.0,0.0,0.0
1090701,151.5,151.5,145.0,146.0,81.0,0.0,0.0,0.0,0.0,0.0,0.0
1090702,147.5,148.0,145.0,147.0,60.0,0.0,0.0,0.0,0.0,0.0,0.0
1090703,148.0,148.0,144.5,146.5,73.0,0.0,0.0,0.0,0.0,0.0,0.0
1090706,147.0,170.0,147.0,155.0,317.0,0.0,0.0,0.0,0.0,0.0,0.0
1090707,156.0,159.5,149.0,151.0,68.0,0.0,0.0,0.0,0.0,0.0,0.0
1090708,153.0,171.0,150.0,168.0,1202.0,0.0,0.0,0.0,0.0,0.0,0.0
1090709,168.0,181.0,168.0,179.0,1457.0,0.0,0.0,0.0,0.0,0.0,0.0
1090710,180.0,188.5,172.5,183.0,1319.0,0.0,0.0,0.0,0.0,0.0,0.0
1090713,185.0,185.0,178.0,181.0,663.0,0.0,0.0,0.0,0.0,0.0,0.0
1090714,181.5,181.5,177.5,179.5,393.0,0.0,0.0,0.0,0.0,0.0,0.0
1090715,179.5,181.0,170.0,172.5,358.0,0.0,0.0,0.0,0.0,0.0,0.0
1090716,173.0,180.0,167.5,178.0,292.0,0.0,0.0,0.0,0.0,0.0,0.0
1090717,180.0,180.0,170.0,172.0,293.0,0.0,0.0,0.0,0.0,0.0,0.0
1090720,174.5,174.5,168.0,170.0,159.0,0.0,0.0,0.0,0.0,0.0,0.0
1090721,171.0,176.5,171.0,175.5,145.0,0.0,0.0,0.0,0.0,0.0,0.0
1090722,180.0,180.0,174.0,174.0,109.0,0.0,0.0,0.0,0.0,0.0,0.0
1090723,178.0,178.0,169.5,169.5,131.0,0.0,0.0,0.0,0.0,0.0,0.0
1090724,173.0,173.5,166.0,169.0,127.0,0.0,0.0,0.0,0.0,0.0,0.0
1090727,173.5,173.5,159.5,160.5,231.0,0.0,0.0,0.0,0.0,0.0,0.0
1090728,163.0,164.5,157.0,160.0,106.0,0.0,0.0,0.0,0.0,0.0,0.0
1090729,160.5,168.5,160.0,168.0,126.0,0.0,0.0,0.0,0.0,0.0,0.0
1090730,168.0,173.0,167.0,172.5,158.0,0.0,0.0,0.0,0.0,0.0,0.0
1090731,172.5,173.5,166.0,168.0,68.0,0.0,0.0,0.0,0.0,0.0,0.0
1090803,170.5,171.5,166.0,169.0,73.0,0.0,0.0,0.0,0.0,0.0,0.0
1090804,169.5,169.5,163.0,164.0,132.0,0.0,0.0,0.0,0.0,0.0,0.0
1090805,166.0,166.0,161.5,163.0,63.0,0.0,0.0,0.0,0.0,0.0,0.0
1090806,161.0,162.5,160.0,162.0,97.0,0.0,0.0,0.0,0.0,0.0,0.0
1090807,162.5,186.0,162.5,176.5,717.0,0.0,0.0,0.0,0.0,0.0,0.0
1090810,177.0,177.5,167.0,169.5,180.0,0.0,0.0,0.0,0.0,0.0,0.0
1090811,173.5,175.0,166.5,168.5,122.0,0.0,0.0,0.0,0.0,0.0,0.0
1090812,172.0,181.0,171.0,180.0,730.0,0.0,0.0,0.0,0.0,0.0,0.0
1090813,178.0,181.0,176.0,178.0,175.0,0.0,0.0,0.0,0.0,0.0,0.0
1090814,174.5,177.5,173.0,176.5,116.0,0.0,0.0,0.0,0.0,0.0,0.0
1090817,173.5,179.0,173.5,177.5,121.0,0.0,0.0,0.0,0.0,0.0,0.0
1090818,177.5,180.5,175.5,178.5,99.0,0.0,0.0,0.0,0.0,0.0,0.0
1090819,177.5,183.0,177.5,183.0,556.0,0.0,0.0,0.0,0.0,0.0,0.0
1090820,182.5,188.0,179.0,181.5,582.0,0.0,0.0,0.0,0.0,0.0,0.0
1090821,182.0,186.0,180.0,186.0,337.0,0.0,0.0,0.0,0.0,0.0,0.0
1090824,188.5,206.0,183.5,206.0,1034.0,0.0,0.0,0.0,0.0,0.0,0.0
1090825,207.0,215.5,201.0,204.0,814.0,0.0,0.0,0.0,0.0,0.0,0.0
1090826,208.0,222.0,202.0,210.5,560.0,0.0,0.0,0.0,0.0,0.0,0.0
1090827,210.5,215.0,205.0,209.0,353.0,0.0,0.0,0.0,0.0,0.0,0.0
1090828,211.0,211.0,205.0,207.0,179.0,0.0,0.0,0.0,0.0,0.0,0.0
1090831,208.5,209.5,206.0,208.0,146.0,0.0,0.0,0.0,0.0,0.0,0.0
1090901,209.0,210.0,206.0,208.5,174.0,0.0,0.0,0.0,0.0,0.0,0.0
1090902,208.5,210.0,206.0,207.5,113.0,0.0,0.0,0.0,0.0,0.0,0.0
1090903,208.5,208.5,198.0,198.5,405.0,0.0,0.0,0.0,0.0,0.0,0.0
1090904,198.0,200.0,190.0,195.5,186.0,0.0,0.0,0.0,0.0,0.0,0.0
1090907,190.5,212.0,190.5,212.0,395.0,0.0,0.0,0.0,0.0,0.0,0.0
1090908,215.0,215.0,209.0,212.5,256.0,0.0,0.0,0.0,0.0,0.0,0.0
1090909,209.0,213.0,204.0,212.0,168.0,0.0,0.0,0.0,0.0,0.0,0.0
1090910,214.0,234.0,212.5,229.0,573.0,0.0,0.0,0.0,0.0,0.0,0.0
1090911,230.0,236.0,218.5,226.5,451.0,0.0,0.0,0.0,0.0,0.0,0.0
1090914,220.0,230.0,220.0,223.5,278.0,0.0,0.0,0.0,0.0,0.0,0.0
1090915,225.0,228.5,219.0,223.0,262.0,0.0,0.0,0.0,0.0,0.0,0.0
1090916,225.0,226.0,221.0,224.5,212.0,0.0,0.0,0.0,0.0,0.0,0.0
1090917,224.0,225.0,220.0,221.5,116.0,0.0,0.0,0.0,0.0,0.0,0.0
1090918,221.5,221.5,216.0,220.0,217.0,0.0,0.0,0.0,0.0,0.0,0.0
1090921,219.5,228.5,218.0,222.0,180.0,0.0,0.0,0.0,0.0,0.0,0.0
1090922,222.0,222.0,214.0,218.0,198.0,0.0,0.0,0.0,0.0,0.0,0.0
1090923,218.0,221.0,212.0,215.5,144.0,0.0,0.0,0.0,0.0,0.0,0.0
1090924,215.5,215.5,204.5,208.0,274.0,0.0,0.0,0.0,0.0,0.0,0.0
1090925,209.0,210.5,193.0,199.5,310.0,0.0,0.0,0.0,0.0,0.0,0.0
1090928,199.0,200.0,196.0,198.0,68.0,0.0,0.0,0.0,0.0,0.0,0.0
1090929,195.0,208.0,195.0,205.5,179.0,0.0,0.0,0.0,0.0,0.0,0.0
1090930,210.0,210.0,200.0,205.0,34.0,0.0,0.0,0.0,0.0,0.0,0.0
1091005,206.0,211.0,203.0,211.0,227.0,0.0,0.0,0.0,0.0,0.0,0.0
1091006,215.5,216.0,209.5,210.5,150.0,0.0,0.0,0.0,0.0,0.0,0.0
1091007,212.0,214.0,210.0,213.0,126.0,0.0,0.0,0.0,0.0,0.0,0.0
1091008,215.0,224.0,213.0,224.0,310.0,0.0,0.0,0.0,0.0,0.0,0.0
1091012,224.0,231.0,222.0,226.0,318.0,0.0,0.0,0.0,0.0,0.0,0.0
1091013,223.5,230.5,223.0,226.5,264.0,0.0,0.0,0.0,0.0,0.0,0.0
1091014,227.0,230.0,226.5,229.5,268.0,0.0,0.0,0.0,0.0,0.0,0.0
1091015,229.0,232.5,216.0,221.0,348.0,0.0,0.0,0.0,0.0,0.0,0.0
1091016,222.0,227.0,213.0,215.0,341.0,0.0,0.0,0.0,0.0,0.0,0.0
1091019,213.0,213.0,203.0,207.0,438.0,0.0,0.0,0.0,0.0,0.0,0.0
1091020,206.5,210.0,202.5,210.0,174.0,0.0,0.0,0.0,0.0,0.0,0.0
1091021,210.0,210.0,206.0,208.0,61.0,0.0,0.0,0.0,0.0,0.0,0.0
1091022,208.0,208.0,203.0,205.0,124.0,0.0,0.0,0.0,0.0,0.0,0.0
1091023,206.5,206.5,202.0,205.0,112.0,0.0,0.0,0.0,0.0,0.0,0.0
1091026,204.0,206.0,202.0,204.5,89.0,0.0,0.0,0.0,0.0,0.0,0.0
1091027,203.0,204.5,202.0,203.5,55.0,0.0,0.0,0.0,0.0,0.0,0.0
1091028,203.0,206.5,202.0,204.5,112.0,0.0,0.0,0.0,0.0,0.0,0.0
1091029,202.5,204.0,199.5,203.0,105.0,0.0,0.0,0.0,0.0,0.0,0.0
1091030,200.5,205.5,200.5,203.5,67.0,0.0,0.0,0.0,0.0,0.0,0.0
1091102,202.0,202.5,199.0,200.5,123.0,0.0,0.0,0.0,0.0,0.0,0.0
1091103,203.5,206.0,202.5,204.5,93.0,0.0,0.0,0.0,0.0,0.0,0.0
1091104,208.0,210.0,205.0,208.0,85.0,0.0,0.0,0.0,0.0,0.0,0.0
1091105,209.5,209.5,179.0,194.0,1064.0,0.0,0.0,0.0,0.0,0.0,0.0
1091106,194.0,195.5,191.5,194.0,147.0,0.0,0.0,0.0,0.0,0.0,0.0
1091109,197.5,197.5,193.0,195.0,84.0,0.0,0.0,0.0,0.0,0.0,0.0
1091110,193.0,195.0,186.5,188.5,132.0,0.0,0.0,0.0,0.0,0.0,0.0
1091111,186.5,188.0,186.0,188.0,66.0,0.0,0.0,0.0,0.0,0.0,0.0
1091112,186.0,186.0,182.5,185.0,51.0,0.0,0.0,0.0,0.0,0.0,0.0
1091113,185.0,192.0,185.0,191.5,67.0,0.0,0.0,0.0,0.0,0.0,0.0
1091116,195.0,197.0,192.5,196.0,59.0,0.0,0.0,0.0,0.0,0.0,0.0
1091117,194.5,196.5,194.0,195.5,95.0,0.0,0.0,0.0,0.0,0.0,0.0
1091118,197.0,197.0,194.0,195.0,69.0,0.0,0.0,0.0,0.0,0.0,0.0
1091119,196.0,196.0,192.0,192.5,43.0,0.0,0.0,0.0,0.0,0.0,0.0
1091120,191.5,195.5,191.0,192.5,64.0,0.0,0.0,0.0,0.0,0.0,0.0
1091123,193.0,193.5,191.0,192.0,73.0,0.0,0.0,0.0,0.0,0.0,0.0
1091124,193.0,193.0,187.0,189.0,70.0,0.0,0.0,0.0,0.0,0.0,0.0
1091125,189.0,191.0,186.5,188.5,38.0,0.0,0.0,0.0,0.0,0.0,0.0
1091126,189.0,189.0,187.0,188.5,58.0,0.0,0.0,0.0,0.0,0.0,0.0
1091127,189.5,189.5,186.0,187.5,69.0,0.0,0.0,0.0,0.0,0.0,0.0
1091130,189.0,189.0,184.0,185.5,83.0,0.0,0.0,0.0,0.0,0.0,0.0
1091201,184.5,186.0,184.0,185.5,64.0,0.0,0.0,0.0,0.0,0.0,0.0
1091202,185.0,187.5,184.5,187.5,82.0,0.0,0.0,0.0,0.0,0.0,0.0
1091203,187.5,188.5,187.0,188.5,102.0,0.0,0.0,0.0,0.0,0.0,0.0
1091204,189.0,198.0,187.5,198.0,339.0,0.0,0.0,0.0,0.0,0.0,0.0
1091207,198.0,202.0,194.0,195.5,222.0,0.0,0.0,0.0,0.0,0.0,0.0
1091208,196.0,200.0,191.0,193.0,133.0,0.0,0.0,0.0,0.0,0.0,0.0
1091209,193.0,193.5,189.5,191.0,59.0,0.0,0.0,0.0,0.0,0.0,0.0
1091210,191.0,191.5,188.5,190.0,149.0,0.0,0.0,0.0,0.0,0.0,0.0
1091211,188.5,190.5,184.0,186.5,222.0,0.0,0.0,0.0,0.0,0.0,0.0
1091214,187.5,188.5,184.0,185.5,127.0,0.0,0.0,0.0,0.0,0.0,0.0
1091215,187.0,195.0,186.5,188.5,125.0,0.0,0.0,0.0,0.0,0.0,0.0
1091216,188.0,188.0,184.5,186.0,183.0,0.0,0.0,0.0,0.0,0.0,0.0
1091217,184.0,187.0,184.0,187.0,138.0,0.0,0.0,0.0,0.0,0.0,0.0
1091218,187.0,192.0,186.5,190.0,240.0,0.0,0.0,0.0,0.0,0.0,0.0
1091221,190.0,190.5,183.0,185.0,186.0,0.0,0.0,0.0,0.0,0.0,0.0
1091222,185.0,187.0,183.0,185.0,108.0,0.0,0.0,0.0,0.0,0.0,0.0
1091223,186.0,188.0,183.5,185.5,170.0,0.0,0.0,0.0,0.0,0.0,0.0
1091224,187.0,187.0,174.0,177.5,552.0,0.0,0.0,0.0,0.0,0.0,0.0
1091225,180.0,180.0,173.0,174.5,198.0,0.0,0.0,0.0,0.0,0.0,0.0
1091228,175.5,178.0,174.0,175.5,173.0,0.0,0.0,0.0,0.0,0.0,0.0
1091229,174.5,175.5,172.5,174.0,100.0,0.0,0.0,0.0,0.0,0.0,0.0
1091230,174.5,176.0,174.0,175.5,173.0,0.0,0.0,0.0,0.0,0.0,0.0
1091231,176.5,176.5,174.0,176.0,115.0,0.0,0.0,0.0,0.0,0.0,0.0
1100104,176.0,192.5,175.5,192.5,449.0,0.0,0.0,0.0,0.0,0.0,0.0
1100105,192.0,200.0,183.5,186.0,470.0,0.0,0.0,0.0,0.0,0.0,0.0
1100106,189.0,189.0,177.5,180.5,458.0,0.0,0.0,0.0,0.0,0.0,0.0
1100107,181.0,189.0,177.0,184.0,331.0,0.0,0.0,0.0,0.0,0.0,0.0
1100108,165.5,176.0,160.5,172.5,2250.0,0.0,0.0,1298.0,0.0,0.0,1298.0
1100111,175.0,185.0,173.5,177.0,1238.0,0.0,0.0,1271.0,0.0,0.0,1271.0
1100112,175.5,180.0,174.0,174.0,587.0,0.0,0.0,1273.0,0.0,0.0,1273.0
1100113,176.5,178.0,175.0,177.5,350.0,0.0,0.0,1267.0,0.0,0.0,1267.0
1100114,179.0,183.5,178.5,182.5,573.0,0.0,0.0,1252.0,0.0,0.0,1252.0
1100115,187.0,200.5,186.0,200.5,1839.0,0.0,0.0,1214.0,0.0,0.0,1214.0
1100118,201.0,220.5,200.5,220.5,1070.0,0.0,0.0,1159.0,0.0,0.0,1159.0
1100119,242.5,242.5,242.5,242.5,662.0,0.0,0.0,1107.0,0.0,0.0,1107.0
1100120,258.0,260.0,219.0,243.5,2824.0,0.0,0.0,1118.0,0.0,0.0,1118.0
1100121,230.0,244.0,228.0,236.0,1036.0,0.0,0.0,1189.0,0.0,0.0,1189.0
1100122,238.5,242.0,232.0,241.0,867.0,0.0,0.0,1146.0,0.0,0.0,1146.0
1100125,240.0,253.0,235.0,240.0,1271.0,0.0,0.0,912.0,0.0,0.0,912.0
1100126,236.5,240.5,222.5,222.5,1324.0,0.0,0.0,1018.0,0.0,0.0,1018.0
1100127,225.0,237.5,225.0,228.0,669.0,0.0,0.0,1031.0,0.0,0.0,1031.0
1100128,222.5,230.0,222.5,228.0,524.0,0.0,0.0,1015.0,0.0,0.0,1015.0
1100129,230.0,234.5,225.0,226.0,526.0,0.0,0.0,975.0,0.0,0.0,975.0
1100201,227.5,227.5,215.0,217.0,516.0,0.0,0.0,1065.0,0.0,0.0,1065.0
1100202,230.0,238.5,225.5,238.5,1385.0,0.0,0.0,965.0,0.0,0.0,965.0
1100203,234.0,240.5,229.5,233.0,1035.0,0.0,0.0,1172.0,0.0,0.0,1172.0
1100204,236.0,255.0,234.5,250.0,1481.0,0.0,0.0,1189.0,0.0,0.0,1189.0
1100205,249.5,251.5,245.0,245.0,748.0,0.0,0.0,1197.0,0.0,0.0,1197.0
1100217,250.0,257.0,243.0,250.0,861.0,0.0,0.0,1251.0,0.0,0.0,1251.0
1100218,251.0,267.5,248.0,267.0,1324.0,0.0,0.0,1323.0,0.0,0.0,1323.0
1100219,262.5,265.0,255.5,256.0,1244.0,0.0,0.0,1095.0,0.0,0.0,1095.0
1100222,259.5,268.0,256.5,263.5,793.0,0.0,0.0,1147.0,0.0,0.0,1147.0
1100223,261.5,265.0,254.5,254.5,840.0,0.0,0.0,1043.0,0.0,0.0,1043.0
1100224,254.0,263.5,250.0,257.5,650.0,0.0,0.0,1110.0,0.0,0.0,1110.0
1100225,263.0,266.5,256.5,257.0,681.0,0.0,0.0,1058.0,0.0,0.0,1058.0
1100226,253.5,261.0,251.5,261.0,422.0,0.0,0.0,1120.0,0.0,0.0,1120.0
1100302,265.0,265.0,257.5,259.5,375.0,0.0,0.0,1111.0,0.0,0.0,1111.0
1100303,269.0,285.0,261.5,285.0,1441.0,0.0,0.0,1198.0,0.0,0.0,1198.0
1100304,280.0,294.0,277.0,288.0,1181.0,0.0,0.0,1189.0,0.0,0.0,1189.0
1100305,285.0,316.5,284.0,316.5,1354.0,0.0,0.0,1185.0,0.0,0.0,1185.0
1100308,348.0,348.0,336.0,343.0,2675.0,0.0,0.0,1371.0,0.0,0.0,1371.0
1100309,332.0,355.0,326.5,346.5,1740.0,0.0,0.0,1495.0,0.0,0.0,1495.0
1100310,334.5,345.0,323.0,325.0,1655.0,0.0,0.0,1536.0,0.0,0.0,1536.0
1100311,337.0,357.5,334.0,357.5,2197.0,0.0,0.0,1787.0,0.0,0.0,1787.0
1100312,356.0,360.5,348.5,360.0,1128.0,0.0,0.0,1784.0,0.0,0.0,1784.0
1100315,354.0,360.5,350.5,355.5,768.0,0.0,0.0,1946.0,0.0,0.0,1946.0
1100316,361.0,385.0,356.0,376.5,1066.0,0.0,0.0,2038.0,0.0,0.0,2038.0
1100317,373.5,414.0,373.5,412.5,1536.0,0.0,0.0,2126.0,0.0,0.0,2126.0
1100318,411.0,423.0,402.0,410.5,1229.0,0.0,0.0,2147.0,0.0,0.0,2147.0
1100319,406.0,433.5,406.0,430.0,773.0,0.0,0.0,2137.0,0.0,0.0,2137.0
1100322,427.0,440.5,415.0,417.0,1062.0,0.0,0.0,2097.0,0.0,0.0,2097.0
1100323,431.5,454.5,375.5,375.5,2199.0,0.0,0.0,2412.0,0.0,0.0,2412.0
1100324,385.0,410.0,382.0,410.0,1704.0,0.0,0.0,2636.0,0.0,0.0,2636.0
1100325,419.5,428.5,404.5,419.0,853.0,0.0,0.0,2509.0,0.0,0.0,2509.0
1100326,420.0,424.5,407.0,421.0,743.0,0.0,0.0,2501.0,0.0,0.0,2501.0
1100329,426.0,463.0,423.0,463.0,1391.0,0.0,0.0,2676.0,0.0,0.0,2676.0
1100330,471.0,496.0,464.0,489.0,961.0,0.0,0.0,2548.0,0.0,0.0,2548.0
1100331,479.0,483.5,457.0,467.5,1353.0,0.0,0.0,2462.0,0.0,0.0,2462.0
1100401,482.0,490.0,474.5,490.0,688.0,0.0,0.0,2474.0,0.0,0.0,2474.0
1100406,505.0,510.0,485.0,487.0,917.0,0.0,0.0,2332.0,0.0,0.0,2332.0
1100407,485.0,495.0,458.0,482.5,1124.0,0.0,0.0,2389.0,0.0,0.0,2389.0
1100408,486.0,495.0,479.0,479.5,505.0,0.0,0.0,2354.0,0.0,0.0,2354.0
1100409,486.0,488.0,468.0,476.0,469.0,0.0,0.0,2361.0,0.0,0.0,2361.0
1100412,482.0,483.5,468.5,472.0,435.0,0.0,0.0,2344.0,0.0,0.0,2344.0
1100413,467.5,476.0,427.5,440.0,1504.0,0.0,0.0,2507.0,0.0,0.0,2507.0
1100414,460.0,465.5,410.0,456.0,1017.0,0.0,0.0,2526.0,0.0,0.0,2526.0
1100415,455.5,458.5,446.0,452.5,375.0,0.0,0.0,2512.0,0.0,0.0,2512.0
1100416,455.0,457.5,447.5,452.0,333.0,0.0,0.0,2492.0,0.0,0.0,2492.0
1100419,453.0,459.0,441.5,444.0,382.0,0.0,0.0,2435.0,0.0,0.0,2435.0
1100420,438.0,440.5,406.0,426.0,1146.0,0.0,0.0,2508.0,0.0,0.0,2508.0
1100421,427.0,435.0,423.0,428.0,296.0,0.0,0.0,2490.0,0.0,0.0,2490.0
1100422,430.5,435.5,415.0,417.0,416.0,0.0,0.0,2465.0,0.0,0.0,2465.0
1100423,411.0,419.5,411.0,419.0,235.0,0.0,0.0,2505.0,0.0,0.0,2505.0
1100426,421.5,447.5,421.5,439.0,493.0,0.0,0.0,2409.0,0.0,0.0,2409.0
1100427,444.0,444.0,433.0,439.0,286.0,0.0,0.0,2371.0,0.0,0.0,2371.0
1100428,443.0,443.5,431.0,434.5,221.0,0.0,0.0,2323.0,0.0,0.0,2323.0
1100429,434.5,440.0,426.0,435.0,263.0,0.0,0.0,2317.0,0.0,0.0,2317.0
1100503,436.5,443.0,432.0,432.0,256.0,0.0,0.0,2299.0,0.0,0.0,2299.0
1100504,447.5,447.5,406.5,410.0,795.0,0.0,0.0,2263.0,0.0,0.0,2263.0
1100505,410.5,415.0,377.0,381.0,1055.0,0.0,0.0,2293.0,0.0,0.0,2293.0
1100506,393.0,398.5,379.0,385.0,555.0,0.0,0.0,2283.0,0.0,0.0,2283.0
1100507,390.0,395.0,385.0,390.0,361.0,0.0,0.0,2298.0,0.0,0.0,2298.0
1100510,390.0,397.5,386.5,387.0,233.0,0.0,0.0,2260.0,0.0,0.0,2260.0
1100511,380.0,380.5,348.5,351.0,1266.0,0.0,0.0,2326.0,0.0,0.0,2326.0
1100512,352.0,377.5,334.5,356.0,799.0,0.0,0.0,2337.0,0.0,0.0,2337.0
1100513,350.5,370.0,342.5,360.5,363.0,0.0,0.0,2326.0,0.0,0.0,2326.0
1100514,367.0,396.5,365.0,396.5,714.0,0.0,0.0,2355.0,0.0,0.0,2355.0
1100517,373.0,404.0,373.0,391.0,1086.0,0.0,0.0,2194.0,0.0,0.0,2194.0
1100518,397.0,430.0,392.0,426.0,664.0,0.0,0.0,2184.0,0.0,0.0,2184.0
1100519,420.0,428.5,413.0,422.5,404.0,0.0,0.0,2189.0,0.0,0.0,2189.0
1100520,429.0,445.0,425.5,426.0,537.0,0.0,0.0,2199.0,0.0,0.0,2199.0
1100521,430.0,437.0,426.0,427.5,412.0,0.0,0.0,2204.0,0.0,0.0,2204.0
1100524,427.5,434.5,427.5,428.0,266.0,0.0,0.0,2210.0,0.0,0.0,2210.0
1100525,439.0,439.0,429.0,432.0,276.0,0.0,0.0,2278.0,0.0,0.0,2278.0
1100526,437.0,475.0,435.0,475.0,687.0,0.0,0.0,2353.0,0.0,0.0,2353.0
1100527,479.0,492.5,460.0,460.0,1120.0,0.0,0.0,2373.0,0.0,0.0,2373.0
1100528,474.0,474.0,461.0,470.0,264.0,0.0,0.0,2372.0,0.0,0.0,2372.0
1100531,476.0,476.0,463.0,467.5,303.0,0.0,0.0,2369.0,0.0,0.0,2369.0
1100601,470.5,474.0,465.5,467.0,222.0,0.0,0.0,2379.0,0.0,0.0,2379.0
1100602,471.5,476.0,435.0,435.0,793.0,0.0,0.0,2428.0,0.0,0.0,2428.0
1100603,440.0,444.5,427.0,437.0,446.0,0.0,0.0,2493.0,0.0,0.0,2493.0
1100604,443.0,443.0,427.0,431.5,305.0,0.0,0.0,2464.0,0.0,0.0,2464.0
1100607,433.5,453.0,425.5,447.5,416.0,0.0,0.0,2527.0,0.0,0.0,2527.0
1100608,459.0,469.5,452.0,460.5,391.0,0.0,0.0,2540.0,0.0,0.0,2540.0
1100609,466.0,470.0,452.0,452.0,341.0,0.0,0.0,2519.0,0.0,0.0,2519.0
1100610,458.0,468.0,453.0,455.5,351.0,0.0,0.0,2536.0,0.0,0.0,2536.0
1100611,474.5,474.5,450.0,450.5,302.0,0.0,0.0,2485.0,0.0,0.0,2485.0
1100615,453.0,454.0,438.0,438.5,333.0,0.0,0.0,2475.0,0.0,0.0,2475.0
1100616,438.0,442.0,418.0,418.0,569.0,0.0,0.0,2443.0,0.0,0.0,2443.0
1100617,418.0,428.5,408.0,420.0,256.0,0.0,0.0,2471.0,0.0,0.0,2471.0
1100618,420.5,436.5,420.5,430.5,260.0,0.0,0.0,2496.0,0.0,0.0,2496.0
1100621,432.5,433.0,417.5,420.0,262.0,0.0,0.0,2482.0,0.0,0.0,2482.0
1100622,425.5,427.0,415.0,415.5,217.0,0.0,0.0,2446.0,0.0,0.0,2446.0
1100623,419.0,425.5,412.0,416.0,213.0,0.0,0.0,2437.0,0.0,0.0,2437.0
1100624,421.0,423.0,413.0,415.0,162.0,0.0,0.0,2429.0,0.0,0.0,2429.0
1100625,419.0,421.0,415.0,419.0,166.0,0.0,0.0,2413.0,0.0,0.0,2413.0
1100628,419.0,452.5,416.5,427.5,536.0,0.0,0.0,2407.0,0.0,0.0,2407.0
1100629,428.5,429.5,415.0,415.0,319.0,0.0,0.0,2333.0,0.0,0.0,2333.0
1100630,414.0,418.0,408.0,415.5,200.0,0.0,0.0,2291.0,0.0,0.0,2291.0
1100701,418.5,420.0,405.0,420.0,390.0,0.0,0.0,2253.0,0.0,0.0,2253.0
1100702,427.0,427.5,415.0,417.0,271.0,0.0,0.0,2267.0,0.0,0.0,2267.0
1100705,420.0,421.5,408.0,421.0,402.0,0.0,0.0,2259.0,0.0,1.0,2260.0
1100706,423.0,427.0,416.0,421.5,281.0,0.0,0.0,2215.0,0.0,0.0,2215.0
1100707,422.0,422.0,413.5,414.0,285.0,0.0,0.0,2178.0,0.0,0.0,2178.0
1100708,405.0,405.0,373.0,376.0,1114.0,0.0,0.0,2113.0,0.0,0.0,2113.0
1100709,370.5,378.5,354.0,360.0,521.0,0.0,0.0,2120.0,0.0,0.0,2120.0
1100712,359.0,368.0,340.5,343.5,584.0,0.0,0.0,2152.0,0.0,0.0,2152.0
1100713,343.5,358.5,334.0,344.0,516.0,0.0,0.0,2100.0,0.0,0.0,2100.0
1100714,347.5,347.5,334.0,335.5,353.0,0.0,0.0,2049.0,0.0,0.0,2049.0
1100715,335.0,335.0,318.0,320.0,629.0,0.0,0.0,2157.0,0.0,0.0,2157.0
1100716,338.0,352.0,332.5,352.0,437.0,0.0,0.0,2179.0,0.0,0.0,2179.0
1100719,359.0,383.0,359.0,365.0,857.0,0.0,0.0,1966.0,0.0,0.0,1966.0
1100720,353.5,359.5,338.0,339.5,508.0,0.0,0.0,1912.0,0.0,0.0,1912.0
1100721,342.0,344.5,321.0,326.5,478.0,0.0,0.0,1908.0,0.0,0.0,1908.0
1100722,327.0,330.5,295.0,299.5,906.0,0.0,0.0,2062.0,0.0,0.0,2062.0
1100723,325.0,325.0,301.0,305.5,642.0,0.0,0.0,2173.0,0.0,0.0,2173.0
1100726,307.0,319.0,306.5,311.0,302.0,0.0,0.0,2207.0,0.0,0.0,2207.0
1100727,315.5,316.5,296.5,297.0,415.0,0.0,0.0,2108.0,0.0,0.0,2108.0
1100728,290.0,298.0,277.0,297.0,669.0,0.0,0.0,2220.0,0.0,0.0,2220.0
1100729,303.0,312.0,298.0,308.0,324.0,0.0,0.0,2199.0,0.0,0.0,2199.0
1100730,308.0,308.0,292.0,292.0,419.0,0.0,0.0,2046.0,0.0,0.0,2046.0
1100802,291.0,298.0,283.5,298.0,234.0,0.0,0.0,2100.0,0.0,0.0,2100.0
1100803,307.5,307.5,287.0,287.0,307.0,0.0,0.0,1981.0,0.0,0.0,1981.0
1100804,293.0,312.5,293.0,300.0,562.0,0.0,0.0,1986.0,0.0,0.0,1986.0
1100805,305.5,305.5,293.5,294.5,277.0,0.0,0.0,1924.0,0.0,0.0,1924.0
1100806,297.0,298.5,291.0,294.5,206.0,0.0,0.0,1866.0,0.0,0.0,1866.0
1100809,294.0,295.0,281.0,281.0,407.0,0.0,0.0,1764.0,0.0,0.0,1764.0
1100810,288.0,294.5,284.0,291.0,373.0,0.0,0.0,1815.0,0.0,0.0,1815.0
1100811,292.0,295.0,281.5,282.0,312.0,0.0,0.0,1746.0,0.0,0.0,1746.0
1100812,287.5,294.5,283.5,292.0,383.0,0.0,0.0,1852.0,0.0,0.0,1852.0
1100813,299.5,306.5,294.0,297.0,470.0,0.0,0.0,1836.0,0.0,0.0,1836.0
1100816,302.0,302.5,284.0,287.0,410.0,0.0,0.0,1779.0,0.0,0.0,1779.0
1100817,291.5,291.5,279.5,281.0,375.0,0.0,0.0,1841.0,0.0,0.0,1841.0
1100818,281.0,283.0,263.0,271.0,580.0,0.0,0.0,1822.0,0.0,0.0,1822.0
1100819,270.0,279.0,265.0,269.0,341.0,0.0,0.0,1854.0,0.0,0.0,1854.0
1100820,270.0,274.0,267.0,270.0,152.0,0.0,0.0,1878.0,0.0,0.0,1878.0
1100823,274.5,285.0,271.5,279.5,343.0,0.0,0.0,1964.0,0.0,0.0,1964.0
1100824,284.0,286.0,273.0,274.0,299.0,0.0,0.0,1927.0,0.0,0.0,1927.0
1100825,274.5,277.5,272.0,275.5,139.0,0.0,0.0,1960.0,0.0,0.0,1960.0
1100826,288.0,303.0,282.0,303.0,652.0,0.0,0.0,1983.0,0.0,0.0,1983.0
1100827,308.0,315.5,302.0,308.5,891.0,0.0,0.0,1906.0,0.0,0.0,1906.0
1100830,311.0,311.0,301.5,301.5,467.0,0.0,0.0,1821.0,0.0,0.0,1821.0
1100831,301.5,304.5,292.5,296.5,340.0,0.0,0.0,1792.0,0.0,0.0,1792.0
1100901,297.0,306.0,297.0,304.0,263.0,0.0,0.0,1765.0,0.0,0.0,1765.0
1100902,303.0,303.0,286.5,286.5,567.0,0.0,0.0,1671.0,0.0,0.0,1671.0
1100903,287.0,289.0,277.5,282.5,386.0,0.0,0.0,1677.0,0.0,0.0,1677.0
1100906,286.0,286.0,277.5,277.5,237.0,0.0,0.0,1635.0,0.0,0.0,1635.0
1100907,277.5,281.5,275.0,275.5,224.0,0.0,0.0,1607.0,0.0,0.0,1607.0
1100908,277.0,278.0,273.0,273.5,162.0,0.0,0.0,1577.0,0.0,0.0,1577.0
1100909,271.5,273.0,263.0,267.0,422.0,0.0,0.0,1533.0,0.0,0.0,1533.0
1100910,268.5,271.5,264.0,267.5,229.0,0.0,0.0,1521.0,0.0,0.0,1521.0
1100913,270.0,272.0,264.0,264.0,217.0,0.0,0.0,1501.0,0.0,0.0,1501.0
1100914,265.0,290.0,265.0,285.5,645.0,0.0,0.0,1525.0,0.0,0.0,1525.0
1100915,286.5,288.0,267.0,269.0,571.0,0.0,0.0,1466.0,0.0,0.0,1466.0
1100916,271.5,271.5,265.5,267.0,200.0,0.0,0.0,1432.0,0.0,0.0,1432.0
1100917,277.0,278.0,272.0,272.0,294.0,0.0,0.0,1434.0,0.0,0.0,1434.0
1100922,265.0,281.0,265.0,279.5,249.0,0.0,0.0,1455.0,0.0,0.0,1455.0
1100923,278.5,284.5,277.0,280.0,272.0,0.0,0.0,1472.0,0.0,0.0,1472.0
1100924,284.5,292.5,281.5,288.0,525.0,0.0,0.0,1538.0,0.0,0.0,1538.0
1100927,292.0,292.0,283.0,283.0,332.0,0.0,0.0,1503.0,0.0,0.0,1503.0
1100928,281.5,284.5,276.0,277.5,297.0,0.0,0.0,1465.0,0.0,0.0,1465.0
1100929,277.0,283.5,273.0,277.0,230.0,0.0,0.0,1468.0,0.0,0.0,1468.0
1100930,279.5,280.5,275.0,280.5,184.0,0.0,0.0,1477.0,0.0,0.0,1477.0
1101001,280.0,280.0,265.0,268.0,451.0,0.0,0.0,1511.0,0.0,0.0,1511.0
1101004,271.5,272.0,245.0,254.0,776.0,0.0,0.0,1520.0,0.0,0.0,1520.0
1101005,250.0,251.5,237.5,244.0,613.0,0.0,0.0,1639.0,0.0,0.0,1639.0
1101006,247.5,256.5,244.5,244.5,417.0,0.0,0.0,1625.0,0.0,1.0,1626.0
1101007,249.5,249.5,242.0,245.0,304.0,0.0,0.0,1638.0,0.0,3.0,1641.0
1101008,245.0,246.0,235.0,235.5,424.0,0.0,0.0,1618.0,0.0,5.0,1623.0
1101012,230.0,231.5,212.5,212.5,995.0,0.0,0.0,1588.0,0.0,10.0,1598.0
1101013,233.5,233.5,233.5,233.5,610.0,0.0,0.0,1593.0,0.0,0.0,1593.0
1101014,256.5,256.5,245.5,256.5,1620.0,0.0,0.0,1692.0,0.0,18.0,1710.0
1101015,255.5,270.5,251.0,258.5,1467.0,0.0,0.0,1632.0,5.0,34.0,1671.0
1101018,263.0,266.5,251.0,262.0,588.0,0.0,0.0,1620.0,5.0,26.0,1651.0
1101019,262.5,263.0,257.5,257.5,276.0,0.0,0.0,1642.0,5.0,26.0,1673.0
1101020,256.0,261.0,256.0,261.0,235.0,0.0,0.0,1718.0,5.0,26.0,1749.0
1101021,263.0,274.5,260.0,260.0,687.0,0.0,0.0,1541.0,5.0,26.0,1572.0
1101022,257.0,260.0,247.5,250.5,457.0,0.0,0.0,1590.0,5.0,25.0,1620.0
1101025,252.0,252.0,236.0,237.5,724.0,0.0,0.0,1822.0,5.0,30.0,1857.0
1101026,245.5,250.0,239.0,239.5,403.0,0.0,0.0,1893.0,5.0,30.0,1928.0
1101027,231.0,234.5,222.0,228.0,1043.0,0.0,0.0,1985.0,5.0,40.0,2030.0
1101028,227.0,237.0,227.0,232.0,630.0,0.0,0.0,1990.0,5.0,52.0,2047.0
1101029,232.0,233.0,226.5,228.5,402.0,0.0,0.0,1922.0,5.0,40.0,1967.0
1101101,228.0,236.0,228.0,233.0,376.0,0.0,0.0,2014.0,5.0,45.0,2064.0
1101102,234.5,235.0,228.0,228.0,336.0,0.0,0.0,1974.0,5.0,42.0,2021.0
1101103,233.0,240.5,226.0,232.5,749.0,0.0,0.0,2056.0,5.0,50.0,2111.0
1101104,234.0,234.0,222.5,222.5,698.0,0.0,0.0,1821.0,5.0,49.0,1875.0
1101105,218.0,220.0,214.0,215.0,882.0,0.0,0.0,1766.0,5.0,46.0,1817.0
1101108,210.0,210.0,203.0,203.5,1260.0,0.0,0.0,1817.0,5.0,50.0,1872.0
1101109,203.0,209.5,203.0,205.0,680.0,0.0,0.0,1850.0,5.0,51.0,1906.0
1101110,208.5,208.5,200.0,201.0,849.0,0.0,0.0,1804.0,5.0,53.0,1862.0
1101111,201.0,203.5,194.0,195.0,806.0,0.0,0.0,1764.0,5.0,0.0,1769.0
1101112,197.0,209.5,194.0,205.0,1190.0,0.0,0.0,1959.0,5.0,62.0,2026.0
1101115,210.0,210.0,201.5,201.5,519.0,0.0,0.0,1810.0,5.0,59.0,1874.0
1101116,202.5,204.0,200.5,202.0,290.0,0.0,0.0,1830.0,5.0,57.0,1892.0
1101117,201.5,208.0,201.5,206.5,495.0,0.0,0.0,1870.0,5.0,61.0,1936.0
1101118,208.5,227.0,207.0,227.0,2668.0,0.0,0.0,1791.0,4.0,104.0,1899.0
1101119,232.0,241.0,224.5,231.0,2617.0,0.0,0.0,1344.0,58.0,109.0,1511.0
1101122,235.5,251.5,231.0,243.0,1827.0,0.0,0.0,1397.0,120.0,117.0,1634.0
1101123,249.0,257.5,243.0,246.5,1546.0,0.0,0.0,1242.0,120.0,102.0,1464.0
1101124,246.0,249.5,238.5,240.0,1220.0,0.0,0.0,1340.0,120.0,100.0,1560.0
1101125,244.0,247.5,241.0,241.0,675.0,0.0,0.0,1358.0,120.0,113.0,1591.0
1101126,241.5,252.5,239.5,242.0,1372.0,0.0,0.0,1452.0,120.0,129.0,1701.0
1101129,243.5,248.0,227.0,228.0,1386.0,0.0,0.0,1341.0,120.0,108.0,1569.0
1101130,229.5,232.5,225.0,226.0,717.0,0.0,0.0,1463.0,120.0,101.0,1684.0
1101201,229.0,235.0,224.0,224.5,914.0,0.0,0.0,1392.0,120.0,104.0,1616.0
1101202,224.0,226.5,221.5,223.0,592.0,0.0,0.0,1428.0,120.0,105.0,1653.0
1101203,225.0,229.5,221.0,227.5,623.0,0.0,0.0,1566.0,120.0,114.0,1800.0
1101206,227.5,233.5,223.5,224.0,712.0,0.0,0.0,1411.0,120.0,111.0,1642.0
