1081007,44.5,68.4,44.5,68.4,78920.0,0.0,0.0,0.0,0.0,0.0,0.0
1081008,65.0,65.0,58.81,60.5,22601.0,0.0,0.0,0.0,0.0,0.0,0.0
1081009,58.44,60.52,57.5,58.2,16370.0,0.0,0.0,0.0,0.0,0.0,0.0
1081014,60.0,65.2,60.0,65.19,27310.0,0.0,0.0,0.0,0.0,0.0,0.0
1081015,64.01,65.19,63.8,64.23,11020.0,0.0,0.0,0.0,0.0,0.0,0.0
1081016,61.95,62.2,61.93,62.01,13080.0,0.0,0.0,0.0,0.0,0.0,0.0
1081021,65.04,68.21,65.04,68.0,20500.0,0.0,0.0,0.0,0.0,0.0,0.0
1081022,70.51,70.51,69.99,69.99,12000.0,0.0,0.0,0.0,0.0,0.0,0.0
1081023,69.01,69.01,66.79,67.0,13000.0,0.0,0.0,0.0,0.0,0.0,0.0
1081024,67.95,67.95,67.95,67.95,1.0,0.0,0.0,0.0,0.0,0.0,0.0
1081028,66.03,66.49,64.79,64.79,5200.0,0.0,0.0,0.0,0.0,0.0,0.0
1081101,66.49,66.79,66.0,66.79,10250.0,0.0,0.0,0.0,0.0,0.0,0.0
1081115,63.5,63.99,63.5,63.95,2425.0,0.0,0.0,0.0,0.0,0.0,0.0
1081118,63.81,63.81,63.41,63.41,2485.0,0.0,0.0,0.0,0.0,0.0,0.0
1081120,63.5,63.7,63.5,63.5,4300.0,0.0,0.0,0.0,0.0,0.0,0.0
1081121,63.5,63.5,63.49,63.49,5000.0,0.0,0.0,0.0,0.0,0.0,0.0
1081125,60.62,61.0,60.62,60.62,9060.0,0.0,0.0,0.0,0.0,0.0,0.0
1081126,60.61,60.82,60.43,60.62,3147.0,0.0,0.0,0.0,0.0,0.0,0.0
1081127,60.42,60.42,57.77,58.0,11180.0,0.0,0.0,0.0,0.0,0.0,0.0
1081128,58.5,58.5,57.62,58.18,6095.0,0.0,0.0,0.0,0.0,0.0,0.0
1081129,58.18,58.18,57.85,58.16,15060.0,0.0,0.0,0.0,0.0,0.0,0.0
1081202,57.91,58.09,57.89,57.9,13445.0,0.0,0.0,0.0,0.0,0.0,0.0
1081203,58.18,58.19,57.99,57.99,7265.0,0.0,0.0,0.0,0.0,0.0,0.0
1081204,58.37,58.39,58.2,58.2,8100.0,0.0,0.0,0.0,0.0,0.0,0.0
1081205,58.2,58.38,58.18,58.18,7060.0,0.0,0.0,0.0,0.0,0.0,0.0
1081209,58.37,58.37,57.82,57.82,2060.0,0.0,0.0,0.0,0.0,0.0,0.0
1081210,58.0,58.37,58.0,58.37,3020.0,0.0,0.0,0.0,0.0,0.0,0.0
1081211,57.82,58.0,57.81,58.0,6040.0,0.0,0.0,0.0,0.0,0.0,0.0
1081213,58.0,58.0,55.1,57.99,4482.0,0.0,0.0,0.0,0.0,0.0,0.0
1081217,55.11,55.57,55.1,55.57,20200.0,0.0,0.0,0.0,0.0,0.0,0.0
1081218,57.8,57.8,57.8,57.8,3000.0,0.0,0.0,0.0,0.0,0.0,0.0
1081219,56.82,57.0,56.82,57.0,1060.0,0.0,0.0,0.0,0.0,0.0,0.0
1081220,56.81,57.18,56.81,57.17,2560.0,0.0,0.0,0.0,0.0,0.0,0.0
1081223,56.82,57.03,56.82,57.03,255.0,0.0,0.0,0.0,0.0,0.0,0.0
1081224,57.17,57.17,56.95,56.95,5000.0,0.0,0.0,0.0,0.0,0.0,0.0
1081227,57.18,57.2,57.0,57.02,11060.0,0.0,0.0,0.0,0.0,0.0,0.0
1081230,57.01,57.02,57.01,57.02,3000.0,0.0,0.0,0.0,0.0,0.0,0.0
1081231,57.0,57.2,57.0,57.03,1610.0,0.0,0.0,0.0,0.0,0.0,0.0
1090102,57.5,57.5,57.5,57.5,1900.0,0.0,0.0,0.0,0.0,0.0,0.0
1090103,57.5,57.8,57.5,57.8,2044.0,0.0,0.0,0.0,0.0,0.0,0.0
1090106,57.06,57.25,57.06,57.25,4500.0,0.0,0.0,0.0,0.0,0.0,0.0
1090108,57.18,57.18,57.0,57.0,5000.0,0.0,0.0,0.0,0.0,0.0,0.0
1090109,56.94,57.49,56.94,57.49,9000.0,0.0,0.0,0.0,0.0,0.0,0.0
1090110,57.49,57.5,57.49,57.5,6100.0,0.0,0.0,0.0,0.0,0.0,0.0
1090114,57.31,57.31,57.31,57.31,1500.0,0.0,0.0,0.0,0.0,0.0,0.0
1090115,57.01,57.31,57.01,57.31,3400.0,0.0,0.0,0.0,0.0,0.0,0.0
1090116,57.01,57.37,57.01,57.27,8000.0,0.0,0.0,0.0,0.0,0.0,0.0
1090117,57.99,57.99,57.99,57.99,100.0,0.0,0.0,0.0,0.0,0.0,0.0
1090120,57.3,57.5,57.3,57.49,9000.0,0.0,0.0,0.0,0.0,0.0,0.0
1090130,57.01,57.01,57.0,57.0,1569.0,0.0,0.0,0.0,0.0,0.0,0.0
1090131,57.0,57.39,57.0,57.39,4000.0,0.0,0.0,0.0,0.0,0.0,0.0
1090203,57.38,57.38,57.38,57.38,3000.0,0.0,0.0,0.0,0.0,0.0,0.0
1090204,57.38,57.38,57.38,57.38,3000.0,0.0,0.0,0.0,0.0,0.0,0.0
1090206,57.17,57.17,57.17,57.17,500.0,0.0,0.0,0.0,0.0,0.0,0.0
1090211,55.42,57.0,55.42,57.0,3000.0,0.0,0.0,0.0,0.0,0.0,0.0
1090212,55.42,55.42,55.42,55.42,1000.0,0.0,0.0,0.0,0.0,0.0,0.0
1090217,55.42,56.18,55.42,56.0,14000.0,0.0,0.0,0.0,0.0,0.0,0.0
1090219,55.63,55.63,55.63,55.63,2000.0,0.0,0.0,0.0,0.0,0.0,0.0
1090221,55.63,56.0,55.63,56.0,6000.0,0.0,0.0,0.0,0.0,0.0,0.0
1090224,55.82,55.82,55.63,55.63,3000.0,0.0,0.0,0.0,0.0,0.0,0.0
1090225,55.0,55.7,55.0,55.7,2000.0,0.0,0.0,0.0,0.0,0.0,0.0
1090226,55.7,55.7,55.7,55.7,3000.0,0.0,0.0,0.0,0.0,0.0,0.0
1090227,55.0,55.0,55.0,55.0,2000.0,0.0,0.0,0.0,0.0,0.0,0.0
1090302,55.15,55.15,54.33,54.33,3500.0,0.0,0.0,0.0,0.0,0.0,0.0
1090303,55.0,55.0,55.0,55.0,6000.0,0.0,0.0,0.0,0.0,0.0,0.0
1090304,55.0,55.0,55.0,55.0,1000.0,0.0,0.0,0.0,0.0,0.0,0.0
1090305,52.43,52.99,49.26,50.0,4172.0,0.0,0.0,0.0,0.0,0.0,0.0
1090306,50.0,50.0,50.0,50.0,3000.0,0.0,0.0,0.0,0.0,0.0,0.0
1090309,47.66,47.66,47.66,47.66,1500.0,0.0,0.0,0.0,0.0,0.0,0.0
1090310,47.66,47.66,47.66,47.66,1000.0,0.0,0.0,0.0,0.0,0.0,0.0
1090311,47.51,47.66,47.51,47.51,6070.0,0.0,0.0,0.0,0.0,0.0,0.0
1090312,47.73,47.73,47.58,47.58,6000.0,0.0,0.0,0.0,0.0,0.0,0.0
1090313,46.28,46.28,46.28,46.28,1000.0,0.0,0.0,0.0,0.0,0.0,0.0
1090317,46.27,46.27,46.27,46.27,1000.0,0.0,0.0,0.0,0.0,0.0,0.0
1090318,45.27,45.27,45.27,45.27,899.0,0.0,0.0,0.0,0.0,0.0,0.0
1090319,45.27,45.27,45.0,45.0,11500.0,0.0,0.0,0.0,0.0,0.0,0.0
1090320,45.45,45.45,45.45,45.45,1000.0,0.0,0.0,0.0,0.0,0.0,0.0
1090323,45.4,45.4,45.0,45.4,3500.0,0.0,0.0,0.0,0.0,0.0,0.0
1090324,45.0,45.3,45.0,45.3,4000.0,0.0,0.0,0.0,0.0,0.0,0.0
1090325,45.0,45.2,45.0,45.2,9000.0,0.0,0.0,0.0,0.0,0.0,0.0
1090326,45.05,45.05,45.0,45.0,5000.0,0.0,0.0,0.0,0.0,0.0,0.0
1090330,46.0,46.0,46.0,46.0,1000.0,0.0,0.0,0.0,0.0,0.0,0.0
1090331,45.0,45.0,45.0,45.0,500.0,0.0,0.0,0.0,0.0,0.0,0.0
1090401,45.0,45.65,45.0,45.65,3000.0,0.0,0.0,0.0,0.0,0.0,0.0
1090406,45.0,45.0,45.0,45.0,1000.0,0.0,0.0,0.0,0.0,0.0,0.0
1090407,45.0,45.0,45.0,45.0,1000.0,0.0,0.0,0.0,0.0,0.0,0.0
1090408,45.0,45.0,45.0,45.0,1000.0,0.0,0.0,0.0,0.0,0.0,0.0
1090409,45.0,46.8,45.0,45.5,44000.0,0.0,0.0,0.0,0.0,0.0,0.0
1090410,45.0,46.3,45.0,46.3,6000.0,0.0,0.0,0.0,0.0,0.0,0.0
1090413,45.0,45.0,45.0,45.0,3000.0,0.0,0.0,0.0,0.0,0.0,0.0
1090414,45.5,45.5,45.0,45.0,7000.0,0.0,0.0,0.0,0.0,0.0,0.0
1090415,45.0,45.5,45.0,45.5,8000.0,0.0,0.0,0.0,0.0,0.0,0.0
1090416,45.0,46.7,45.0,46.5,40000.0,0.0,0.0,0.0,0.0,0.0,0.0
1090417,46.65,46.65,45.2,45.2,24000.0,0.0,0.0,0.0,0.0,0.0,0.0
1090420,45.2,45.65,45.1,45.1,7000.0,0.0,0.0,0.0,0.0,0.0,0.0
1090421,46.1,46.1,45.0,45.0,7550.0,0.0,0.0,0.0,0.0,0.0,0.0
1090423,45.7,45.7,45.7,45.7,1000.0,0.0,0.0,0.0,0.0,0.0,0.0
1090424,45.5,45.65,45.5,45.65,9022.0,0.0,0.0,0.0,0.0,0.0,0.0
1090427,45.6,46.0,45.15,45.3,8550.0,0.0,0.0,0.0,0.0,0.0,0.0
1090428,45.5,45.5,45.5,45.5,10000.0,0.0,0.0,0.0,0.0,0.0,0.0
1090429,45.4,46.0,45.4,45.6,5044.0,0.0,0.0,0.0,0.0,0.0,0.0
1090430,45.5,45.5,45.05,45.35,24000.0,0.0,0.0,0.0,0.0,0.0,0.0
1090504,46.0,47.15,45.9,47.0,112890.0,0.0,0.0,0.0,0.0,0.0,0.0
1090505,47.85,57.9,47.85,57.5,275557.0,0.0,0.0,0.0,0.0,0.0,0.0
1090506,58.9,63.2,58.2,62.5,269049.0,0.0,0.0,0.0,0.0,0.0,0.0
1090507,63.1,68.7,62.9,68.3,294626.0,0.0,0.0,0.0,0.0,0.0,0.0
1090508,69.0,73.0,61.7,64.8,322587.0,0.0,0.0,0.0,0.0,0.0,0.0
1090511,63.9,64.8,58.3,59.7,102272.0,0.0,0.0,0.0,0.0,0.0,0.0
1090512,60.0,60.0,54.5,58.0,109493.0,0.0,0.0,0.0,0.0,0.0,0.0
1090513,57.3,60.1,57.2,59.9,85643.0,0.0,0.0,0.0,0.0,0.0,0.0
1090514,60.0,60.0,57.0,57.0,41301.0,0.0,0.0,0.0,0.0,0.0,0.0
1090515,56.7,56.9,54.3,54.8,53172.0,0.0,0.0,0.0,0.0,0.0,0.0
1090518,54.5,54.5,53.3,54.5,41201.0,0.0,0.0,0.0,0.0,0.0,0.0
1090519,55.0,55.2,54.8,55.1,19000.0,0.0,0.0,0.0,0.0,0.0,0.0
1090520,54.8,56.4,54.7,56.4,19400.0,0.0,0.0,0.0,0.0,0.0,0.0
1090521,56.5,57.2,55.4,57.2,22001.0,0.0,0.0,0.0,0.0,0.0,0.0
1090522,57.2,62.6,57.0,62.6,135584.0,0.0,0.0,0.0,0.0,0.0,0.0
1090525,62.7,64.5,59.8,61.8,185400.0,0.0,0.0,0.0,0.0,0.0,0.0
1090526,62.4,63.1,59.0,60.9,112506.0,0.0,0.0,0.0,0.0,0.0,0.0
1090527,59.0,59.1,58.6,59.0,32000.0,0.0,0.0,0.0,0.0,0.0,0.0
1090528,59.9,60.0,58.7,59.8,45066.0,0.0,0.0,0.0,0.0,0.0,0.0
1090529,60.1,60.1,57.9,59.1,63050.0,0.0,0.0,0.0,0.0,0.0,0.0
1090601,58.6,60.6,58.6,60.6,43255.0,0.0,0.0,0.0,0.0,0.0,0.0
1090602,60.6,60.6,59.8,60.6,29102.0,0.0,0.0,0.0,0.0,0.0,0.0
1090603,60.7,61.1,60.2,60.9,41173.0,0.0,0.0,0.0,0.0,0.0,0.0
1090604,61.1,61.7,60.6,60.6,74307.0,0.0,0.0,0.0,0.0,0.0,0.0
1090605,60.8,61.1,59.9,60.7,37100.0,0.0,0.0,0.0,0.0,0.0,0.0
1090608,60.5,63.2,60.5,62.5,131580.0,0.0,0.0,0.0,0.0,0.0,0.0
1090609,62.5,63.2,61.5,61.5,55522.0,0.0,0.0,0.0,0.0,0.0,0.0
1090610,62.5,70.2,62.5,69.5,322899.0,0.0,0.0,0.0,0.0,0.0,0.0
1090611,68.5,72.5,68.0,70.5,294637.0,0.0,0.0,0.0,0.0,0.0,0.0
1090612,69.5,70.7,67.7,70.2,68300.0,0.0,0.0,0.0,0.0,0.0,0.0
1090615,70.2,82.0,69.9,77.0,307095.0,0.0,0.0,0.0,0.0,0.0,0.0
1090616,78.5,78.9,72.5,77.9,135180.0,0.0,0.0,0.0,0.0,0.0,0.0
1090617,75.0,80.6,75.0,80.0,142470.0,0.0,0.0,0.0,0.0,0.0,0.0
1090618,78.0,82.8,78.0,82.0,240420.0,0.0,0.0,0.0,0.0,0.0,0.0
1090619,81.7,85.9,81.7,85.9,289176.0,0.0,0.0,0.0,0.0,0.0,0.0
1090622,85.9,88.0,83.1,87.9,336502.0,0.0,0.0,0.0,0.0,0.0,0.0
1090623,86.7,87.4,84.7,85.5,188710.0,0.0,0.0,0.0,0.0,0.0,0.0
1090624,83.8,91.0,83.8,90.3,376482.0,0.0,0.0,0.0,0.0,0.0,0.0
1090629,91.0,91.3,88.7,90.9,121588.0,0.0,0.0,0.0,0.0,0.0,0.0
1090630,89.9,90.1,86.2,88.4,283194.0,0.0,0.0,0.0,0.0,0.0,0.0
1090701,88.4,88.6,85.1,85.6,180850.0,0.0,0.0,0.0,0.0,0.0,0.0
1090702,86.5,86.5,80.7,81.2,258344.0,0.0,0.0,0.0,0.0,0.0,0.0
1090703,82.0,82.0,80.0,80.3,97450.0,0.0,0.0,0.0,0.0,0.0,0.0
1090706,81.0,85.8,80.0,85.0,90560.0,0.0,0.0,0.0,0.0,0.0,0.0
1090707,83.3,85.6,82.8,83.1,77882.0,0.0,0.0,0.0,0.0,0.0,0.0
1090708,83.3,85.2,83.1,85.2,20110.0,0.0,0.0,0.0,0.0,0.0,0.0
1090709,85.2,85.2,82.8,82.8,31500.0,0.0,0.0,0.0,0.0,0.0,0.0
1090710,82.8,82.9,81.2,81.5,86806.0,0.0,0.0,0.0,0.0,0.0,0.0
1090713,81.9,82.5,81.2,81.2,25100.0,0.0,0.0,0.0,0.0,0.0,0.0
1090714,82.0,82.0,80.5,81.0,31034.0,0.0,0.0,0.0,0.0,0.0,0.0
1090715,81.1,81.1,79.6,80.2,55950.0,0.0,0.0,0.0,0.0,0.0,0.0
1090716,79.5,79.8,74.7,78.0,144350.0,0.0,0.0,0.0,0.0,0.0,0.0
1090717,79.2,79.2,74.8,74.8,27695.0,0.0,0.0,0.0,0.0,0.0,0.0
1090720,74.8,75.1,72.0,74.0,86485.0,0.0,0.0,0.0,0.0,0.0,0.0
1090721,74.0,74.8,70.3,71.9,75645.0,0.0,0.0,0.0,0.0,0.0,0.0
1090722,70.7,72.5,70.0,71.2,72050.0,0.0,0.0,0.0,0.0,0.0,0.0
1090723,72.7,72.7,72.7,72.7,1300.0,0.0,0.0,0.0,0.0,0.0,0.0
1090724,72.7,72.9,71.8,71.8,47150.0,0.0,0.0,0.0,0.0,0.0,0.0
1090727,71.8,71.8,71.0,71.0,52900.0,0.0,0.0,0.0,0.0,0.0,0.0
1090728,71.9,74.2,70.7,72.3,116606.0,0.0,0.0,0.0,0.0,0.0,0.0
1090729,73.8,76.5,73.5,76.0,63100.0,0.0,0.0,0.0,0.0,0.0,0.0
1090730,76.8,76.8,74.3,75.0,66521.0,0.0,0.0,0.0,0.0,0.0,0.0
1090731,74.3,74.9,74.3,74.9,8000.0,0.0,0.0,0.0,0.0,0.0,0.0
1090803,77.0,79.0,76.7,78.7,151810.0,0.0,0.0,0.0,0.0,0.0,0.0
1090804,80.0,81.4,78.7,79.2,141150.0,0.0,0.0,0.0,0.0,0.0,0.0
1090805,79.7,83.0,78.1,78.1,139720.0,0.0,0.0,0.0,0.0,0.0,0.0
1090806,80.0,80.2,78.8,79.5,60765.0,0.0,0.0,0.0,0.0,0.0,0.0
1090807,78.9,79.0,76.6,76.6,112880.0,0.0,0.0,0.0,0.0,0.0,0.0
1090810,76.6,76.9,74.5,74.9,124450.0,0.0,0.0,0.0,0.0,0.0,0.0
1090811,72.7,74.2,72.0,73.5,39600.0,0.0,0.0,0.0,0.0,0.0,0.0
1090812,73.1,73.7,73.0,73.7,15050.0,0.0,0.0,0.0,0.0,0.0,0.0
1090813,73.0,73.3,72.7,73.2,46151.0,0.0,0.0,0.0,0.0,0.0,0.0
1090814,73.3,74.3,72.9,74.0,22100.0,0.0,0.0,0.0,0.0,0.0,0.0
1090817,75.1,78.1,75.1,77.8,68030.0,0.0,0.0,0.0,0.0,0.0,0.0
1090818,77.5,78.0,76.7,77.5,30600.0,0.0,0.0,0.0,0.0,0.0,0.0
1090819,77.2,77.5,76.7,77.3,8350.0,0.0,0.0,0.0,0.0,0.0,0.0
1090820,74.8,75.0,73.1,73.6,24500.0,0.0,0.0,0.0,0.0,0.0,0.0
1090821,73.7,74.0,73.7,73.9,6000.0,0.0,0.0,0.0,0.0,0.0,0.0
1090824,73.7,74.0,73.6,73.9,14200.0,0.0,0.0,0.0,0.0,0.0,0.0
1090825,73.1,73.6,72.8,72.8,40870.0,0.0,0.0,0.0,0.0,0.0,0.0
1090826,73.4,75.1,73.4,75.0,44200.0,0.0,0.0,0.0,0.0,0.0,0.0
1090827,75.0,75.0,74.5,74.8,19700.0,0.0,0.0,0.0,0.0,0.0,0.0
1090828,75.3,76.0,75.0,75.6,27460.0,0.0,0.0,0.0,0.0,0.0,0.0
1090831,75.7,76.3,75.4,75.4,6051.0,0.0,0.0,0.0,0.0,0.0,0.0
1090901,76.2,76.3,75.1,75.5,21000.0,0.0,0.0,0.0,0.0,0.0,0.0
1090902,75.0,76.2,74.7,75.2,30000.0,0.0,0.0,0.0,0.0,0.0,0.0
1090903,74.2,74.6,73.7,74.6,17050.0,0.0,0.0,0.0,0.0,0.0,0.0
1090904,74.0,74.0,73.0,74.0,19600.0,0.0,0.0,0.0,0.0,0.0,0.0
1090907,74.0,74.0,72.8,73.0,27300.0,0.0,0.0,0.0,0.0,0.0,0.0
1090908,73.5,73.5,72.4,73.1,6680.0,0.0,0.0,0.0,0.0,0.0,0.0
1090909,73.0,73.0,71.7,71.7,23200.0,0.0,0.0,0.0,0.0,0.0,0.0
1090910,72.3,77.0,72.3,77.0,34563.0,0.0,0.0,0.0,0.0,0.0,0.0
1090911,76.7,84.6,76.7,82.0,387805.0,0.0,0.0,0.0,0.0,0.0,0.0
1090914,82.9,90.0,82.9,85.3,460151.0,0.0,0.0,0.0,0.0,0.0,0.0
1090915,83.3,87.4,80.7,80.8,151897.0,0.0,0.0,0.0,0.0,0.0,0.0
1090916,82.9,82.9,80.2,82.0,33820.0,0.0,0.0,0.0,0.0,0.0,0.0
1090917,81.7,81.9,80.1,80.8,59207.0,0.0,0.0,0.0,0.0,0.0,0.0
1090918,80.8,82.9,80.4,81.6,56709.0,0.0,0.0,0.0,0.0,0.0,0.0
1090921,81.6,81.6,78.7,78.8,44260.0,0.0,0.0,0.0,0.0,0.0,0.0
1090922,78.7,79.8,78.0,79.1,23007.0,0.0,0.0,0.0,0.0,0.0,0.0
1090923,77.9,80.3,77.9,79.8,31040.0,0.0,0.0,0.0,0.0,0.0,0.0
1090924,79.7,80.2,77.7,78.3,79569.0,0.0,0.0,0.0,0.0,0.0,0.0
1090925,78.5,81.3,78.3,80.2,101212.0,0.0,0.0,0.0,0.0,0.0,0.0
1090928,81.0,81.0,78.5,81.0,149702.0,0.0,0.0,0.0,0.0,0.0,0.0
1090929,80.4,82.2,79.4,81.4,146354.0,0.0,0.0,0.0,0.0,0.0,0.0
1090930,81.5,81.9,80.8,81.4,57474.0,0.0,0.0,0.0,0.0,0.0,0.0
1091005,81.3,81.6,80.7,81.3,49313.0,0.0,0.0,0.0,0.0,0.0,0.0
1091006,81.3,81.3,80.6,81.2,51035.0,0.0,0.0,0.0,0.0,0.0,0.0
1091007,81.0,81.7,80.7,81.4,116340.0,0.0,0.0,0.0,0.0,0.0,0.0
1091008,81.8,83.2,81.1,82.6,134685.0,0.0,0.0,0.0,0.0,0.0,0.0
1091012,82.6,82.9,79.5,80.9,145200.0,0.0,0.0,0.0,0.0,0.0,0.0
1091013,79.1,81.0,79.1,80.3,23100.0,0.0,0.0,0.0,0.0,0.0,0.0
1091014,81.4,81.6,78.8,80.6,41252.0,0.0,0.0,0.0,0.0,0.0,0.0
1091015,80.6,80.8,80.1,80.7,25101.0,0.0,0.0,0.0,0.0,0.0,0.0
1091016,80.8,80.9,78.7,79.7,154603.0,0.0,0.0,0.0,0.0,0.0,0.0
1091019,78.8,80.9,78.8,80.7,16201.0,0.0,0.0,0.0,0.0,0.0,0.0
1091020,79.6,80.9,79.3,79.6,26423.0,0.0,0.0,0.0,0.0,0.0,0.0
1091021,80.9,80.9,79.3,80.4,44600.0,0.0,0.0,0.0,0.0,0.0,0.0
1091022,79.9,80.9,79.9,80.9,46100.0,0.0,0.0,0.0,0.0,0.0,0.0
1091023,80.1,81.2,80.1,80.5,6230.0,0.0,0.0,0.0,0.0,0.0,0.0
1091026,80.0,80.6,79.7,80.6,26986.0,0.0,0.0,0.0,0.0,0.0,0.0
1091027,81.0,81.2,80.1,80.8,21510.0,0.0,0.0,0.0,0.0,0.0,0.0
1091028,80.7,81.0,80.3,80.3,22340.0,0.0,0.0,0.0,0.0,0.0,0.0
1091029,79.6,81.2,79.6,80.8,29940.0,0.0,0.0,0.0,0.0,0.0,0.0
1091030,81.0,81.0,77.1,78.2,153851.0,0.0,0.0,0.0,0.0,0.0,0.0
1091102,79.3,79.3,77.0,78.0,81520.0,0.0,0.0,0.0,0.0,0.0,0.0
1091103,78.0,78.4,77.4,78.4,22601.0,0.0,0.0,0.0,0.0,0.0,0.0
1091104,78.5,78.5,77.3,78.2,27505.0,0.0,0.0,0.0,0.0,0.0,0.0
1091105,78.5,79.0,77.8,78.1,30240.0,0.0,0.0,0.0,0.0,0.0,0.0
1091106,77.7,78.0,75.1,77.2,41603.0,0.0,0.0,0.0,0.0,0.0,0.0
1091109,77.2,77.5,73.6,74.3,115880.0,0.0,0.0,0.0,0.0,0.0,0.0
1091110,73.5,75.3,71.5,74.9,75064.0,0.0,0.0,0.0,0.0,0.0,0.0
1091111,74.9,74.9,73.7,74.6,89060.0,0.0,0.0,0.0,0.0,0.0,0.0
1091112,74.6,74.9,74.1,74.9,30201.0,0.0,0.0,0.0,0.0,0.0,0.0
1091113,74.8,75.3,74.4,75.2,63300.0,0.0,0.0,0.0,0.0,0.0,0.0
1091116,75.2,75.5,74.7,75.0,84530.0,0.0,0.0,0.0,0.0,0.0,0.0
1091117,75.0,75.1,73.7,74.1,56185.0,0.0,0.0,0.0,0.0,0.0,0.0
1091118,73.8,74.0,73.1,73.7,52795.0,0.0,0.0,0.0,0.0,0.0,0.0
1091119,73.7,73.8,72.8,73.5,55175.0,0.0,0.0,0.0,0.0,0.0,0.0
1091120,72.7,73.0,72.0,72.8,123945.0,0.0,0.0,0.0,0.0,0.0,0.0
1091123,73.0,73.1,69.0,70.5,235450.0,0.0,0.0,0.0,0.0,0.0,0.0
1091124,63.0,65.6,61.0,65.6,1930.0,0.0,0.0,36317.0,0.0,0.0,36317.0
1091125,65.6,68.7,65.5,65.8,1178.0,0.0,0.0,36317.0,0.0,0.0,36317.0
1091126,64.0,65.0,62.0,64.0,556.0,0.0,0.0,36317.0,0.0,0.0,36317.0
1091127,63.5,63.5,62.5,63.0,280.0,0.0,0.0,36317.0,0.0,0.0,36317.0
1091130,63.1,63.7,62.0,62.1,291.0,0.0,0.0,36312.0,0.0,0.0,36312.0
1091201,62.2,62.8,62.0,62.2,173.0,0.0,0.0,36292.0,0.0,0.0,36292.0
1091202,62.5,63.5,62.5,62.5,178.0,0.0,0.0,36292.0,0.0,0.0,36292.0
1091203,62.5,62.5,61.5,61.7,188.0,0.0,0.0,36267.0,0.0,0.0,36267.0
1091204,62.0,62.1,60.1,60.6,203.0,0.0,0.0,36254.0,0.0,0.0,36254.0
1091207,60.6,61.0,58.0,58.3,483.0,0.0,0.0,36217.0,0.0,0.0,36217.0
1091208,58.2,59.7,58.2,59.2,165.0,0.0,0.0,36217.0,0.0,0.0,36217.0
1091209,59.3,62.5,59.3,62.0,252.0,0.0,0.0,36222.0,0.0,0.0,36222.0
1091210,61.8,61.8,60.2,60.3,194.0,0.0,0.0,36222.0,0.0,0.0,36222.0
1091211,60.4,61.0,59.0,59.2,240.0,0.0,0.0,36217.0,0.0,0.0,36217.0
1091214,61.0,61.0,59.5,59.9,87.0,0.0,0.0,36217.0,0.0,0.0,36217.0
1091215,60.5,60.5,59.7,59.7,71.0,0.0,0.0,36217.0,0.0,0.0,36217.0
1091216,59.8,60.0,59.0,59.5,116.0,0.0,0.0,36217.0,0.0,0.0,36217.0
1091217,60.3,60.3,58.6,59.0,87.0,0.0,0.0,36217.0,0.0,0.0,36217.0
1091218,60.2,60.2,59.0,59.7,130.0,0.0,0.0,36231.0,0.0,0.0,36231.0
1091221,60.5,60.5,59.5,59.5,79.0,0.0,0.0,36237.0,0.0,0.0,36237.0
1091222,59.7,59.7,58.5,58.5,105.0,0.0,0.0,36241.0,0.0,0.0,36241.0
1091223,58.5,58.5,58.0,58.3,119.0,0.0,0.0,36253.0,0.0,0.0,36253.0
1091224,58.5,58.8,58.5,58.5,60.0,0.0,0.0,36254.0,0.0,0.0,36254.0
1091225,60.0,61.9,59.9,60.2,320.0,0.0,0.0,36255.0,0.0,0.0,36255.0
1091228,60.1,61.7,60.1,60.7,172.0,0.0,0.0,36256.0,0.0,0.0,36256.0
1091229,61.0,61.0,59.5,59.9,127.0,0.0,0.0,36247.0,0.0,0.0,36247.0
1091230,60.3,60.3,59.0,59.7,125.0,0.0,0.0,36248.0,0.0,0.0,36248.0
1091231,59.5,60.4,59.5,60.0,75.0,0.0,0.0,36271.0,0.0,0.0,36271.0
1100104,60.2,60.2,59.0,59.2,128.0,0.0,0.0,36269.0,0.0,0.0,36269.0
1100105,59.4,59.6,59.1,59.3,78.0,0.0,0.0,36269.0,0.0,0.0,36269.0
1100106,59.2,59.6,58.3,58.9,155.0,0.0,0.0,36258.0,0.0,0.0,36258.0
1100107,58.6,59.1,58.6,58.7,67.0,0.0,0.0,36258.0,0.0,0.0,36258.0
1100108,58.8,59.0,58.5,59.0,143.0,0.0,0.0,36273.0,0.0,0.0,36273.0
1100111,59.0,59.0,58.5,58.6,77.0,0.0,0.0,36274.0,0.0,0.0,36274.0
1100112,60.0,61.3,59.0,60.0,306.0,0.0,0.0,36348.0,0.0,0.0,36348.0
1100113,60.9,60.9,58.9,59.5,134.0,0.0,0.0,36361.0,0.0,0.0,36361.0
1100114,60.0,60.0,58.4,59.3,128.0,0.0,0.0,36352.0,0.0,0.0,36352.0
1100115,60.0,60.0,58.3,58.8,67.0,0.0,0.0,36353.0,0.0,0.0,36353.0
1100118,59.0,59.0,57.9,58.1,156.0,0.0,0.0,36333.0,0.0,0.0,36333.0
1100119,58.2,58.2,57.1,57.2,141.0,0.0,0.0,36336.0,0.0,0.0,36336.0
1100120,57.0,57.0,55.6,55.6,155.0,0.0,0.0,36313.0,0.0,1.0,36314.0
1100121,55.6,57.0,55.6,56.1,64.0,0.0,0.0,36318.0,0.0,0.0,36318.0
1100122,57.3,57.3,56.0,56.2,56.0,0.0,0.0,36316.0,0.0,0.0,36316.0
1100125,56.1,56.4,55.9,56.4,74.0,0.0,0.0,36321.0,0.0,0.0,36321.0
1100126,55.9,55.9,55.3,55.5,76.0,0.0,0.0,36325.0,0.0,0.0,36325.0
1100127,55.7,55.7,55.5,55.5,35.0,0.0,0.0,36320.0,0.0,0.0,36320.0
1100128,55.1,55.4,55.0,55.3,67.0,0.0,0.0,36320.0,0.0,0.0,36320.0
1100129,55.6,56.2,55.6,55.7,35.0,0.0,0.0,36321.0,0.0,0.0,36321.0
1100201,55.7,55.7,55.3,55.4,21.0,0.0,0.0,36324.0,0.0,0.0,36324.0
1100202,55.5,56.5,55.5,56.1,38.0,0.0,0.0,36322.0,0.0,0.0,36322.0
1100203,56.1,56.5,56.1,56.3,14.0,0.0,0.0,36323.0,0.0,0.0,36323.0
1100204,56.8,57.4,56.8,56.8,71.0,0.0,0.0,36316.0,0.0,0.0,36316.0
1100205,57.0,57.0,56.6,56.8,20.0,0.0,0.0,36317.0,0.0,0.0,36317.0
1100217,57.2,58.8,57.2,58.6,92.0,0.0,0.0,36330.0,0.0,0.0,36330.0
1100218,60.4,60.4,59.0,59.5,131.0,0.0,0.0,36326.0,0.0,0.0,36326.0
1100219,59.0,59.4,58.5,58.8,51.0,0.0,0.0,36325.0,0.0,0.0,36325.0
1100222,58.9,59.3,58.9,59.1,68.0,0.0,0.0,36328.0,0.0,0.0,36328.0
1100223,58.6,59.0,58.0,58.9,61.0,0.0,0.0,36342.0,0.0,0.0,36342.0
1100224,59.0,59.4,58.5,58.5,112.0,0.0,0.0,36346.0,0.0,0.0,36346.0
1100225,58.6,60.0,58.6,58.6,160.0,0.0,0.0,36347.0,0.0,0.0,36347.0
1100226,58.3,58.9,58.1,58.1,79.0,0.0,0.0,36328.0,0.0,0.0,36328.0
1100302,58.8,59.1,58.1,58.1,100.0,0.0,0.0,36329.0,0.0,0.0,36329.0
1100303,58.2,59.1,58.1,59.0,47.0,0.0,0.0,36326.0,0.0,0.0,36326.0
1100304,59.0,59.0,58.2,58.2,52.0,0.0,0.0,36323.0,0.0,0.0,36323.0
1100305,58.8,59.0,58.5,58.6,21.0,0.0,0.0,36320.0,0.0,0.0,36320.0
1100308,58.8,59.7,58.8,59.5,97.0,0.0,0.0,36322.0,0.0,0.0,36322.0
1100309,59.8,59.9,58.5,59.5,96.0,0.0,0.0,36320.0,0.0,0.0,36320.0
1100310,59.6,59.6,59.1,59.1,59.0,0.0,0.0,36320.0,0.0,0.0,36320.0
1100311,59.1,59.2,58.0,58.5,69.0,0.0,0.0,36326.0,0.0,0.0,36326.0
1100312,59.4,59.4,58.3,58.7,32.0,0.0,0.0,36315.0,0.0,0.0,36315.0
1100315,58.7,58.7,58.0,58.1,49.0,0.0,0.0,36309.0,0.0,0.0,36309.0
1100316,58.5,58.5,58.1,58.3,44.0,0.0,0.0,36309.0,0.0,0.0,36309.0
1100317,58.2,58.5,58.2,58.5,52.0,0.0,0.0,36308.0,0.0,0.0,36308.0
1100318,58.5,58.5,58.2,58.3,44.0,0.0,0.0,36309.0,0.0,0.0,36309.0
1100319,58.3,58.3,57.6,57.7,76.0,0.0,0.0,36297.0,0.0,0.0,36297.0
1100322,57.7,58.0,57.6,57.7,65.0,0.0,0.0,36296.0,0.0,0.0,36296.0
1100323,57.7,57.7,57.3,57.4,47.0,0.0,0.0,36287.0,0.0,0.0,36287.0
1100324,57.4,57.4,57.0,57.1,87.0,0.0,0.0,36287.0,0.0,0.0,36287.0
1100325,57.8,57.8,56.6,56.6,80.0,0.0,0.0,36286.0,0.0,0.0,36286.0
1100326,56.6,56.8,56.5,56.6,44.0,0.0,0.0,36287.0,0.0,0.0,36287.0
1100329,56.7,57.1,56.6,56.7,68.0,0.0,0.0,36287.0,0.0,0.0,36287.0
1100330,56.7,57.2,56.6,56.6,101.0,0.0,0.0,36288.0,0.0,0.0,36288.0
1100331,56.6,56.9,56.6,56.9,82.0,0.0,0.0,36287.0,0.0,0.0,36287.0
1100401,57.0,57.0,56.8,56.8,25.0,0.0,0.0,36287.0,0.0,0.0,36287.0
1100406,57.0,57.0,56.4,56.6,74.0,0.0,0.0,36288.0,0.0,0.0,36288.0
1100407,56.6,56.7,56.5,56.7,58.0,0.0,0.0,36288.0,0.0,0.0,36288.0
1100408,56.7,56.9,56.6,56.7,64.0,0.0,0.0,36287.0,0.0,0.0,36287.0
1100409,57.0,58.8,57.0,58.5,224.0,0.0,0.0,36286.0,0.0,0.0,36286.0
1100412,59.7,63.2,59.7,62.0,649.0,0.0,0.0,36284.0,0.0,0.0,36284.0
1100413,63.0,63.0,60.0,60.0,316.0,0.0,0.0,36276.0,0.0,0.0,36276.0
1100414,60.0,61.0,58.3,58.7,165.0,0.0,0.0,36274.0,0.0,0.0,36274.0
1100415,58.8,59.6,58.5,58.6,105.0,0.0,0.0,36277.0,0.0,0.0,36277.0
1100416,59.0,59.0,58.6,58.9,71.0,0.0,0.0,36277.0,0.0,0.0,36277.0
1100419,58.9,61.1,58.9,59.8,137.0,0.0,0.0,36276.0,0.0,0.0,36276.0
1100420,59.3,60.4,59.3,59.6,69.0,0.0,0.0,36276.0,0.0,0.0,36276.0
1100421,59.4,59.4,58.8,58.9,77.0,0.0,0.0,36275.0,0.0,0.0,36275.0
1100422,59.1,59.9,58.5,58.6,123.0,0.0,0.0,36275.0,0.0,0.0,36275.0
1100423,58.5,58.5,58.1,58.4,63.0,0.0,0.0,36276.0,0.0,0.0,36276.0
1100426,59.5,59.5,58.4,58.6,96.0,0.0,0.0,36276.0,0.0,0.0,36276.0
1100427,58.6,59.4,58.5,59.4,39.0,0.0,0.0,36280.0,0.0,0.0,36280.0
1100428,59.4,59.4,58.4,58.5,140.0,0.0,0.0,36283.0,0.0,0.0,36283.0
1100429,58.5,58.9,57.9,58.6,115.0,0.0,0.0,36283.0,0.0,0.0,36283.0
1100503,58.4,58.4,56.8,57.1,115.0,0.0,0.0,36283.0,0.0,0.0,36283.0
1100504,56.9,57.0,55.4,56.2,133.0,0.0,0.0,36305.0,0.0,0.0,36305.0
1100505,56.0,56.6,56.0,56.4,47.0,0.0,0.0,36303.0,0.0,0.0,36303.0
1100506,57.0,57.0,55.3,55.8,80.0,0.0,0.0,36303.0,0.0,0.0,36303.0
1100507,55.8,57.0,55.6,56.5,26.0,0.0,0.0,36308.0,0.0,0.0,36308.0
1100510,56.2,56.9,55.9,56.2,52.0,0.0,0.0,36309.0,0.0,0.0,36309.0
1100511,56.0,56.6,54.5,54.7,154.0,0.0,0.0,36305.0,0.0,1.0,36306.0
1100512,54.0,54.5,50.2,51.1,199.0,0.0,0.0,36330.0,0.0,0.0,36330.0
1100513,51.1,51.5,50.0,51.0,74.0,0.0,0.0,36318.0,0.0,0.0,36318.0
1100514,52.0,52.0,50.2,50.6,72.0,0.0,0.0,36303.0,0.0,0.0,36303.0
1100517,49.3,50.7,48.7,49.0,93.0,0.0,0.0,36311.0,0.0,0.0,36311.0
1100518,49.7,51.0,49.0,51.0,96.0,0.0,0.0,36324.0,0.0,0.0,36324.0
1100519,50.7,50.8,50.0,50.3,100.0,0.0,0.0,36324.0,0.0,0.0,36324.0
1100520,51.0,51.5,50.0,50.7,80.0,0.0,0.0,36323.0,0.0,0.0,36323.0
1100521,51.4,51.4,50.8,51.3,24.0,0.0,0.0,36325.0,0.0,0.0,36325.0
1100524,50.8,51.9,50.8,51.6,23.0,0.0,0.0,36325.0,0.0,0.0,36325.0
1100525,51.9,53.0,51.7,52.5,65.0,0.0,0.0,36323.0,0.0,0.0,36323.0
1100526,52.5,53.0,52.5,52.9,25.0,0.0,0.0,36325.0,0.0,0.0,36325.0
1100527,53.5,54.3,52.9,54.0,70.0,0.0,0.0,36322.0,0.0,0.0,36322.0
1100528,54.2,54.9,54.0,54.8,78.0,0.0,0.0,36324.0,0.0,0.0,36324.0
1100531,55.0,55.3,54.2,54.4,62.0,0.0,0.0,36320.0,0.0,0.0,36320.0
1100601,55.2,55.2,54.5,54.7,19.0,0.0,0.0,36319.0,0.0,0.0,36319.0
1100602,54.7,55.0,54.4,54.6,108.0,0.0,0.0,36321.0,0.0,0.0,36321.0
1100603,52.2,52.3,51.6,52.0,58.0,0.0,0.0,36321.0,0.0,0.0,36321.0
1100604,52.0,52.2,51.8,51.9,47.0,0.0,0.0,36316.0,0.0,0.0,36316.0
1100607,53.0,53.4,52.0,52.5,94.0,27.0,0.0,36299.0,0.0,0.0,36299.0
1100608,53.3,53.3,52.5,53.1,24.0,28.0,0.0,36298.0,0.0,0.0,36298.0
1100609,53.1,53.1,52.7,52.7,55.0,36.0,0.0,36289.0,0.0,0.0,36289.0
1100610,52.9,52.9,51.7,52.7,151.0,82.0,0.0,36289.0,0.0,0.0,36289.0
1100611,52.5,52.5,51.9,52.5,42.0,64.0,0.0,36290.0,0.0,0.0,36290.0
1100615,52.3,52.4,52.1,52.2,22.0,65.0,0.0,36291.0,0.0,0.0,36291.0
1100616,52.3,52.3,52.0,52.1,17.0,64.0,0.0,36295.0,0.0,0.0,36295.0
1100617,52.1,52.8,52.1,52.8,20.0,73.0,0.0,36298.0,0.0,0.0,36298.0
1100618,53.0,54.7,53.0,53.7,89.0,74.0,0.0,36294.0,0.0,0.0,36294.0
1100621,53.8,55.2,53.0,55.2,218.0,82.0,0.0,36305.0,0.0,0.0,36305.0
1100622,55.3,56.4,55.2,55.7,204.0,30.0,0.0,36299.0,0.0,0.0,36299.0
1100623,55.7,55.8,54.2,54.8,47.0,20.0,0.0,36298.0,0.0,0.0,36298.0
1100624,54.9,56.0,54.8,55.0,66.0,21.0,0.0,36307.0,0.0,0.0,36307.0
1100625,55.9,55.9,55.1,55.1,49.0,21.0,0.0,36302.0,0.0,0.0,36302.0
1100628,55.1,55.5,54.6,54.6,23.0,21.0,0.0,36297.0,0.0,0.0,36297.0
1100629,55.0,55.0,53.7,53.7,35.0,21.0,0.0,36296.0,0.0,0.0,36296.0
1100630,55.3,55.3,53.7,53.8,40.0,16.0,0.0,36298.0,0.0,0.0,36298.0
1100701,54.0,54.2,53.7,53.9,35.0,11.0,0.0,36296.0,0.0,0.0,36296.0
1100702,53.5,54.3,53.5,54.3,24.0,11.0,0.0,36299.0,0.0,0.0,36299.0
1100705,54.9,54.9,54.5,54.8,20.0,18.0,0.0,36303.0,0.0,0.0,36303.0
1100706,54.9,55.0,54.3,54.6,42.0,19.0,0.0,36305.0,0.0,0.0,36305.0
1100707,54.5,55.9,54.2,54.8,84.0,26.0,0.0,36305.0,0.0,0.0,36305.0
1100708,55.0,55.8,55.0,55.0,167.0,31.0,0.0,36304.0,0.0,0.0,36304.0
1100709,55.5,55.8,55.0,55.2,93.0,42.0,0.0,36297.0,0.0,0.0,36297.0
1100712,55.6,55.6,55.0,55.0,63.0,42.0,0.0,36292.0,0.0,0.0,36292.0
1100713,55.2,55.5,54.8,54.9,46.0,35.0,0.0,36291.0,0.0,0.0,36291.0
1100714,55.1,55.1,54.2,54.2,54.0,41.0,0.0,36288.0,0.0,2.0,36290.0
1100715,54.2,54.7,53.8,54.6,61.0,48.0,0.0,36292.0,0.0,1.0,36293.0
1100716,54.7,54.8,54.0,54.5,37.0,51.0,0.0,36292.0,0.0,0.0,36292.0
1100719,54.3,54.4,53.1,54.1,92.0,62.0,0.0,36299.0,0.0,0.0,36299.0
1100720,54.9,54.9,53.1,53.4,30.0,65.0,0.0,36299.0,0.0,0.0,36299.0
1100721,53.5,53.8,53.1,53.6,45.0,68.0,0.0,36302.0,0.0,0.0,36302.0
1100722,54.5,54.5,53.5,53.9,17.0,68.0,0.0,36303.0,0.0,0.0,36303.0
1100723,54.7,54.8,53.8,54.0,67.0,76.0,0.0,36311.0,0.0,0.0,36311.0
1100726,54.8,54.8,54.0,54.5,22.0,79.0,0.0,36314.0,0.0,0.0,36314.0
1100727,54.5,54.5,53.5,54.5,42.0,83.0,0.0,36318.0,0.0,0.0,36318.0
1100728,54.0,54.0,52.7,53.1,44.0,89.0,0.0,36305.0,0.0,0.0,36305.0
1100729,54.9,54.9,53.0,53.2,33.0,91.0,0.0,36309.0,0.0,0.0,36309.0
1100730,54.6,54.6,53.5,54.0,14.0,92.0,0.0,36309.0,0.0,0.0,36309.0
1100802,54.0,54.4,54.0,54.4,3.0,92.0,0.0,36309.0,0.0,0.0,36309.0
1100803,53.9,54.2,53.5,54.2,35.0,94.0,0.0,36309.0,0.0,0.0,36309.0
1100804,54.3,54.3,54.2,54.2,6.0,97.0,0.0,36309.0,0.0,0.0,36309.0
1100805,54.0,54.1,53.8,53.8,18.0,102.0,0.0,36309.0,0.0,0.0,36309.0
1100806,53.8,54.3,53.7,54.2,21.0,106.0,0.0,36306.0,0.0,0.0,36306.0
1100809,54.0,54.3,53.4,53.8,57.0,121.0,0.0,36305.0,0.0,0.0,36305.0
1100810,54.1,54.6,53.8,53.8,39.0,122.0,0.0,36304.0,0.0,0.0,36304.0
1100811,54.3,54.3,52.9,53.0,93.0,126.0,0.0,36295.0,0.0,0.0,36295.0
1100812,53.5,53.8,53.2,53.5,24.0,133.0,0.0,36296.0,0.0,0.0,36296.0
1100813,53.5,53.5,52.5,52.6,38.0,138.0,0.0,36299.0,0.0,0.0,36299.0
1100816,52.5,52.5,51.8,52.2,23.0,142.0,0.0,36301.0,0.0,0.0,36301.0
1100817,52.2,52.5,51.7,51.7,26.0,142.0,0.0,36302.0,0.0,0.0,36302.0
1100818,51.7,52.0,51.5,52.0,20.0,144.0,0.0,36297.0,0.0,0.0,36297.0
1100819,52.0,52.0,51.0,51.0,25.0,144.0,0.0,36294.0,0.0,0.0,36294.0
1100820,51.0,51.0,50.5,50.9,29.0,144.0,0.0,36293.0,0.0,0.0,36293.0
1100823,50.5,51.2,50.5,51.0,37.0,144.0,0.0,36297.0,0.0,0.0,36297.0
1100824,51.1,51.1,50.8,50.8,14.0,145.0,0.0,36296.0,0.0,0.0,36296.0
1100825,51.4,51.4,51.0,51.0,37.0,144.0,0.0,36294.0,0.0,0.0,36294.0
1100826,51.1,51.6,51.0,51.5,49.0,145.0,0.0,36295.0,0.0,0.0,36295.0
1100827,51.6,52.0,51.5,52.0,22.0,146.0,0.0,36296.0,0.0,0.0,36296.0
1100830,52.4,52.4,52.2,52.3,10.0,149.0,0.0,36296.0,0.0,0.0,36296.0
1100831,52.8,52.8,52.3,52.3,3.0,150.0,0.0,36295.0,0.0,0.0,36295.0
1100901,52.7,52.7,52.3,52.5,17.0,148.0,0.0,36300.0,0.0,0.0,36300.0
1100902,52.5,52.8,52.0,52.5,26.0,147.0,0.0,36298.0,0.0,0.0,36298.0
1100903,52.5,52.6,52.0,52.5,31.0,148.0,0.0,36303.0,0.0,0.0,36303.0
1100906,52.9,52.9,52.5,52.5,20.0,150.0,0.0,36303.0,0.0,0.0,36303.0
1100907,52.1,52.6,52.0,52.1,15.0,152.0,0.0,36303.0,0.0,0.0,36303.0
1100908,51.8,51.8,50.4,51.0,57.0,154.0,0.0,36303.0,0.0,0.0,36303.0
1100909,51.8,51.9,50.8,51.2,19.0,157.0,0.0,36302.0,0.0,0.0,36302.0
1100910,51.3,52.0,51.3,51.5,22.0,162.0,0.0,36302.0,0.0,0.0,36302.0
1100913,51.6,51.8,51.5,51.6,33.0,167.0,0.0,36305.0,0.0,0.0,36305.0
1100914,51.6,51.9,51.4,51.5,20.0,171.0,0.0,36307.0,0.0,0.0,36307.0
1100915,51.5,51.6,51.2,51.5,13.0,173.0,0.0,36308.0,0.0,0.0,36308.0
1100916,52.1,52.1,51.3,51.3,29.0,179.0,0.0,36308.0,0.0,0.0,36308.0
1100917,51.5,51.8,51.4,51.7,33.0,176.0,0.0,36308.0,0.0,0.0,36308.0
1100922,51.8,55.0,51.8,53.7,298.0,215.0,0.0,36297.0,0.0,0.0,36297.0
1100923,54.3,54.9,53.8,54.0,91.0,210.0,0.0,36296.0,0.0,0.0,36296.0
1100924,54.0,54.0,53.2,53.2,26.0,210.0,0.0,36296.0,0.0,1.0,36297.0
1100927,52.8,53.2,52.6,52.8,36.0,207.0,0.0,36302.0,0.0,0.0,36302.0
1100928,52.7,53.7,52.5,52.8,17.0,208.0,0.0,36303.0,0.0,0.0,36303.0
1100929,53.3,53.3,52.3,52.4,31.0,207.0,0.0,36302.0,0.0,0.0,36302.0
1100930,52.3,53.2,52.3,52.4,7.0,206.0,0.0,36302.0,0.0,0.0,36302.0
1101001,52.3,52.8,51.5,51.6,54.0,190.0,0.0,36316.0,0.0,0.0,36316.0
1101004,51.7,52.4,51.5,51.5,89.0,186.0,0.0,36288.0,0.0,0.0,36288.0
1101005,51.5,52.4,51.3,52.4,33.0,185.0,0.0,36289.0,0.0,0.0,36289.0
1101006,53.4,53.4,52.0,52.3,31.0,166.0,0.0,36289.0,0.0,0.0,36289.0
1101007,52.4,52.8,52.4,52.8,40.0,153.0,0.0,36291.0,0.0,0.0,36291.0
1101008,52.9,53.4,51.5,51.7,86.0,153.0,0.0,36292.0,0.0,0.0,36292.0
1101012,50.9,51.3,50.7,51.3,49.0,157.0,0.0,36291.0,0.0,0.0,36291.0
1101013,51.3,51.3,50.7,51.3,11.0,157.0,0.0,36290.0,0.0,0.0,36290.0
1101014,51.8,51.9,51.8,51.9,2.0,156.0,0.0,36291.0,0.0,0.0,36291.0
1101015,51.5,51.9,51.5,51.9,15.0,154.0,0.0,36294.0,0.0,0.0,36294.0
1101018,51.6,51.8,51.5,51.7,12.0,154.0,0.0,36295.0,0.0,0.0,36295.0
1101019,54.8,54.8,51.7,52.5,43.0,155.0,0.0,36296.0,0.0,0.0,36296.0
1101020,51.9,52.4,51.6,52.4,12.0,155.0,0.0,36297.0,0.0,0.0,36297.0
1101021,51.8,52.5,51.8,51.9,27.0,162.0,0.0,36298.0,0.0,0.0,36298.0
1101022,52.8,53.7,52.1,52.5,59.0,164.0,0.0,36307.0,0.0,0.0,36307.0
1101025,52.2,52.2,51.9,51.9,32.0,166.0,0.0,36308.0,0.0,0.0,36308.0
1101026,51.9,51.9,51.5,51.8,42.0,165.0,0.0,36316.0,0.0,0.0,36316.0
1101027,52.0,52.6,52.0,52.0,12.0,165.0,0.0,36317.0,0.0,0.0,36317.0
1101028,51.5,52.0,51.5,51.8,13.0,163.0,0.0,36317.0,0.0,0.0,36317.0
1101029,51.8,52.0,51.5,52.0,34.0,162.0,0.0,36318.0,0.0,0.0,36318.0
1101101,51.8,52.2,51.7,52.0,25.0,162.0,0.0,36318.0,0.0,0.0,36318.0
1101102,52.0,52.4,51.7,51.7,46.0,157.0,0.0,36318.0,0.0,0.0,36318.0
1101103,52.0,52.0,51.7,51.7,24.0,158.0,0.0,36316.0,0.0,0.0,36316.0
1101104,51.8,52.0,51.6,51.6,41.0,161.0,0.0,36316.0,0.0,0.0,36316.0
1101105,51.6,51.8,51.6,51.8,20.0,162.0,0.0,36316.0,0.0,0.0,36316.0
1101108,51.8,51.9,51.6,51.9,26.0,164.0,0.0,36316.0,0.0,0.0,36316.0
1101109,52.0,53.8,51.9,53.1,153.0,182.0,0.0,36328.0,0.0,0.0,36328.0
1101110,53.4,53.8,52.4,53.2,110.0,171.0,0.0,36326.0,0.0,0.0,36326.0
1101111,53.2,54.0,52.8,53.9,80.0,188.0,0.0,36323.0,0.0,0.0,36323.0
1101112,54.2,58.1,53.9,56.6,356.0,298.0,0.0,36314.0,0.0,1.0,36315.0
1101115,57.0,58.5,56.4,56.8,210.0,315.0,0.0,36316.0,0.0,0.0,36316.0
1101116,56.6,56.6,55.3,56.4,124.0,371.0,0.0,36315.0,0.0,2.0,36317.0
1101117,56.5,57.6,56.0,57.6,142.0,400.0,0.0,36315.0,0.0,0.0,36315.0
1101118,57.6,57.6,56.4,57.2,63.0,409.0,0.0,36318.0,0.0,3.0,36321.0
1101119,57.2,57.2,55.4,56.3,78.0,385.0,0.0,36321.0,0.0,0.0,36321.0
1101122,56.0,56.8,55.8,56.4,63.0,385.0,0.0,36316.0,0.0,0.0,36316.0
1101123,56.5,56.5,55.4,56.3,74.0,384.0,0.0,36312.0,0.0,0.0,36312.0
1101124,56.7,56.7,56.0,56.1,36.0,386.0,0.0,36313.0,0.0,0.0,36313.0
1101125,56.0,56.6,56.0,56.3,26.0,388.0,0.0,36313.0,0.0,0.0,36313.0
1101126,56.3,56.3,55.1,56.0,54.0,397.0,0.0,36309.0,0.0,0.0,36309.0
1101129,55.6,55.6,54.8,55.1,77.0,404.0,0.0,36319.0,0.0,0.0,36319.0
1101130,56.0,56.1,55.5,55.6,41.0,405.0,0.0,36318.0,0.0,2.0,36320.0
1101201,55.9,55.9,55.2,55.7,24.0,406.0,0.0,36321.0,0.0,0.0,36321.0
1101202,56.0,56.4,55.9,55.9,32.0,406.0,0.0,36316.0,0.0,0.0,36316.0
1101203,56.0,57.4,56.0,56.8,162.0,431.0,0.0,36338.0,0.0,1.0,36339.0
1101206,57.5,60.7,57.1,59.4,472.0,512.0,0.0,36330.0,0.0,14.0,36344.0
1101207,59.7,60.9,59.3,60.2,388.0,534.0,0.0,36317.0,0.0,28.0,36345.0
1101208,60.7,61.5,60.5,61.4,405.0,593.0,0.0,36332.0,0.0,0.0,36332.0
1101209,61.5,62.9,60.3,60.3,454.0,600.0,0.0,36343.0,0.0,29.0,36372.0
1101210,60.5,61.4,60.2,61.3,199.0,623.0,0.0,36336.0,0.0,0.0,36336.0
1101213,62.2,62.5,60.3,61.0,194.0,619.0,0.0,36327.0,0.0,0.0,36327.0
1101214,60.6,60.6,58.2,59.2,244.0,632.0,0.0,36334.0,0.0,27.0,36361.0
1101215,59.5,60.1,59.0,59.3,65.0,619.0,0.0,36332.0,0.0,29.0,36361.0
1101216,60.4,61.0,60.0,60.5,183.0,626.0,0.0,36335.0,0.0,0.0,36335.0
1101217,60.5,60.8,59.8,60.0,160.0,623.0,0.0,36327.0,0.0,0.0,36327.0
1101220,60.1,60.8,60.0,60.1,109.0,627.0,0.0,36342.0,0.0,28.0,36370.0
1101221,60.1,62.0,60.1,61.6,208.0,665.0,0.0,36383.0,0.0,0.0,36383.0
1101222,61.7,62.5,60.7,60.7,131.0,672.0,0.0,36380.0,0.0,0.0,36380.0
1101223,61.0,61.2,60.4,61.0,93.0,665.0,0.0,36391.0,0.0,0.0,36391.0
1101224,61.0,61.0,60.6,60.7,70.0,667.0,0.0,36408.0,0.0,0.0,36408.0
1101227,61.0,62.8,60.8,61.2,222.0,698.0,0.0,36387.0,0.0,27.0,36414.0
1101228,61.3,67.3,61.3,63.8,641.0,813.0,0.0,36451.0,0.0,18.0,36469.0
1101229,64.5,68.5,64.5,68.2,1000.0,907.0,0.0,36446.0,0.0,10.0,36456.0
1101230,68.2,69.9,66.6,68.0,529.0,949.0,0.0,36473.0,0.0,0.0,36473.0
1110103,68.5,69.1,67.1,67.6,360.0,943.0,0.0,36448.0,0.0,0.0,36448.0
1110104,67.9,68.3,67.2,67.9,289.0,906.0,0.0,36491.0,0.0,0.0,36491.0
1110105,68.3,69.0,67.1,68.9,268.0,924.0,0.0,36545.0,0.0,13.0,36558.0
1110106,70.0,74.9,69.3,71.7,985.0,966.0,0.0,36524.0,0.0,23.0,36547.0
1110107,73.3,73.8,67.1,68.0,969.0,874.0,3.0,36522.0,0.0,34.0,36556.0
1110110,67.6,69.7,66.6,66.7,532.0,804.0,0.0,36528.0,0.0,45.0,36573.0
1110111,67.8,67.9,63.5,64.4,725.0,583.0,0.0,36540.0,0.0,56.0,36596.0
1110112,64.8,65.5,64.2,64.9,170.0,576.0,0.0,36525.0,0.0,60.0,36585.0
1110113,65.8,65.9,65.0,65.9,82.0,570.0,0.0,36520.0,0.0,56.0,36576.0
1110114,65.9,66.0,63.6,65.1,137.0,571.0,0.0,36532.0,0.0,55.0,36587.0
1110117,64.2,65.9,64.0,65.3,122.0,550.0,0.0,36560.0,0.0,0.0,36560.0
1110118,66.0,66.7,65.3,65.4,126.0,544.0,0.0,36572.0,0.0,0.0,36572.0
1110119,65.0,65.4,64.6,65.4,112.0,544.0,0.0,36577.0,0.0,56.0,36633.0
1110120,65.5,65.7,65.0,65.4,72.0,551.0,0.0,36590.0,0.0,0.0,36590.0
1110121,65.0,65.5,64.2,65.1,186.0,521.0,0.0,36593.0,0.0,50.0,36643.0
1110124,64.3,65.1,63.5,64.6,148.0,527.0,0.0,36589.0,0.0,54.0,36643.0
1110125,64.1,64.5,63.4,64.0,113.0,531.0,0.0,36573.0,0.0,54.0,36627.0
1110126,63.7,64.4,63.4,64.2,59.0,537.0,0.0,36578.0,0.0,50.0,36628.0
1110207,64.5,66.2,64.5,66.1,100.0,571.0,0.0,36601.0,0.0,0.0,36601.0
1110208,67.1,67.5,66.2,66.5,108.0,576.0,0.0,36610.0,0.0,0.0,36610.0
1110209,67.8,67.8,66.3,66.8,119.0,562.0,0.0,36617.0,0.0,52.0,36669.0
1110210,66.8,66.8,66.3,66.6,122.0,578.0,0.0,36626.0,0.0,53.0,36679.0
1110211,66.4,66.7,65.8,66.4,90.0,567.0,0.0,36637.0,0.0,0.0,36637.0
1110214,66.2,66.2,64.7,65.0,125.0,587.0,0.0,36618.0,0.0,50.0,36668.0
1110215,64.1,65.3,63.6,64.3,196.0,582.0,0.0,36611.0,0.0,0.0,36611.0
1110216,65.5,65.5,64.0,64.7,101.0,570.0,0.0,36612.0,0.0,52.0,36664.0
1110217,64.8,65.4,64.3,64.6,88.0,569.0,0.0,36618.0,0.0,48.0,36666.0
1110218,64.8,65.4,64.7,64.9,49.0,584.0,0.0,36620.0,0.0,0.0,36620.0
1110221,65.0,65.4,64.5,64.9,70.0,584.0,0.0,36621.0,0.0,47.0,36668.0
1110222,64.8,65.0,63.6,64.2,126.0,577.0,0.0,36607.0,0.0,44.0,36651.0
1110223,64.2,65.0,64.2,65.0,35.0,578.0,0.0,36522.0,0.0,0.0,36522.0
1110224,64.5,64.8,62.9,62.9,127.0,579.0,0.0,36496.0,0.0,0.0,36496.0
1110225,60.0,62.0,59.9,62.0,454.0,583.0,0.0,36515.0,0.0,0.0,36515.0
1110301,62.0,62.2,61.5,61.9,91.0,578.0,0.0,36523.0,0.0,46.0,36569.0
1110302,61.9,62.2,61.6,62.0,38.0,576.0,0.0,36520.0,0.0,0.0,36520.0
1110303,63.6,63.7,61.9,63.3,104.0,565.0,0.0,36529.0,0.0,45.0,36574.0
1110304,62.3,63.6,62.3,63.4,62.0,560.0,0.0,36527.0,0.0,36.0,36563.0
1110307,63.2,63.8,62.2,62.7,114.0,560.0,0.0,36500.0,0.0,35.0,36535.0
1110308,62.0,62.6,61.0,61.9,98.0,564.0,0.0,36475.0,0.0,33.0,36508.0
1110309,62.0,63.0,61.9,62.3,67.0,564.0,0.0,36479.0,0.0,31.0,36510.0
1110310,62.6,63.9,62.3,63.0,73.0,569.0,0.0,36487.0,0.0,31.0,36518.0
1110311,62.6,62.6,62.1,62.3,55.0,570.0,0.0,36477.0,0.0,0.0,36477.0
1110314,63.0,63.0,61.1,61.6,104.0,572.0,0.0,36477.0,0.0,0.0,36477.0
1110315,61.6,61.6,60.4,60.4,139.0,573.0,0.0,36482.0,0.0,0.0,36482.0
1110316,61.5,61.5,60.3,60.8,47.0,574.0,0.0,36475.0,0.0,0.0,36475.0
1110317,62.0,62.1,60.7,61.1,116.0,577.0,0.0,36520.0,0.0,0.0,36520.0
1110318,60.7,61.4,60.7,61.2,33.0,577.0,0.0,36527.0,0.0,0.0,36527.0
1110321,61.8,62.0,61.2,61.3,39.0,574.0,0.0,36527.0,0.0,0.0,36527.0
1110322,61.6,61.8,60.9,61.1,50.0,570.0,0.0,36523.0,0.0,0.0,36523.0
1110323,61.1,62.9,61.1,62.0,113.0,580.0,0.0,36517.0,0.0,34.0,36551.0
1110324,61.6,62.2,61.6,62.0,14.0,581.0,0.0,36513.0,0.0,0.0,36513.0
1110325,62.0,62.2,61.7,61.8,31.0,580.0,0.0,36511.0,0.0,0.0,36511.0
1110328,61.6,63.4,61.6,62.6,126.0,592.0,0.0,36508.0,0.0,0.0,36508.0
1110329,62.9,63.7,62.9,63.2,88.0,592.0,0.0,36512.0,0.0,0.0,36512.0
1110330,63.6,64.4,63.6,64.1,131.0,590.0,0.0,36521.0,0.0,0.0,36521.0
1110331,64.3,64.6,63.4,63.6,122.0,577.0,0.0,36504.0,0.0,0.0,36504.0
1110401,63.2,63.8,63.1,63.5,47.0,581.0,0.0,36496.0,0.0,0.0,36496.0
1110406,62.9,64.5,62.9,63.5,76.0,576.0,0.0,36490.0,0.0,22.0,36512.0
1110407,63.4,64.0,63.2,63.7,87.0,573.0,0.0,36551.0,0.0,32.0,36583.0
1110408,63.9,64.7,63.8,64.7,124.0,603.0,0.0,36557.0,0.0,0.0,36557.0
1110411,64.8,65.6,64.1,64.9,125.0,596.0,0.0,36556.0,0.0,0.0,36556.0
1110412,64.7,64.8,63.9,64.0,53.0,577.0,0.0,36553.0,0.0,0.0,36553.0
1110413,64.1,64.5,63.5,64.5,88.0,571.0,0.0,36581.0,0.0,0.0,36581.0
1110414,64.7,64.8,64.2,64.4,30.0,564.0,0.0,36584.0,0.0,0.0,36584.0
1110415,64.2,64.7,63.7,64.7,86.0,557.0,0.0,36581.0,0.0,0.0,36581.0
1110418,64.6,64.8,64.3,64.3,80.0,559.0,0.0,36588.0,0.0,59.0,36647.0
1110419,64.0,67.0,64.0,66.8,207.0,523.0,0.0,36637.0,0.0,84.0,36721.0
1110420,67.1,67.8,66.5,66.9,182.0,531.0,0.0,36642.0,0.0,110.0,36752.0
1110421,67.4,68.4,67.4,67.7,222.0,497.0,0.0,36665.0,0.0,135.0,36800.0
1110422,69.5,73.0,69.1,70.5,1074.0,579.0,0.0,36728.0,0.0,0.0,36728.0
1110425,69.7,69.8,68.3,69.5,397.0,599.0,0.0,36723.0,0.0,134.0,36857.0
1110426,70.0,71.1,68.6,68.7,265.0,631.0,0.0,36684.0,0.0,133.0,36817.0
1110427,67.4,67.4,65.4,66.1,261.0,632.0,0.0,36730.0,0.0,135.0,36865.0
1110428,67.9,67.9,66.1,66.7,94.0,649.0,0.0,36713.0,0.0,0.0,36713.0
1110429,67.2,67.4,66.9,66.9,64.0,657.0,0.0,36725.0,0.0,0.0,36725.0
1110503,67.5,68.0,66.2,67.8,46.0,666.0,0.0,36735.0,0.0,0.0,36735.0
1110504,68.7,70.9,68.3,69.5,390.0,559.0,0.0,36778.0,0.0,145.0,36923.0
1110505,70.0,71.6,69.5,71.1,282.0,547.0,1.0,36807.0,0.0,0.0,36807.0
1110506,70.2,71.9,69.4,71.4,180.0,572.0,1.0,36826.0,0.0,0.0,36826.0
1110509,71.4,71.5,69.0,69.0,258.0,571.0,1.0,36804.0,0.0,147.0,36951.0
1110510,68.6,70.2,67.8,69.6,242.0,540.0,1.0,36881.0,0.0,135.0,37016.0
1110511,71.0,71.0,68.1,68.4,161.0,522.0,1.0,36844.0,0.0,130.0,36974.0
1110512,68.0,68.7,67.8,68.4,228.0,502.0,2.0,36869.0,0.0,126.0,36995.0
1110513,68.7,72.6,68.7,72.5,750.0,553.0,1.0,37126.0,0.0,121.0,37247.0
1110516,73.8,75.6,72.2,75.5,1192.0,726.0,4.0,37143.0,0.0,148.0,37291.0
1110517,75.5,75.5,73.7,74.7,567.0,758.0,3.0,35744.0,0.0,0.0,35744.0
1110518,74.7,76.9,74.0,74.4,794.0,772.0,5.0,35829.0,0.0,0.0,35829.0
1110519,73.2,73.4,72.3,73.4,461.0,735.0,3.0,35877.0,0.0,0.0,35877.0
1110520,73.8,76.8,73.6,73.6,869.0,658.0,4.0,35984.0,0.0,145.0,36129.0
1110523,73.8,74.3,72.8,73.7,242.0,660.0,4.0,36009.0,0.0,0.0,36009.0
1110524,74.3,74.3,72.7,73.0,258.0,666.0,9.0,36025.0,0.0,119.0,36144.0
1110525,74.1,76.3,73.5,76.3,638.0,613.0,13.0,36172.0,0.0,109.0,36281.0
1110526,76.7,76.7,74.3,74.5,375.0,648.0,11.0,36018.0,0.0,107.0,36125.0
1110527,74.9,75.0,73.4,74.1,388.0,629.0,2.0,36015.0,0.0,112.0,36127.0
1110530,74.5,75.4,73.9,74.3,125.0,614.0,0.0,36028.0,0.0,116.0,36144.0
1110531,74.3,74.3,72.9,73.4,260.0,582.0,0.0,36014.0,0.0,0.0,36014.0
1110601,73.3,74.3,73.3,73.7,137.0,589.0,0.0,36009.0,0.0,0.0,36009.0
1110602,73.6,74.4,73.3,73.7,310.0,600.0,0.0,35951.0,0.0,115.0,36066.0
1110606,70.7,70.9,69.4,70.2,607.0,590.0,25.0,35854.0,0.0,0.0,35854.0
1110607,70.1,70.1,66.5,66.7,865.0,592.0,25.0,35752.0,0.0,0.0,35752.0
1110608,67.2,68.6,66.5,68.0,623.0,629.0,0.0,35831.0,0.0,116.0,35947.0
1110609,67.5,68.5,67.5,67.9,169.0,627.0,0.0,35772.0,0.0,0.0,35772.0
1110610,67.6,70.8,67.6,70.4,341.0,711.0,25.0,35769.0,0.0,0.0,35769.0
1110613,69.9,72.6,69.4,71.5,496.0,758.0,26.0,35880.0,0.0,108.0,35988.0
1110614,71.4,71.9,70.2,71.6,217.0,779.0,27.0,35867.0,0.0,111.0,35978.0
1110615,72.4,72.4,71.3,71.5,158.0,754.0,27.0,35864.0,0.0,0.0,35864.0
1110616,71.7,72.2,70.0,70.4,303.0,783.0,27.0,35838.0,0.0,0.0,35838.0
1110617,69.0,70.1,68.3,69.3,202.0,795.0,27.0,35863.0,0.0,0.0,35863.0
1110620,69.0,69.9,66.7,67.2,193.0,793.0,27.0,35818.0,0.0,0.0,35818.0
1110621,67.2,68.6,67.2,68.3,97.0,800.0,27.0,35846.0,0.0,120.0,35966.0
1110622,68.4,68.4,66.3,66.9,237.0,733.0,27.0,35838.0,0.0,121.0,35959.0
1110623,68.1,68.5,66.6,67.8,130.0,725.0,27.0,35847.0,0.0,125.0,35972.0
1110624,67.8,68.4,67.3,67.6,94.0,725.0,27.0,35832.0,0.0,127.0,35959.0
1110627,67.7,68.2,67.4,67.6,94.0,728.0,27.0,35828.0,0.0,132.0,35960.0
1110628,68.1,68.2,66.4,67.1,112.0,754.0,26.0,35767.0,0.0,0.0,35767.0
1110629,66.6,66.6,65.7,66.2,181.0,771.0,21.0,35717.0,0.0,0.0,35717.0
1110630,65.5,65.5,63.6,63.6,242.0,769.0,21.0,35659.0,0.0,130.0,35789.0
1110701,63.7,64.0,60.7,60.9,230.0,773.0,21.0,35650.0,0.0,133.0,35783.0
1110704,61.5,62.0,61.0,61.3,71.0,772.0,21.0,35662.0,0.0,136.0,35798.0
1110705,62.2,63.2,61.8,62.9,84.0,770.0,21.0,35660.0,0.0,138.0,35798.0
1110706,63.5,64.2,62.5,63.3,225.0,772.0,2.0,35598.0,0.0,144.0,35742.0
1110707,64.0,64.8,63.9,64.2,167.0,765.0,2.0,35630.0,0.0,145.0,35775.0
1110708,64.5,65.1,64.2,64.4,118.0,763.0,1.0,35626.0,0.0,0.0,35626.0
1110711,64.6,65.5,64.4,64.8,76.0,764.0,1.0,35630.0,0.0,0.0,35630.0
1110712,64.0,64.6,63.1,63.4,84.0,770.0,3.0,35615.0,0.0,0.0,35615.0
1110713,64.1,64.4,63.8,64.0,33.0,761.0,4.0,35617.0,0.0,0.0,35617.0
1110714,63.4,64.8,63.4,64.4,42.0,761.0,4.0,35613.0,0.0,0.0,35613.0
1110715,64.0,64.4,63.6,64.3,56.0,763.0,3.0,35597.0,0.0,149.0,35746.0
1110718,64.6,65.1,64.5,65.1,31.0,761.0,3.0,35606.0,0.0,150.0,35756.0
1110719,65.2,65.9,65.0,65.9,49.0,765.0,3.0,35621.0,0.0,152.0,35773.0
1110720,65.7,66.6,65.5,65.8,100.0,766.0,3.0,35600.0,0.0,151.0,35751.0
1110721,66.2,67.5,65.6,66.7,101.0,803.0,2.0,35602.0,0.0,0.0,35602.0
1110722,66.7,67.6,66.7,67.2,81.0,806.0,2.0,35584.0,0.0,0.0,35584.0
1110725,67.4,67.8,66.7,67.7,50.0,808.0,2.0,35588.0,0.0,0.0,35588.0
1110726,67.8,67.9,67.1,67.6,80.0,814.0,2.0,35585.0,0.0,144.0,35729.0
1110727,67.0,68.6,67.0,68.1,81.0,813.0,2.0,35607.0,0.0,0.0,35607.0
1110728,68.1,68.6,67.5,67.6,80.0,819.0,2.0,35594.0,0.0,0.0,35594.0
1110729,70.3,70.3,68.4,68.7,257.0,789.0,1.0,35581.0,0.0,141.0,35722.0
1110801,68.7,68.8,67.5,67.6,172.0,779.0,1.0,35570.0,0.0,136.0,35706.0
1110802,67.1,67.3,65.4,66.5,279.0,787.0,1.0,35576.0,0.0,130.0,35706.0
1110803,65.9,66.4,65.7,65.8,87.0,764.0,1.0,35573.0,0.0,126.0,35699.0
1110804,65.8,65.8,64.7,65.4,96.0,752.0,1.0,35552.0,0.0,118.0,35670.0
1110805,65.7,66.5,65.6,66.2,63.0,759.0,1.0,35568.0,0.0,111.0,35679.0
1110808,66.4,66.7,65.6,66.7,47.0,744.0,1.0,35572.0,0.0,0.0,35572.0
1110809,67.0,68.4,67.0,68.3,86.0,738.0,2.0,35589.0,0.0,0.0,35589.0
1110810,67.7,69.1,67.7,68.8,77.0,731.0,2.0,35601.0,0.0,109.0,35710.0
1110811,68.0,69.2,68.0,68.6,128.0,683.0,2.0,35598.0,0.0,0.0,35598.0
1110812,68.6,68.6,68.4,68.5,39.0,680.0,1.0,35598.0,0.0,0.0,35598.0
1110815,69.3,69.3,68.1,68.6,57.0,680.0,1.0,35601.0,0.0,0.0,35601.0
1110816,68.2,68.7,68.2,68.3,58.0,683.0,1.0,35585.0,0.0,0.0,35585.0
1110817,69.0,72.2,68.4,71.6,414.0,755.0,1.0,35676.0,0.0,110.0,35786.0
1110818,71.1,72.4,70.4,71.6,189.0,761.0,1.0,35644.0,0.0,110.0,35754.0
1110819,71.7,71.7,70.7,70.7,128.0,760.0,1.0,35654.0,0.0,0.0,35654.0
1110822,70.3,71.3,70.3,70.6,59.0,757.0,1.0,35635.0,0.0,0.0,35635.0
1110823,70.6,70.6,69.5,70.0,92.0,745.0,1.0,35642.0,0.0,0.0,35642.0
1110824,70.0,70.6,69.8,70.2,84.0,728.0,1.0,35649.0,0.0,0.0,35649.0
1110825,70.6,72.7,70.6,71.6,384.0,741.0,1.0,35705.0,0.0,109.0,35814.0
1110826,71.8,74.3,71.8,73.4,688.0,796.0,1.0,35737.0,0.0,90.0,35827.0
1110829,71.4,73.2,71.4,72.3,356.0,773.0,1.0,35794.0,0.0,88.0,35882.0
1110830,72.5,73.4,72.4,73.0,124.0,769.0,1.0,35787.0,0.0,0.0,35787.0
1110831,72.7,73.3,72.0,73.2,244.0,770.0,1.0,35754.0,0.0,0.0,35754.0
1110901,73.0,73.0,72.1,72.3,132.0,755.0,1.0,35751.0,0.0,72.0,35823.0
1110902,72.9,76.9,72.7,75.6,905.0,884.0,1.0,35849.0,0.0,0.0,35849.0
1110905,77.0,81.3,76.9,80.0,2196.0,1010.0,4.0,35818.0,0.0,58.0,35876.0
1110906,80.7,80.8,78.2,80.6,1124.0,1044.0,9.0,35898.0,0.0,52.0,35950.0
1110907,80.3,80.4,78.2,80.0,499.0,1060.0,16.0,36004.0,0.0,50.0,36054.0
1110908,80.9,82.7,79.5,82.5,780.0,1125.0,19.0,36131.0,0.0,0.0,36131.0
1110912,83.0,86.1,81.2,81.2,1426.0,1159.0,18.0,35872.0,0.0,57.0,35929.0
1110913,82.4,84.8,81.4,83.4,1102.0,1061.0,19.0,36292.0,0.0,68.0,36360.0
1110914,81.8,84.6,81.2,84.1,624.0,1043.0,19.0,36340.0,0.0,0.0,36340.0
1110915,83.7,84.0,81.5,81.7,633.0,1060.0,19.0,36219.0,0.0,73.0,36292.0
1110916,81.4,82.7,81.2,81.2,280.0,1016.0,17.0,36285.0,0.0,71.0,36356.0
1110919,81.9,81.9,78.0,78.5,689.0,846.0,14.0,36450.0,0.0,72.0,36522.0
1110920,79.3,80.1,78.8,79.6,273.0,773.0,13.0,36533.0,0.0,0.0,36533.0
1110921,79.8,79.8,78.1,78.2,232.0,726.0,12.0,36503.0,0.0,0.0,36503.0
1110922,78.2,78.3,76.1,78.3,440.0,763.0,11.0,36497.0,0.0,0.0,36497.0
1110923,77.8,78.3,75.6,76.0,510.0,756.0,11.0,36278.0,0.0,73.0,36351.0
1110926,74.9,75.7,73.3,73.6,501.0,721.0,9.0,36397.0,0.0,75.0,36472.0
1110927,73.8,77.3,73.6,77.2,495.0,724.0,9.0,36354.0,0.0,80.0,36434.0
1110928,76.8,76.8,71.7,71.9,667.0,716.0,4.0,36193.0,0.0,79.0,36272.0
1110929,72.5,74.3,72.3,72.9,296.0,716.0,4.0,36197.0,0.0,74.0,36271.0
1110930,70.9,72.8,70.0,72.4,594.0,692.0,4.0,36135.0,0.0,0.0,36135.0
1111003,71.6,73.1,71.2,71.9,214.0,693.0,4.0,36109.0,0.0,0.0,36109.0
1111004,74.8,77.1,73.7,75.6,1025.0,711.0,5.0,36047.0,0.0,0.0,36047.0
1111005,77.0,77.9,75.1,75.5,500.0,767.0,5.0,36013.0,0.0,0.0,36013.0
1111006,76.0,76.5,74.5,75.6,352.0,751.0,4.0,35964.0,0.0,53.0,36017.0
1111007,75.6,77.3,75.3,76.3,313.0,764.0,5.0,36038.0,0.0,34.0,36072.0
1111011,76.3,76.5,74.5,75.8,356.0,763.0,6.0,35983.0,0.0,0.0,35983.0
1111012,76.2,77.7,75.5,76.0,445.0,817.0,6.0,36011.0,0.0,27.0,36038.0
1111013,76.3,76.5,71.5,72.2,797.0,738.0,10.0,35897.0,42.0,17.0,35956.0
1111014,75.0,76.9,74.8,76.0,676.0,761.0,8.0,36113.0,42.0,0.0,36155.0
1111017,76.6,83.3,76.6,82.6,3222.0,860.0,41.0,36109.0,112.0,0.0,36221.0
1111018,84.0,89.1,82.8,85.3,5582.0,1100.0,89.0,35715.0,178.0,0.0,35893.0
1111019,85.0,93.4,84.1,92.8,7105.0,1264.0,315.0,36721.0,204.0,0.0,36925.0
1111020,91.0,93.2,84.3,87.7,6714.0,1676.0,409.0,35637.0,257.0,89.0,35983.0
1111021,88.7,91.7,86.2,86.2,7744.0,1511.0,584.0,35600.0,265.0,62.0,35927.0
1111024,88.8,88.8,85.1,85.3,2700.0,1513.0,596.0,35609.0,300.0,99.0,36008.0
1111025,85.9,85.9,82.6,83.1,2256.0,1483.0,593.0,35962.0,300.0,135.0,36397.0
1111026,83.8,84.5,80.5,80.6,1977.0,1469.0,578.0,35864.0,300.0,172.0,36336.0
1111027,81.0,84.5,81.0,83.2,1479.0,1526.0,587.0,35754.0,300.0,156.0,36210.0
1111028,82.6,83.2,80.6,80.9,858.0,1493.0,548.0,35644.0,300.0,178.0,36122.0
1111031,82.0,86.6,81.9,85.4,2078.0,1260.0,546.0,35977.0,300.0,185.0,36462.0
1111101,84.8,88.5,84.5,86.8,1627.0,1368.0,579.0,35883.0,300.0,201.0,36384.0
1111102,87.8,88.0,86.1,87.2,1099.0,1398.0,676.0,35853.0,300.0,193.0,36346.0
1111103,83.5,84.8,82.8,83.3,1609.0,1354.0,607.0,35556.0,300.0,190.0,36046.0
1111104,83.3,84.8,82.8,83.5,865.0,1347.0,552.0,35496.0,280.0,192.0,35968.0
1111107,83.3,84.4,82.8,83.3,810.0,1371.0,542.0,35575.0,230.0,0.0,35805.0
1111108,83.8,84.2,81.5,81.6,1053.0,1417.0,534.0,35418.0,230.0,217.0,35865.0
1111109,81.6,82.6,81.4,82.2,572.0,1393.0,492.0,35355.0,230.0,205.0,35790.0
1111110,81.5,82.7,80.2,80.2,651.0,1350.0,489.0,35249.0,182.0,195.0,35626.0
1111111,81.6,82.7,79.3,81.1,995.0,1341.0,480.0,35351.0,182.0,124.0,35657.0
1111114,81.6,82.7,81.0,81.4,738.0,1344.0,471.0,35294.0,26.0,63.0,35383.0
1111115,80.8,81.8,80.7,81.5,466.0,1317.0,466.0,35250.0,26.0,61.0,35337.0
1111116,81.6,83.9,81.6,83.0,1068.0,1313.0,461.0,35145.0,26.0,61.0,35232.0
1111117,82.6,83.6,82.4,83.3,401.0,1319.0,440.0,35167.0,26.0,66.0,35259.0
1111118,83.3,88.6,83.3,86.0,2183.0,1312.0,475.0,35362.0,26.0,91.0,35479.0
1111121,86.5,94.6,86.4,94.5,5325.0,1439.0,638.0,36582.0,26.0,0.0,36608.0
1111122,94.7,96.9,90.3,93.4,5149.0,1356.0,707.0,37271.0,26.0,94.0,37391.0
1111123,94.3,96.0,90.8,90.8,1592.0,1454.0,699.0,36910.0,26.0,0.0,36936.0
1111124,90.8,91.6,87.2,87.7,1638.0,1528.0,512.0,36428.0,26.0,92.0,36546.0
1111125,87.9,89.4,87.0,87.1,763.0,1559.0,455.0,36173.0,26.0,0.0,36199.0
1111128,86.6,89.4,86.3,87.6,760.0,1567.0,336.0,36080.0,26.0,89.0,36195.0
1111129,87.1,88.6,86.1,87.8,748.0,1514.0,331.0,36168.0,26.0,0.0,36194.0
1111130,88.4,90.8,87.2,89.5,1688.0,1721.0,302.0,36010.0,26.0,0.0,36036.0
1111201,89.6,95.0,89.2,94.7,3043.0,1789.0,316.0,35900.0,26.0,0.0,35926.0
1111202,104.0,104.0,99.4,104.0,5694.0,1487.0,428.0,37421.0,26.0,135.0,37582.0
1111205,108.0,114.0,107.0,114.0,4028.0,1614.0,540.0,37155.0,26.0,140.0,37321.0
1111206,125.0,125.0,125.0,125.0,1208.0,1666.0,683.0,37064.0,26.0,199.0,37289.0
1111207,125.0,131.0,117.5,122.5,21014.0,1660.0,615.0,38144.0,26.0,150.0,38320.0
1111208,129.5,134.5,128.0,134.5,7073.0,2211.0,746.0,38648.0,26.0,99.0,38773.0
1111209,134.5,138.0,131.5,136.0,2123.0,2134.0,739.0,38462.0,26.0,192.0,38680.0
1111212,138.0,138.0,134.0,135.0,948.0,1958.0,700.0,38499.0,26.0,239.0,38765.0
1111213,138.0,138.0,128.0,129.0,1343.0,1913.0,631.0,38591.0,26.0,249.0,38867.0
1111214,129.0,133.5,128.0,133.5,614.0,1939.0,626.0,38602.0,26.0,284.0,38912.0
1111215,133.5,141.0,133.5,141.0,1968.0,1680.0,585.0,38685.0,26.0,288.0,38999.0
1111216,136.0,137.5,135.0,136.5,826.0,1529.0,556.0,38713.0,26.0,289.0,39028.0
1111219,138.5,138.5,132.0,134.5,548.0,1528.0,450.0,38748.0,26.0,0.0,38774.0
1111220,133.5,136.0,127.0,127.0,662.0,1456.0,427.0,38849.0,26.0,0.0,38875.0
1111221,127.5,134.5,127.5,134.5,533.0,1462.0,441.0,38898.0,26.0,285.0,39209.0
1111222,136.5,136.5,132.5,132.5,374.0,1474.0,382.0,38895.0,26.0,0.0,38921.0
1111223,128.5,132.5,128.5,132.5,538.0,1366.0,375.0,38988.0,26.0,0.0,39014.0
1111226,133.5,136.5,131.0,136.0,837.0,1403.0,471.0,38992.0,26.0,282.0,39300.0
1111227,132.5,133.0,122.5,122.5,3760.0,1481.0,375.0,37965.0,26.0,287.0,38278.0
1111228,119.5,121.0,115.5,119.0,3048.0,1455.0,301.0,38037.0,26.0,345.0,38408.0
1111229,117.0,122.0,113.0,119.5,2031.0,1490.0,290.0,38140.0,26.0,0.0,38166.0
1111230,119.5,131.0,119.5,131.0,4342.0,1748.0,371.0,38315.0,26.0,294.0,38635.0
1120103,134.0,136.0,126.5,128.0,12321.0,1841.0,380.0,37227.0,26.0,296.0,37549.0
1120104,127.0,131.0,124.5,125.0,3618.0,1921.0,362.0,36806.0,26.0,390.0,37222.0
1120105,129.5,134.5,119.5,120.5,7449.0,1896.0,373.0,36323.0,26.0,331.0,36680.0
1120106,122.0,124.5,119.0,120.5,4710.0,1813.0,369.0,35940.0,26.0,427.0,36393.0
1120109,120.5,122.5,118.0,121.5,2727.0,1802.0,396.0,35934.0,26.0,431.0,36391.0
1120110,121.0,127.0,120.0,122.0,3494.0,1966.0,386.0,35742.0,26.0,439.0,36207.0
1120111,122.5,125.0,118.5,118.5,1801.0,1878.0,340.0,35773.0,26.0,0.0,35799.0
1120112,120.0,121.0,115.5,116.0,1757.0,1774.0,311.0,35846.0,26.0,441.0,36313.0
1120113,117.5,120.0,116.5,118.0,1661.0,1717.0,316.0,36190.0,26.0,0.0,36216.0
1120116,118.5,121.5,115.0,119.5,2038.0,1669.0,292.0,36567.0,26.0,444.0,37037.0
1120117,119.5,120.5,117.5,117.5,1007.0,1661.0,199.0,36273.0,26.0,0.0,36299.0
1120130,119.0,122.0,116.0,119.0,1359.0,1741.0,197.0,36198.0,26.0,443.0,36667.0
1120131,119.0,121.0,118.0,119.5,870.0,1818.0,198.0,36099.0,26.0,0.0,36125.0
1120201,121.0,131.0,121.0,131.0,3692.0,2084.0,278.0,35900.0,26.0,428.0,36354.0
1120202,135.0,138.0,125.5,127.0,11181.0,2171.0,282.0,35696.0,26.0,421.0,36143.0
1120203,127.0,127.5,123.0,124.5,2146.0,2148.0,254.0,35516.0,26.0,0.0,35542.0
1120206,126.5,133.0,126.5,128.5,4611.0,2321.0,304.0,35546.0,26.0,416.0,35988.0
1120207,129.0,133.0,129.0,129.5,2633.0,2169.0,314.0,35460.0,26.0,424.0,35910.0
1120208,131.0,132.5,128.5,129.5,1554.0,2151.0,310.0,35367.0,26.0,0.0,35393.0
1120209,131.5,142.0,131.0,142.0,15107.0,3314.0,411.0,36159.0,26.0,0.0,36185.0
1120210,144.5,156.0,143.0,144.5,30343.0,2601.0,458.0,36086.0,26.0,455.0,36567.0
1120213,146.5,151.0,144.0,147.5,13590.0,2911.0,501.0,35402.0,26.0,453.0,35881.0
1120214,145.5,146.0,141.0,144.0,5119.0,2774.0,431.0,35447.0,26.0,449.0,35922.0
1120215,147.0,154.0,145.5,146.0,9794.0,2905.0,415.0,35410.0,26.0,449.0,35885.0
1120216,144.0,149.0,143.0,148.5,3843.0,2811.0,426.0,35790.0,26.0,452.0,36268.0
1120217,150.0,159.0,149.0,149.0,12986.0,2651.0,425.0,35561.0,26.0,456.0,36043.0
1120220,150.0,156.5,149.0,153.5,6468.0,2364.0,386.0,36513.0,26.0,467.0,37006.0
1120221,157.0,166.5,154.0,157.0,15565.0,2558.0,348.0,35466.0,26.0,456.0,35948.0
1120222,157.5,167.5,155.0,161.0,21166.0,2306.0,407.0,37196.0,26.0,459.0,37681.0
1120223,162.0,162.5,157.0,161.5,8199.0,2468.0,384.0,35706.0,26.0,473.0,36205.0
1120224,160.5,160.5,153.0,154.5,4569.0,2174.0,287.0,35500.0,26.0,470.0,35996.0
1120301,156.5,158.0,153.5,157.0,2469.0,2056.0,283.0,35690.0,26.0,474.0,36191.0
1120302,160.0,162.5,159.0,159.5,4645.0,2037.0,216.0,35769.0,26.0,471.0,36267.0
1120303,161.0,164.5,157.0,157.5,4923.0,1964.0,211.0,36082.0,26.0,485.0,36594.0
1120306,160.0,166.0,158.0,161.0,6688.0,2083.0,177.0,36188.0,26.0,482.0,36696.0
1120307,161.5,163.5,159.5,161.0,2357.0,2055.0,157.0,35856.0,26.0,0.0,35882.0
1120308,154.5,159.5,154.5,157.5,3484.0,2124.0,127.0,35808.0,26.0,0.0,35834.0
1120309,159.5,160.0,155.5,156.0,1490.0,2060.0,87.0,35586.0,26.0,422.0,36034.0
1120310,156.0,158.5,149.5,151.5,2492.0,1932.0,3.0,35805.0,26.0,0.0,35831.0
1120313,149.0,152.5,147.0,150.5,1219.0,1892.0,0.0,35932.0,26.0,0.0,35958.0
1120314,150.0,154.0,149.5,150.0,1019.0,1922.0,0.0,35689.0,26.0,0.0,35715.0
1120315,152.5,154.0,151.0,153.5,981.0,1898.0,0.0,35715.0,26.0,421.0,36162.0
1120316,148.5,149.0,141.0,141.0,1575.0,1861.0,19.0,35334.0,25.0,419.0,35778.0
1120317,143.5,145.0,142.5,144.0,624.0,1766.0,49.0,35542.0,25.0,0.0,35567.0
1120320,143.5,146.0,143.0,145.0,707.0,1755.0,70.0,35649.0,25.0,0.0,35674.0
1120321,146.5,146.5,142.5,142.5,555.0,1760.0,64.0,35540.0,25.0,0.0,35565.0
1120322,144.5,146.0,143.0,144.0,731.0,1780.0,64.0,35429.0,25.0,0.0,35454.0
1120323,146.0,153.0,145.5,150.0,3893.0,2125.0,109.0,35167.0,25.0,0.0,35192.0
1120324,151.0,157.0,150.5,154.0,4057.0,2130.0,181.0,35360.0,25.0,455.0,35840.0
1120327,155.0,168.5,155.0,164.5,14145.0,2265.0,377.0,36298.0,25.0,497.0,36820.0
1120328,165.5,167.5,151.0,156.0,15214.0,2057.0,236.0,36450.0,25.0,498.0,36973.0
1120329,159.0,160.5,153.0,153.5,4597.0,2220.0,231.0,35504.0,25.0,500.0,36030.0
1120330,156.0,156.0,153.5,153.5,1201.0,2162.0,221.0,35488.0,25.0,0.0,35513.0
1120331,154.5,155.5,153.5,155.0,744.0,2114.0,221.0,35571.0,25.0,503.0,36100.0
1120406,156.0,163.0,156.0,157.0,4968.0,2266.0,222.0,35371.0,25.0,523.0,35919.0
1120407,156.0,159.5,155.5,157.0,1727.0,2225.0,238.0,35474.0,25.0,538.0,36037.0
1120410,162.5,165.5,157.5,157.5,4450.0,2264.0,252.0,35263.0,25.0,534.0,35822.0
1120411,158.0,158.5,154.0,154.5,1435.0,2187.0,258.0,35251.0,25.0,542.0,35818.0
1120412,156.0,158.0,155.5,156.0,1751.0,2169.0,257.0,35479.0,24.0,545.0,36048.0
1120413,158.0,164.5,157.5,159.0,7211.0,2278.0,287.0,36167.0,24.0,634.0,36825.0
1120414,159.5,163.5,155.0,156.5,4578.0,2324.0,328.0,35195.0,24.0,568.0,35787.0
1120417,156.5,160.5,155.0,157.5,2519.0,2333.0,355.0,35609.0,24.0,585.0,36218.0
1120418,158.5,160.0,153.5,153.5,2329.0,2322.0,344.0,35216.0,24.0,593.0,35834.0
1120419,154.5,155.0,153.0,154.0,918.0,2234.0,330.0,35403.0,24.0,585.0,36012.0
1120420,154.0,154.0,148.0,148.5,1459.0,2165.0,268.0,35190.0,24.0,556.0,35770.0
1120421,148.5,148.5,142.0,144.0,1806.0,2052.0,188.0,35478.0,15.0,527.0,36020.0
1120424,143.0,146.5,142.5,145.0,717.0,2054.0,193.0,35388.0,8.0,522.0,35918.0
1120425,145.0,147.0,138.0,139.0,1405.0,2044.0,183.0,35196.0,0.0,493.0,35689.0
1120426,139.5,140.0,135.0,138.0,1213.0,1945.0,151.0,35437.0,0.0,487.0,35924.0
1120427,138.5,143.0,137.0,143.0,1493.0,2059.0,204.0,35235.0,0.0,499.0,35734.0
1120428,146.5,154.0,146.5,149.0,3572.0,2087.0,229.0,35107.0,0.0,523.0,35630.0
1120502,151.0,151.5,145.5,146.5,1037.0,2082.0,221.0,35072.0,0.0,528.0,35600.0
1120503,147.0,149.0,144.0,145.5,994.0,2128.0,224.0,35026.0,0.0,528.0,35554.0
1120504,145.5,147.0,141.0,142.5,970.0,2156.0,216.0,35103.0,0.0,535.0,35638.0
1120505,142.5,144.0,139.0,139.5,1086.0,2128.0,200.0,35201.0,0.0,530.0,35731.0
1120508,140.5,141.5,139.0,140.0,787.0,2081.0,207.0,35238.0,0.0,533.0,35771.0
1120509,140.0,140.5,135.5,135.5,659.0,2059.0,194.0,35200.0,0.0,515.0,35715.0
1120510,135.5,136.0,132.0,133.0,1240.0,2045.0,174.0,35038.0,0.0,512.0,35550.0
1120511,131.5,132.0,126.5,129.0,1504.0,1840.0,176.0,35260.0,0.0,477.0,35737.0
1120512,128.5,130.5,126.5,129.5,635.0,1816.0,156.0,35262.0,0.0,443.0,35705.0
1120515,128.0,128.0,125.5,127.0,628.0,1808.0,142.0,35338.0,0.0,441.0,35779.0
1120516,127.5,128.0,126.5,127.5,441.0,1800.0,143.0,31214.0,0.0,454.0,31669.0
1120517,128.0,133.0,128.0,131.5,1036.0,1872.0,170.0,31074.0,0.0,477.0,31552.0
1120518,132.0,132.5,128.0,128.5,730.0,1922.0,149.0,30907.0,0.0,479.0,31387.0
1120519,131.5,134.5,131.0,132.0,1616.0,1937.0,187.0,30906.0,0.0,485.0,31392.0
1120522,133.0,134.5,130.5,131.0,902.0,1946.0,153.0,30928.0,0.0,485.0,31414.0
1120523,131.5,132.5,129.5,131.5,517.0,1964.0,148.0,30978.0,0.0,492.0,31471.0
1120524,131.5,134.0,130.0,130.0,757.0,2052.0,149.0,30826.0,0.0,491.0,31318.0
1120525,130.5,130.5,127.0,127.0,597.0,2051.0,145.0,30714.0,0.0,490.0,31205.0
1120526,127.5,128.0,124.0,124.0,743.0,2006.0,136.0,30722.0,0.0,496.0,31219.0
1120529,124.5,127.5,122.5,126.5,644.0,1966.0,142.0,30866.0,0.0,497.0,31363.0
1120530,126.0,127.0,124.0,124.5,437.0,1998.0,130.0,30792.0,0.0,505.0,31298.0
1120531,124.0,126.0,123.5,126.0,330.0,1995.0,133.0,30867.0,0.0,514.0,31382.0
1120601,125.0,126.5,124.0,125.0,316.0,2016.0,130.0,30890.0,0.0,535.0,31426.0
1120602,125.0,126.0,124.5,125.0,373.0,2023.0,106.0,30881.0,0.0,505.0,31387.0
1120605,125.0,128.5,123.5,127.0,781.0,2088.0,122.0,30920.0,0.0,502.0,31423.0
1120606,127.5,129.0,126.0,127.5,606.0,2110.0,123.0,30883.0,0.0,500.0,31384.0
1120607,128.5,131.5,128.5,129.5,760.0,2160.0,114.0,30882.0,0.0,520.0,31403.0
1120608,130.0,130.0,127.5,127.5,358.0,2167.0,101.0,30845.0,0.0,520.0,31366.0
1120609,127.5,128.5,126.0,126.0,389.0,2229.0,83.0,30758.0,0.0,518.0,31276.0
1120612,126.0,126.0,122.5,123.0,635.0,2259.0,60.0,30648.0,0.0,523.0,31172.0
1120613,123.0,126.5,123.0,125.5,436.0,2323.0,62.0,30757.0,0.0,525.0,31283.0
1120614,125.5,126.5,124.0,124.0,341.0,2389.0,59.0,30732.0,0.0,527.0,31260.0
1120615,124.0,126.0,123.5,125.0,329.0,2401.0,65.0,30825.0,0.0,537.0,31363.0
1120616,125.0,127.5,125.0,126.0,352.0,2426.0,64.0,30797.0,0.0,529.0,31327.0
1120619,125.0,132.5,125.0,127.5,1360.0,2565.0,64.0,30754.0,0.0,553.0,31308.0
1120620,128.0,129.5,126.5,126.5,440.0,2617.0,67.0,30690.0,0.0,543.0,31234.0
1120621,126.5,127.0,126.0,127.0,292.0,2638.0,60.0,30690.0,0.0,539.0,31230.0
1120626,127.0,127.0,125.0,125.0,199.0,2650.0,61.0,30658.0,0.0,540.0,31199.0
1120627,124.5,125.5,123.5,124.0,203.0,2634.0,61.0,30645.0,0.0,538.0,31184.0
1120628,124.5,126.5,124.0,124.0,243.0,2641.0,60.0,30675.0,0.0,559.0,31235.0
1120629,124.5,126.5,124.5,126.0,266.0,2657.0,63.0,30744.0,0.0,554.0,31299.0
1120630,126.0,126.0,125.0,125.0,133.0,2667.0,58.0,30754.0,0.0,549.0,31304.0
1120703,124.5,125.0,124.0,125.0,264.0,2652.0,54.0,30791.0,0.0,552.0,31344.0
1120704,125.5,125.5,122.5,123.0,451.0,2676.0,56.0,30611.0,0.0,0.0,30611.0
1120705,124.0,131.5,124.0,125.5,1923.0,2724.0,56.0,30494.0,0.0,543.0,31037.0
1120706,126.0,126.0,122.5,122.5,581.0,2733.0,63.0,30480.0,0.0,535.0,31016.0
1120707,122.5,122.5,117.0,117.0,865.0,2618.0,101.0,30487.0,0.0,505.0,30992.0
1120710,117.0,118.0,115.5,115.5,537.0,2599.0,113.0,30664.0,0.0,504.0,31168.0
1120711,116.5,117.0,115.5,117.0,334.0,2591.0,118.0,30703.0,0.0,504.0,31207.0
1120712,116.0,117.5,113.0,114.0,555.0,2566.0,93.0,30657.0,0.0,500.0,31158.0
1120713,115.5,116.5,114.5,114.5,416.0,2586.0,79.0,30783.0,0.0,497.0,31281.0
1120714,116.0,118.5,114.0,116.0,479.0,2575.0,72.0,30817.0,0.0,495.0,31313.0
1120717,116.0,116.0,112.0,113.5,632.0,2581.0,70.0,30849.0,0.0,494.0,31344.0
1120718,113.5,113.5,110.0,111.0,689.0,2496.0,73.0,30990.0,0.0,487.0,31478.0
1120719,113.0,116.0,112.5,113.0,748.0,2520.0,82.0,30974.0,0.0,490.0,31465.0
1120720,114.5,121.5,114.5,120.0,1791.0,2763.0,87.0,31033.0,0.0,504.0,31537.0
1120721,120.0,124.5,118.0,120.5,1647.0,2895.0,103.0,30812.0,0.0,515.0,31328.0
1120724,119.5,119.5,114.5,115.0,578.0,2920.0,89.0,30645.0,0.0,511.0,31156.0
1120725,114.0,118.0,113.5,117.0,476.0,2949.0,79.0,30689.0,0.0,513.0,31203.0
1120726,117.0,117.5,115.5,116.5,307.0,2946.0,81.0,30703.0,0.0,511.0,31215.0
1120727,116.5,124.5,116.5,122.0,1749.0,3252.0,75.0,30792.0,0.0,517.0,31310.0
1120728,123.0,124.0,117.0,118.0,1820.0,2898.0,73.0,30503.0,0.0,517.0,31021.0
1120731,118.5,123.0,117.0,121.5,1064.0,2860.0,62.0,30859.0,0.0,532.0,31391.0
1120801,122.0,123.0,117.0,117.5,864.0,2879.0,58.0,30551.0,0.0,525.0,31076.0
1120802,117.5,119.5,114.0,114.5,768.0,2722.0,54.0,30655.0,0.0,517.0,31173.0
1120804,115.0,116.0,114.0,115.0,258.0,2720.0,62.0,30719.0,0.0,515.0,31235.0
1120807,117.0,117.5,113.0,114.0,473.0,2746.0,58.0,30702.0,0.0,501.0,31204.0
1120808,114.0,115.0,112.0,112.5,400.0,2767.0,43.0,30643.0,0.0,494.0,31138.0
1120809,112.0,112.5,111.5,111.5,255.0,2803.0,44.0,30664.0,0.0,493.0,31158.0
1120810,111.5,111.5,105.5,107.0,645.0,2777.0,46.0,30599.0,0.0,493.0,31093.0
1120811,107.0,108.5,105.5,107.5,269.0,2732.0,48.0,30632.0,0.0,485.0,31118.0
1120814,107.5,107.5,102.0,104.5,531.0,2641.0,46.0,30754.0,0.0,484.0,31239.0
1120815,103.5,105.5,103.5,103.5,167.0,2642.0,59.0,30785.0,0.0,489.0,31275.0
1120816,103.0,103.5,100.5,102.0,404.0,2631.0,47.0,30936.0,0.0,493.0,31430.0
1120817,102.5,106.0,100.5,105.0,345.0,2610.0,46.0,30982.0,0.0,503.0,31485.0
1120818,104.5,107.0,103.0,103.0,251.0,2613.0,44.0,30872.0,0.0,502.0,31375.0
1120821,103.5,104.5,103.0,104.5,181.0,2631.0,46.0,30867.0,0.0,0.0,30867.0
1120822,104.5,104.5,102.5,103.0,142.0,2646.0,40.0,30809.0,0.0,503.0,31312.0
1120823,103.5,107.5,103.5,106.0,611.0,2658.0,45.0,30814.0,0.0,505.0,31319.0
1120824,106.5,110.0,105.5,108.5,470.0,2664.0,21.0,30780.0,0.0,500.0,31280.0
1120825,107.5,107.5,106.0,106.5,303.0,2656.0,20.0,30743.0,0.0,497.0,31240.0
1120828,108.0,112.0,108.0,109.0,762.0,2684.0,18.0,30671.0,0.0,496.0,31167.0
1120829,109.0,111.0,106.0,111.0,431.0,2691.0,20.0,30710.0,0.0,496.0,31206.0
1120830,110.5,112.5,110.0,112.5,309.0,2673.0,20.0,30754.0,0.0,506.0,31260.0
1120831,112.5,114.5,112.5,114.5,342.0,2628.0,20.0,30890.0,0.0,511.0,31401.0
1120901,114.0,116.0,113.5,114.5,388.0,2600.0,19.0,30882.0,0.0,520.0,31403.0
1120904,114.0,114.5,113.0,114.5,198.0,2551.0,17.0,30942.0,0.0,518.0,31461.0
1120905,114.5,117.0,114.5,115.0,280.0,2534.0,17.0,30979.0,0.0,516.0,31496.0
1120906,115.5,117.0,114.0,115.0,241.0,2507.0,18.0,30875.0,0.0,511.0,31387.0
1120907,115.0,117.5,114.0,116.0,261.0,2506.0,16.0,30968.0,0.0,508.0,31477.0
1120908,115.0,117.0,115.0,116.0,254.0,2513.0,16.0,30977.0,0.0,510.0,31488.0
1120911,117.5,118.5,113.5,113.5,491.0,2473.0,20.0,30956.0,0.0,507.0,31464.0
1120912,114.0,115.0,112.5,113.5,221.0,2472.0,18.0,31068.0,0.0,505.0,31574.0
1120913,113.5,115.0,112.5,115.0,172.0,2462.0,17.0,31189.0,0.0,502.0,31692.0
1120914,115.0,117.5,114.5,115.0,289.0,2488.0,16.0,31212.0,0.0,503.0,31716.0
1120915,116.0,116.0,112.5,113.0,216.0,2496.0,16.0,31145.0,0.0,500.0,31646.0
1120918,113.0,114.5,113.0,114.5,153.0,2482.0,16.0,31180.0,0.0,491.0,31672.0
1120919,114.5,116.5,112.5,112.5,294.0,2504.0,16.0,31048.0,0.0,0.0,31048.0
1120920,113.0,113.0,109.0,109.0,245.0,2487.0,23.0,30967.0,0.0,484.0,31452.0
1120921,108.0,108.0,105.0,105.0,283.0,2487.0,20.0,30949.0,0.0,482.0,31431.0
1120922,104.0,105.5,103.0,105.5,243.0,2442.0,16.0,31058.0,0.0,480.0,31538.0
1120925,105.0,107.0,105.0,106.5,186.0,2436.0,15.0,31109.0,0.0,492.0,31601.0
1120926,105.5,106.0,103.5,103.5,237.0,2455.0,15.0,31032.0,0.0,487.0,31519.0
1120927,104.5,104.5,103.0,103.5,165.0,2464.0,14.0,31026.0,0.0,485.0,31511.0
1120928,104.5,105.0,104.0,105.0,217.0,2470.0,14.0,31140.0,0.0,486.0,31626.0
1121002,105.0,106.5,105.0,106.0,185.0,2507.0,13.0,31137.0,0.0,483.0,31620.0
1121003,105.5,106.5,105.5,105.5,187.0,2499.0,12.0,31152.0,0.0,498.0,31650.0
1121004,105.0,105.5,103.5,105.5,109.0,2501.0,12.0,31154.0,0.0,491.0,31645.0
1121005,105.5,113.0,105.5,111.0,678.0,2705.0,16.0,31191.0,0.0,490.0,31681.0
1121006,111.0,111.5,109.0,110.0,189.0,2727.0,14.0,31095.0,0.0,483.0,31578.0
1121011,116.0,121.0,114.0,118.0,2105.0,2983.0,39.0,31256.0,0.0,577.0,31833.0
1121012,116.5,119.0,113.5,116.5,1108.0,2996.0,36.0,31549.0,0.0,507.0,32056.0
1121013,112.0,113.0,108.5,109.0,1861.0,3239.0,14.0,31099.0,0.0,509.0,31608.0
1121016,109.0,110.5,106.5,110.5,512.0,3256.0,18.0,31276.0,0.0,520.0,31796.0
1121017,110.5,111.5,109.0,109.0,309.0,3303.0,15.0,31264.0,0.0,512.0,31776.0
1121018,110.5,111.0,106.5,107.0,341.0,3301.0,16.0,31214.0,0.0,509.0,31723.0
1121019,107.0,108.0,105.5,107.5,220.0,3330.0,15.0,31197.0,0.0,508.0,31705.0
1121020,107.0,107.0,105.0,106.5,260.0,3319.0,13.0,31233.0,0.0,499.0,31732.0
1121023,106.5,108.5,106.5,107.0,147.0,3305.0,13.0,31267.0,0.0,488.0,31755.0
1121024,107.0,110.0,107.0,110.0,227.0,3307.0,13.0,31324.0,0.0,475.0,31799.0
1121025,111.5,113.5,111.0,111.0,469.0,3313.0,13.0,31346.0,0.0,480.0,31826.0
1121026,111.0,114.0,110.0,112.5,459.0,3359.0,14.0,31359.0,0.0,487.0,31846.0
1121027,116.0,118.0,112.0,112.5,1492.0,3305.0,16.0,31003.0,0.0,484.0,31487.0
1121030,113.5,116.0,113.0,113.5,715.0,3273.0,18.0,31255.0,0.0,484.0,31739.0
1121031,115.0,115.0,109.5,110.5,554.0,3157.0,15.0,31291.0,0.0,478.0,31769.0
1121101,112.0,112.0,110.0,112.0,157.0,3149.0,11.0,31280.0,0.0,475.0,31755.0
1121102,113.5,114.5,112.5,114.0,321.0,3168.0,13.0,31344.0,0.0,483.0,31827.0
1121103,115.0,115.0,113.0,113.0,249.0,3126.0,13.0,31357.0,0.0,0.0,31357.0
1121106,113.5,115.5,113.5,115.0,420.0,3168.0,15.0,31439.0,0.0,487.0,31927.0
1121107,113.0,116.0,112.5,115.0,579.0,3144.0,14.0,31505.0,0.0,486.0,31992.0
1121108,116.0,116.0,114.5,115.0,249.0,3127.0,15.0,31449.0,0.0,487.0,31937.0
1121109,115.0,115.0,113.5,113.5,153.0,3100.0,15.0,31426.0,0.0,486.0,31913.0
1121110,114.0,115.0,113.0,113.5,143.0,3066.0,15.0,31469.0,0.0,0.0,31469.0
1121113,114.0,114.5,112.5,114.0,276.0,3053.0,14.0,31404.0,0.0,487.0,31891.0
1121114,114.0,115.5,113.5,114.5,117.0,3044.0,14.0,31443.0,0.0,485.0,31928.0
1121115,115.0,115.5,113.0,113.5,364.0,3048.0,41.0,31589.0,0.0,483.0,32072.0
1121116,114.0,114.5,111.5,113.0,361.0,3052.0,12.0,31680.0,0.0,481.0,32161.0
1121117,113.5,114.0,111.5,113.0,403.0,3052.0,12.0,31731.0,0.0,482.0,32213.0
1121120,113.0,116.0,113.0,115.5,477.0,3071.0,14.0,31912.0,0.0,491.0,32403.0
1121121,117.0,118.0,115.0,115.0,1022.0,3110.0,13.0,31767.0,0.0,496.0,32263.0
1121122,116.5,123.0,116.0,119.0,2776.0,3223.0,15.0,32357.0,0.0,521.0,32878.0
1121123,120.5,122.5,118.5,119.5,964.0,3291.0,15.0,32112.0,0.0,519.0,32631.0
1121124,122.0,124.5,120.5,122.0,1955.0,3371.0,16.0,32094.0,0.0,547.0,32641.0
1121127,122.0,122.0,117.0,117.5,1091.0,3369.0,21.0,31709.0,0.0,520.0,32230.0
1121128,118.0,118.5,115.5,118.5,695.0,3338.0,20.0,31770.0,0.0,520.0,32291.0
1121129,120.0,121.0,118.0,118.5,492.0,3283.0,13.0,31712.0,0.0,517.0,32229.0
1121130,118.5,118.5,117.0,118.0,326.0,3245.0,14.0,31727.0,0.0,510.0,32237.0
1121201,118.5,119.0,117.5,119.0,187.0,3239.0,14.0,31754.0,0.0,0.0,31754.0
1121204,119.5,120.5,118.5,119.5,309.0,3264.0,13.0,31819.0,0.0,520.0,32339.0
1121205,119.5,120.0,118.0,119.5,262.0,3286.0,13.0,31754.0,0.0,528.0,32283.0
1121206,119.0,119.5,117.5,118.0,377.0,3278.0,12.0,31643.0,0.0,553.0,32197.0
1121207,118.0,119.5,117.0,117.0,316.0,3269.0,11.0,31514.0,0.0,557.0,32072.0
1121208,118.0,118.0,115.5,115.5,367.0,3223.0,10.0,31481.0,0.0,563.0,32045.0
1121211,115.5,119.5,115.5,117.0,327.0,3266.0,10.0,31523.0,0.0,565.0,32089.0
1121212,117.5,118.0,116.0,116.5,202.0,3275.0,9.0,31481.0,0.0,566.0,32048.0
1121213,116.5,117.5,115.5,116.5,238.0,3279.0,9.0,31453.0,0.0,0.0,31453.0
1121214,118.0,121.0,117.5,120.0,698.0,3384.0,9.0,31581.0,0.0,601.0,32183.0
1121215,120.0,121.0,118.0,119.0,629.0,3356.0,9.0,31547.0,100.0,590.0,32238.0
1121218,122.0,125.0,120.0,120.5,1199.0,3198.0,12.0,31627.0,125.0,556.0,32309.0
1121219,121.0,128.0,121.0,122.0,3106.0,3062.0,14.0,31897.0,150.0,563.0,32611.0
1121220,122.5,126.5,122.0,122.0,1596.0,3041.0,14.0,31776.0,175.0,571.0,32523.0
1121221,121.5,124.5,119.5,120.0,1089.0,2971.0,17.0,31448.0,200.0,563.0,32212.0
1121222,121.5,122.0,119.5,119.5,331.0,2948.0,14.0,31518.0,200.0,556.0,32275.0
1121225,121.5,121.5,119.5,119.5,202.0,2939.0,9.0,31501.0,200.0,552.0,32254.0
1121226,119.5,121.0,119.0,120.5,261.0,2915.0,8.0,31484.0,200.0,555.0,32240.0
1121227,122.0,122.0,119.5,120.0,226.0,2908.0,8.0,31402.0,200.0,553.0,32156.0
1121228,121.0,121.0,118.5,118.5,291.0,2863.0,8.0,31335.0,200.0,553.0,32089.0
1121229,119.5,120.5,118.5,119.5,179.0,2858.0,9.0,31313.0,200.0,555.0,32069.0
1130102,119.0,120.0,119.0,119.0,162.0,2858.0,9.0,31266.0,199.0,553.0,32020.0
1130103,119.0,119.0,117.5,117.5,333.0,2859.0,9.0,31190.0,199.0,554.0,31945.0
1130104,118.0,118.0,117.0,117.0,205.0,2845.0,10.0,31193.0,199.0,553.0,31946.0
1130105,117.0,119.5,117.0,119.0,240.0,2879.0,13.0,31224.0,199.0,552.0,31976.0
1130108,119.5,121.0,119.0,120.0,514.0,2824.0,16.0,31364.0,199.0,549.0,32114.0
1130109,121.5,121.5,116.0,117.0,797.0,2558.0,10.0,31214.0,199.0,544.0,31958.0
1130110,118.0,120.5,116.0,116.0,619.0,2433.0,10.0,31089.0,199.0,536.0,31826.0
1130111,117.5,117.5,115.5,116.5,237.0,2402.0,12.0,31090.0,199.0,536.0,31826.0
1130112,117.0,118.0,116.5,116.5,226.0,2365.0,10.0,31125.0,199.0,0.0,31325.0
1130115,117.5,118.0,115.5,116.0,512.0,2286.0,10.0,31032.0,199.0,548.0,31781.0
1130116,115.5,116.0,114.0,114.0,461.0,2261.0,11.0,30943.0,199.0,529.0,31673.0
1130117,115.0,115.0,113.0,113.5,464.0,2248.0,13.0,30906.0,199.0,525.0,31632.0
1130118,114.0,114.0,112.5,113.5,146.0,2246.0,12.0,30869.0,199.0,521.0,31591.0
1130119,113.5,114.5,113.5,114.5,99.0,2240.0,12.0,30874.0,199.0,522.0,31597.0
1130122,114.5,115.0,114.0,114.5,197.0,2245.0,12.0,30868.0,199.0,0.0,31068.0
1130123,115.0,116.0,115.0,115.5,146.0,2224.0,14.0,30877.0,199.0,519.0,31597.0
1130124,116.0,118.0,115.5,117.0,397.0,2144.0,12.0,31072.0,199.0,527.0,31799.0
1130125,117.5,117.5,116.0,116.0,161.0,2149.0,16.0,31050.0,219.0,526.0,31797.0
1130126,116.0,116.5,115.5,116.5,111.0,2135.0,14.0,31074.0,219.0,521.0,31816.0
1130129,117.0,118.0,116.0,117.5,173.0,2115.0,14.0,31051.0,219.0,526.0,31798.0
1130130,118.0,118.0,115.5,116.0,124.0,2129.0,12.0,30979.0,219.0,524.0,31724.0
1130131,116.0,117.0,115.5,116.5,137.0,2134.0,12.0,31027.0,219.0,522.0,31770.0
1130201,116.5,117.0,116.0,117.0,157.0,2094.0,12.0,31046.0,219.0,0.0,31266.0
1130202,117.5,117.5,116.0,117.5,222.0,2073.0,10.0,31019.0,219.0,515.0,31755.0
1130205,117.0,119.0,116.0,116.5,314.0,2013.0,7.0,31072.0,219.0,512.0,31804.0
1130215,112.5,114.0,110.0,111.0,935.0,2037.0,6.0,30945.0,219.0,514.0,31679.0
1130216,111.0,112.5,110.5,112.0,260.0,2037.0,7.0,30964.0,219.0,510.0,31694.0
1130219,111.5,114.0,111.5,114.0,259.0,2034.0,9.0,31045.0,219.0,515.0,31780.0
1130220,113.0,114.5,112.5,113.5,210.0,2029.0,7.0,30983.0,219.0,513.0,31716.0
1130221,113.0,113.5,113.0,113.5,130.0,2005.0,8.0,31027.0,219.0,513.0,31760.0
1130222,113.5,115.0,113.0,114.0,242.0,1983.0,7.0,31097.0,219.0,520.0,31837.0
1130223,120.5,125.0,120.5,123.0,3486.0,1970.0,6.0,31493.0,219.0,492.0,32206.0
1130226,124.5,129.0,124.0,128.5,2760.0,1810.0,16.0,31781.0,219.0,478.0,32480.0
1130227,131.0,133.0,126.0,129.0,2301.0,1800.0,11.0,31578.0,219.0,471.0,32270.0
1130229,129.5,129.5,127.5,129.5,917.0,1800.0,10.0,31568.0,219.0,473.0,32262.0
1130301,131.0,136.0,130.5,132.5,2718.0,1839.0,11.0,31263.0,219.0,499.0,31983.0
1130304,133.5,133.5,131.0,132.0,961.0,1796.0,10.0,31300.0,219.0,497.0,32018.0
1130305,134.0,136.0,132.0,132.0,729.0,1807.0,9.0,31253.0,219.0,0.0,31473.0
1130306,133.0,136.0,132.0,134.5,1327.0,1796.0,11.0,31630.0,219.0,513.0,32363.0
1130307,136.5,137.0,132.5,133.0,917.0,1791.0,9.0,31479.0,219.0,506.0,32205.0
1130308,133.0,133.0,129.0,131.0,1181.0,1685.0,9.0,31833.0,219.0,497.0,32550.0
1130311,132.0,136.0,132.0,136.0,1249.0,1700.0,11.0,32043.0,219.0,548.0,32811.0
1130312,137.0,139.0,136.0,137.5,1484.0,1649.0,7.0,31858.0,219.0,553.0,32631.0
1130313,138.0,138.0,135.0,136.0,754.0,1614.0,5.0,31886.0,219.0,513.0,32620.0
1130314,136.0,137.0,134.0,135.5,569.0,1596.0,4.0,32109.0,219.0,511.0,32840.0
1130315,136.0,138.0,136.0,137.0,757.0,1627.0,0.0,32118.0,219.0,0.0,32338.0
1130318,137.0,137.5,136.0,136.5,437.0,1650.0,0.0,32034.0,219.0,516.0,32771.0
1130319,137.5,140.0,137.5,139.0,912.0,1613.0,0.0,31829.0,219.0,517.0,32566.0
1130320,139.0,140.5,137.0,140.0,1230.0,1622.0,0.0,31779.0,219.0,523.0,32523.0
1130321,133.0,133.5,131.0,132.0,1298.0,1708.0,5.0,31333.0,219.0,546.0,32099.0
1130322,132.5,134.5,131.0,134.0,586.0,1682.0,5.0,31319.0,219.0,523.0,32062.0
1130325,134.0,134.0,131.5,131.5,409.0,1689.0,5.0,31243.0,219.0,497.0,31961.0
1130326,132.0,132.5,128.0,129.5,766.0,1649.0,4.0,31364.0,219.0,492.0,32076.0
1130327,129.5,140.0,129.5,138.0,2558.0,1800.0,19.0,32046.0,309.0,519.0,32875.0
1130328,144.0,146.0,140.0,141.5,3411.0,1842.0,20.0,32110.0,399.0,543.0,33053.0
1130329,142.0,142.0,135.5,137.5,1208.0,1777.0,15.0,31820.0,399.0,522.0,32743.0
1130401,139.0,141.0,137.5,140.0,852.0,1795.0,15.0,31945.0,399.0,527.0,32872.0
1130402,141.0,142.5,138.0,138.5,675.0,1792.0,14.0,31868.0,399.0,519.0,32787.0
1130403,138.5,140.0,137.0,138.0,521.0,1761.0,13.0,31926.0,399.0,516.0,32843.0
1130408,136.0,136.0,132.0,132.5,1022.0,1669.0,7.0,31871.0,399.0,515.0,32786.0
1130409,132.5,133.5,131.0,132.5,434.0,1676.0,6.0,31851.0,399.0,516.0,32768.0
1130410,133.5,134.0,130.5,131.0,445.0,1647.0,4.0,31821.0,399.0,502.0,32723.0
1130411,131.0,132.5,131.0,131.5,185.0,1649.0,7.0,31771.0,399.0,501.0,32673.0
1130412,131.5,132.0,129.0,129.5,474.0,1652.0,3.0,31836.0,399.0,499.0,32735.0
1130415,131.5,133.0,127.5,127.5,982.0,1658.0,3.0,31766.0,399.0,504.0,32670.0
1130416,126.5,127.5,123.0,124.0,627.0,1625.0,3.0,31787.0,399.0,503.0,32691.0
1130417,124.0,126.5,124.0,125.0,276.0,1615.0,3.0,22912.0,399.0,503.0,23815.0
1130418,125.5,126.5,123.5,125.5,261.0,1616.0,3.0,22890.0,399.0,504.0,23795.0
1130419,125.5,127.5,120.5,123.0,593.0,1595.0,5.0,23010.0,399.0,500.0,23911.0
1130422,122.5,124.5,121.0,121.0,309.0,1580.0,5.0,23009.0,399.0,495.0,23905.0
1130423,123.0,123.5,122.0,123.0,198.0,1588.0,8.0,23035.0,399.0,495.0,23930.0
1130424,124.0,124.0,123.0,123.0,277.0,1589.0,17.0,23037.0,299.0,498.0,23835.0
1130425,123.0,124.0,121.5,122.0,267.0,1590.0,17.0,23001.0,279.0,499.0,23781.0
1130426,123.5,125.5,120.5,121.0,687.0,1576.0,17.0,22822.0,199.0,499.0,23521.0
1130429,122.0,123.0,121.0,121.0,371.0,1559.0,18.0,22802.0,199.0,498.0,23500.0
1130430,121.0,121.0,118.5,120.5,325.0,1561.0,17.0,22704.0,99.0,499.0,23303.0
1130502,121.0,121.0,119.5,121.0,111.0,1561.0,17.0,22672.0,99.0,499.0,23272.0
1130503,121.0,121.5,119.5,119.5,225.0,1525.0,16.0,22614.0,99.0,498.0,23212.0
1130506,119.5,123.5,119.5,122.5,543.0,1512.0,16.0,22603.0,99.0,498.0,23201.0
1130507,118.0,118.5,114.0,117.0,1527.0,1502.0,19.0,22181.0,99.0,495.0,22776.0
1130508,116.5,116.5,114.0,115.0,315.0,1493.0,18.0,22215.0,99.0,495.0,22810.0
1130509,114.5,117.0,114.5,115.5,248.0,1507.0,18.0,22230.0,99.0,496.0,22826.0
1130510,115.5,115.5,114.5,115.0,173.0,1496.0,18.0,22264.0,99.0,495.0,22859.0
1130513,115.0,116.0,114.5,115.5,190.0,1471.0,16.0,22301.0,99.0,502.0,22903.0
1130514,115.5,117.5,115.5,116.5,191.0,1473.0,16.0,22311.0,99.0,496.0,22907.0
1130515,117.0,117.0,115.5,115.5,149.0,1484.0,16.0,22262.0,99.0,497.0,22860.0
1130516,116.5,116.5,115.5,116.0,160.0,1458.0,16.0,22250.0,99.0,498.0,22848.0
1130517,116.0,116.5,115.5,116.0,119.0,1458.0,16.0,22249.0,99.0,495.0,22844.0
1130520,116.5,117.0,115.5,115.5,209.0,1445.0,16.0,22221.0,99.0,494.0,22816.0
1130521,115.5,116.0,114.5,115.0,263.0,1432.0,16.0,22227.0,99.0,493.0,22820.0
1130522,115.0,116.5,114.5,116.0,440.0,1431.0,16.0,22408.0,99.0,493.0,23001.0
1130523,116.0,117.5,114.0,115.0,778.0,1418.0,24.0,22319.0,99.0,492.0,22911.0
1130524,114.0,114.0,112.5,112.5,472.0,1432.0,23.0,22248.0,99.0,490.0,22838.0
1130527,112.5,114.0,112.0,113.0,237.0,1430.0,23.0,22255.0,99.0,490.0,22845.0
1130528,114.0,114.0,113.0,113.5,160.0,1430.0,21.0,22287.0,99.0,490.0,22877.0
1130529,113.5,114.0,113.0,113.5,181.0,1410.0,16.0,22355.0,99.0,492.0,22947.0
1130530,114.5,116.0,113.5,114.5,322.0,1407.0,16.0,22375.0,99.0,492.0,22967.0
1130531,115.0,115.5,113.5,113.5,157.0,1413.0,15.0,22337.0,99.0,484.0,22922.0
1130603,113.5,114.0,113.0,113.5,169.0,1390.0,11.0,22354.0,99.0,486.0,22941.0
1130604,114.5,114.5,112.5,113.5,240.0,1388.0,11.0,22361.0,99.0,483.0,22944.0
1130605,116.0,119.0,115.5,119.0,963.0,1421.0,12.0,22349.0,99.0,476.0,22925.0
1130606,120.0,120.0,115.0,115.5,755.0,1422.0,14.0,22200.0,99.0,474.0,22775.0
1130607,115.5,115.5,114.0,114.0,275.0,1411.0,14.0,22199.0,99.0,473.0,22773.0
1130611,114.0,114.5,112.0,112.5,487.0,1429.0,14.0,22215.0,99.0,476.0,22791.0
1130612,112.5,115.5,112.5,113.0,286.0,1423.0,12.0,22193.0,99.0,0.0,22293.0
1130613,114.0,114.0,112.5,113.0,94.0,1428.0,11.0,22170.0,99.0,0.0,22270.0
1130614,113.5,115.5,112.5,114.0,321.0,1409.0,13.0,22140.0,99.0,0.0,22240.0
1130617,115.0,115.0,112.0,112.5,294.0,1433.0,139.0,22156.0,99.0,475.0,22732.0
1130618,113.0,113.5,112.5,112.5,154.0,1432.0,139.0,22138.0,99.0,476.0,22714.0
1130619,112.5,114.0,112.5,112.5,312.0,1486.0,145.0,22108.0,99.0,478.0,22687.0
1130620,113.0,114.5,112.5,114.0,283.0,1538.0,144.0,22114.0,99.0,478.0,22692.0
1130621,114.0,116.0,114.0,116.0,364.0,1535.0,12.0,22198.0,99.0,0.0,22298.0
1130624,118.0,118.5,116.0,116.0,524.0,1554.0,11.0,22217.0,99.0,486.0,22803.0
1130625,116.0,117.5,115.0,116.0,180.0,1553.0,11.0,22225.0,99.0,488.0,22813.0
1130626,116.5,118.0,116.0,117.5,271.0,1498.0,11.0,22272.0,99.0,0.0,22372.0
1130627,117.0,118.5,116.0,116.5,451.0,1504.0,11.0,22379.0,99.0,487.0,22966.0
1130628,116.0,117.0,115.0,117.0,240.0,1498.0,10.0,22382.0,99.0,508.0,22990.0
1130701,118.5,118.5,116.0,116.5,158.0,1501.0,10.0,22281.0,100.0,509.0,22891.0
1130702,116.5,117.5,115.5,117.5,117.0,1504.0,10.0,22308.0,100.0,0.0,22408.0
1130703,117.5,118.0,116.5,117.0,180.0,1493.0,10.0,22353.0,100.0,511.0,22965.0
1130704,117.5,118.5,117.0,118.0,238.0,1514.0,10.0,22441.0,100.0,0.0,22541.0
1130705,118.5,119.0,117.0,119.0,469.0,1529.0,10.0,22657.0,100.0,537.0,23295.0
1130708,119.5,119.5,115.5,115.5,548.0,1531.0,10.0,22589.0,100.0,0.0,22689.0
1130709,115.5,115.5,113.0,114.0,368.0,1503.0,10.0,22471.0,100.0,538.0,23110.0
1130710,114.0,115.5,113.5,115.5,158.0,1507.0,10.0,22409.0,100.0,536.0,23046.0
1130711,115.5,115.5,113.0,113.5,744.0,1502.0,0.0,22636.0,100.0,537.0,23274.0
1130712,113.5,114.0,112.5,114.0,411.0,1513.0,0.0,22734.0,100.0,534.0,23369.0
1130715,114.5,114.5,112.5,114.0,355.0,1512.0,0.0,22797.0,100.0,534.0,23432.0
1130716,114.0,116.5,114.0,115.5,624.0,1513.0,0.0,22980.0,100.0,513.0,23594.0
1130717,103.0,104.5,102.0,103.0,906.0,1560.0,10.0,22612.0,100.0,524.0,23236.0
1130718,102.0,102.0,100.5,100.5,763.0,1581.0,12.0,22346.0,100.0,524.0,22971.0
1130719,100.0,100.0,98.2,98.7,701.0,1482.0,42.0,22236.0,100.0,524.0,22861.0
1130722,98.7,98.7,95.0,95.7,556.0,1447.0,49.0,22140.0,100.0,523.0,22763.0
1130723,97.3,98.0,96.8,97.8,191.0,1445.0,50.0,22157.0,100.0,520.0,22778.0
1130726,95.9,97.3,95.7,97.3,190.0,1442.0,49.0,22144.0,100.0,518.0,22763.0
1130729,98.0,98.0,95.8,95.8,226.0,1429.0,49.0,22109.0,100.0,518.0,22727.0
1130730,95.4,98.2,94.0,98.1,135.0,1419.0,49.0,22151.0,100.0,516.0,22768.0
1130731,98.1,98.9,97.7,97.9,191.0,1421.0,49.0,22152.0,100.0,515.0,22768.0
1130801,99.4,99.4,98.0,98.2,159.0,1438.0,49.0,22191.0,100.0,0.0,22291.0
1130802,97.7,97.7,95.5,95.9,260.0,1430.0,49.0,22149.0,100.0,513.0,22763.0
1130805,95.0,95.0,86.7,87.8,649.0,1267.0,19.0,22093.0,100.0,505.0,22699.0
1130806,88.0,90.0,83.8,88.2,296.0,1227.0,19.0,22094.0,100.0,507.0,22701.0
1130807,88.2,93.5,88.0,93.4,209.0,1227.0,12.0,22158.0,100.0,506.0,22764.0
1130808,92.8,92.8,91.1,91.8,119.0,1239.0,12.0,22168.0,100.0,504.0,22773.0
1130809,92.2,93.0,91.8,92.2,183.0,1253.0,12.0,22179.0,100.0,503.0,22783.0
1130812,90.0,91.5,89.2,91.1,261.0,1235.0,12.0,22257.0,100.0,503.0,22861.0
1130813,91.8,92.0,90.6,91.7,72.0,1232.0,12.0,22277.0,100.0,503.0,22881.0
1130814,92.5,93.0,92.0,92.0,120.0,1239.0,12.0,22156.0,100.0,502.0,22759.0
1130815,92.0,92.0,91.2,91.7,104.0,1238.0,12.0,22146.0,100.0,0.0,22246.0
1130816,92.3,93.1,92.2,92.4,63.0,1234.0,12.0,22156.0,100.0,503.0,22760.0
1130819,92.5,93.6,92.5,93.0,64.0,1223.0,12.0,21430.0,100.0,502.0,22033.0
1130820,93.0,93.9,92.5,92.5,79.0,1227.0,12.0,21411.0,100.0,502.0,22014.0
1130821,92.2,92.7,92.0,92.6,51.0,1229.0,12.0,21416.0,100.0,0.0,21516.0
1130822,92.5,92.5,92.0,92.2,37.0,1230.0,12.0,21424.0,100.0,501.0,22026.0
1130823,91.7,92.6,91.5,92.6,55.0,1229.0,12.0,21417.0,100.0,501.0,22018.0
1130826,93.7,94.8,93.2,93.7,160.0,1217.0,12.0,21380.0,100.0,501.0,21982.0
1130827,93.6,93.7,92.7,93.5,47.0,1214.0,11.0,21320.0,100.0,499.0,21920.0
1130828,93.5,94.6,93.3,94.1,98.0,1209.0,11.0,21345.0,100.0,0.0,21445.0
1130829,93.6,94.4,93.6,94.3,39.0,1206.0,11.0,21329.0,100.0,0.0,21429.0
1130830,94.5,95.9,94.3,95.5,149.0,1207.0,10.0,21332.0,100.0,499.0,21932.0
1130902,95.8,96.8,95.2,96.5,110.0,1199.0,10.0,21338.0,100.0,496.0,21934.0
1130903,97.2,97.2,95.3,96.0,47.0,1199.0,10.0,21421.0,100.0,0.0,21521.0
1130904,93.8,94.1,92.1,92.3,163.0,1200.0,10.0,21391.0,100.0,489.0,21981.0
1130905,92.3,93.7,91.0,91.2,164.0,1197.0,10.0,21397.0,100.0,489.0,21986.0
1130906,91.3,92.0,90.7,91.4,121.0,1198.0,10.0,21423.0,100.0,485.0,22009.0
1130909,90.5,93.3,90.4,93.0,109.0,1198.0,10.0,21422.0,100.0,483.0,22005.0
1130910,93.9,93.9,91.1,91.1,109.0,1198.0,10.0,21392.0,100.0,485.0,21977.0
1130911,90.8,92.3,90.8,91.5,52.0,1196.0,10.0,21388.0,100.0,484.0,21972.0
1130912,91.5,92.4,91.5,91.7,70.0,1194.0,10.0,21400.0,100.0,486.0,21986.0
1130913,91.4,93.4,91.4,93.0,80.0,1188.0,10.0,21421.0,100.0,0.0,21522.0
1130916,93.0,94.8,93.0,94.3,106.0,1185.0,10.0,21456.0,100.0,485.0,22042.0
1130918,94.3,94.5,93.7,93.9,63.0,1188.0,10.0,21432.0,100.0,486.0,22019.0
1130919,93.9,94.4,93.3,94.1,71.0,1187.0,10.0,21435.0,100.0,0.0,21536.0
1130920,94.2,95.5,93.6,94.9,119.0,1181.0,10.0,21479.0,100.0,486.0,22066.0
1130923,95.5,97.9,95.5,97.6,240.0,1185.0,10.0,21543.0,100.0,487.0,22131.0
1130924,98.3,98.4,96.7,97.5,128.0,1192.0,10.0,21512.0,100.0,486.0,22098.0
1130925,97.9,99.4,97.6,98.5,172.0,1174.0,10.0,21546.0,100.0,484.0,22130.0
1130926,98.9,98.9,97.0,97.3,76.0,1168.0,10.0,21539.0,100.0,485.0,22124.0
1130927,98.1,99.5,97.1,97.7,137.0,1163.0,10.0,21571.0,100.0,486.0,22158.0
1130930,98.1,98.1,96.4,96.5,105.0,1145.0,10.0,21599.0,100.0,0.0,21700.0
1131001,95.5,96.0,95.0,95.7,107.0,1129.0,10.0,21586.0,109.0,487.0,22183.0
1131004,94.5,95.5,94.5,94.6,78.0,1122.0,10.0,21603.0,109.0,491.0,22204.0
1131007,94.7,101.0,94.7,100.5,598.0,1140.0,11.0,21874.0,109.0,497.0,22481.0
1131008,99.3,99.8,97.9,98.8,241.0,1122.0,10.0,21852.0,109.0,495.0,22458.0
1131009,99.2,99.2,98.1,98.3,120.0,1112.0,10.0,21814.0,109.0,0.0,21924.0
1131011,98.3,99.1,97.3,97.3,186.0,1084.0,10.0,21844.0,109.0,0.0,21954.0
1131014,97.3,97.6,96.7,96.9,126.0,1080.0,10.0,21827.0,109.0,0.0,21937.0
1131015,96.9,98.2,96.9,98.0,144.0,1094.0,10.0,21844.0,109.0,493.0,22447.0
1131016,97.5,103.5,96.8,103.5,800.0,1080.0,16.0,22247.0,109.0,488.0,22844.0
1131017,101.0,104.0,100.5,101.5,352.0,1076.0,14.0,22337.0,109.0,486.0,22933.0
1131018,101.0,101.0,98.3,98.3,330.0,1092.0,13.0,22155.0,109.0,492.0,22757.0
1131021,98.8,100.0,98.7,99.1,150.0,1114.0,13.0,22145.0,109.0,494.0,22749.0
1131022,99.1,99.9,98.6,98.7,85.0,1126.0,11.0,22075.0,109.0,495.0,22680.0
1131023,99.0,99.1,98.0,98.1,87.0,1126.0,10.0,22013.0,109.0,495.0,22619.0
1131024,98.1,100.5,98.1,99.3,271.0,1131.0,11.0,22081.0,109.0,492.0,22683.0
1131025,99.3,99.4,98.4,98.4,137.0,1126.0,11.0,21978.0,109.0,0.0,22088.0
1131028,98.4,98.4,96.8,97.6,185.0,1115.0,13.0,21960.0,109.0,509.0,22579.0
1131029,98.1,98.1,96.3,97.9,146.0,1111.0,23.0,21995.0,109.0,508.0,22613.0
1131030,97.5,99.3,96.2,96.2,333.0,1098.0,12.0,21907.0,109.0,539.0,22556.0
1131101,96.4,96.6,95.0,95.8,339.0,1088.0,19.0,21960.0,109.0,496.0,22566.0
1131104,96.2,96.5,95.4,95.4,90.0,1090.0,13.0,21940.0,109.0,492.0,22542.0
1131105,95.6,96.3,95.2,96.0,54.0,1080.0,13.0,21956.0,109.0,489.0,22556.0
1131106,96.3,97.0,95.6,95.8,98.0,1082.0,12.0,21958.0,109.0,0.0,22068.0
1131107,96.1,98.5,96.1,98.0,164.0,1076.0,12.0,22049.0,109.0,0.0,22159.0
1131108,99.0,99.0,97.3,97.4,127.0,1060.0,11.0,22003.0,109.0,0.0,22113.0
1131111,96.8,99.1,96.8,97.8,205.0,1033.0,11.0,22077.0,109.0,0.0,22187.0
1131112,97.8,98.0,96.2,98.0,124.0,1041.0,11.0,22038.0,109.0,487.0,22636.0
1131113,97.9,99.7,96.8,98.5,285.0,1063.0,10.0,22095.0,109.0,492.0,22697.0
1131114,99.3,100.5,99.0,100.0,486.0,1184.0,10.0,22222.0,109.0,483.0,22815.0
1131115,101.0,101.5,100.5,101.0,282.0,1209.0,10.0,22241.0,109.0,483.0,22834.0
1131118,101.0,101.0,99.0,99.1,171.0,1227.0,10.0,22172.0,109.0,0.0,22282.0
1131119,99.9,99.9,99.0,99.0,92.0,1228.0,10.0,22163.0,109.0,485.0,22758.0
1131120,99.1,99.3,98.0,98.0,166.0,1234.0,10.0,22189.0,109.0,488.0,22788.0
1131121,98.3,103.0,97.7,102.5,444.0,1261.0,10.0,22338.0,109.0,485.0,22933.0
1131122,104.0,104.0,100.5,101.5,166.0,1250.0,10.0,22293.0,109.0,0.0,22403.0
1131125,101.5,101.5,100.5,100.5,85.0,1252.0,10.0,22263.0,109.0,486.0,22859.0
1131126,99.6,102.5,99.6,101.5,124.0,1263.0,10.0,22261.0,109.0,0.0,22371.0
1131127,102.5,102.5,99.8,99.8,76.0,1270.0,10.0,22215.0,109.0,0.0,22325.0
1131128,99.7,100.0,98.0,99.9,151.0,1263.0,17.0,22180.0,109.0,506.0,22796.0
1131129,99.7,100.5,99.1,100.0,73.0,1267.0,9.0,22188.0,109.0,493.0,22791.0
1131202,101.5,102.5,101.0,101.5,124.0,1300.0,9.0,22204.0,109.0,494.0,22808.0
1131203,102.5,102.5,100.5,100.5,100.0,1304.0,9.0,22211.0,109.0,493.0,22814.0
1131204,101.0,101.5,99.9,101.0,109.0,1313.0,9.0,22227.0,109.0,0.0,22337.0
1131205,101.0,102.5,100.0,101.0,260.0,1313.0,9.0,22300.0,109.0,496.0,22906.0
1131206,101.5,108.5,101.5,106.0,971.0,1401.0,12.0,22508.0,109.0,515.0,23133.0
1131209,107.5,108.0,105.5,107.0,583.0,1439.0,12.0,22531.0,109.0,0.0,22641.0
1131210,107.5,107.5,104.0,104.0,347.0,1484.0,12.0,22424.0,109.0,0.0,22534.0
1131211,103.5,108.0,103.5,106.0,349.0,1583.0,13.0,22402.0,109.0,0.0,22512.0
1131212,107.0,107.5,105.5,105.5,190.0,1615.0,12.0,22368.0,109.0,0.0,22478.0
1131213,106.0,108.0,104.0,108.0,389.0,1684.0,12.0,22374.0,109.0,514.0,22998.0
1131216,108.5,108.5,106.5,107.5,314.0,1807.0,12.0,22338.0,109.0,0.0,22448.0
1131217,108.0,108.0,105.5,105.5,192.0,1875.0,12.0,22312.0,109.0,0.0,22422.0
1131218,105.0,107.0,104.5,104.5,256.0,1886.0,11.0,22346.0,109.0,513.0,22969.0
1131219,105.0,110.5,103.5,103.5,1397.0,2010.0,10.0,22715.0,109.0,506.0,23332.0
1131220,105.5,105.5,100.5,102.0,597.0,1817.0,9.0,22690.0,109.0,499.0,23300.0
1131223,102.5,103.5,101.5,102.0,123.0,1795.0,11.0,22651.0,109.0,507.0,23269.0
1131224,102.5,102.5,101.0,101.5,136.0,1799.0,11.0,22626.0,109.0,502.0,23239.0
1131225,101.5,104.5,101.0,104.0,262.0,1779.0,11.0,22606.0,109.0,500.0,23217.0
1131226,104.5,104.5,102.0,102.0,148.0,1776.0,11.0,22515.0,109.0,511.0,23137.0
1131227,102.0,103.0,101.5,102.0,87.0,1786.0,11.0,22499.0,109.0,509.0,23119.0
1131230,102.5,103.5,100.5,100.5,215.0,1777.0,11.0,22492.0,109.0,508.0,23111.0
1131231,100.0,101.0,99.5,100.0,195.0,1713.0,11.0,22496.0,109.0,0.0,22606.0
1140102,99.9,101.0,98.9,99.3,171.0,1682.0,11.0,22480.0,110.0,509.0,23100.0
1140103,100.0,101.0,99.4,99.8,156.0,1700.0,11.0,22456.0,110.0,510.0,23077.0
1140106,101.0,104.0,100.0,103.0,646.0,1649.0,12.0,22575.0,110.0,511.0,23197.0
1140107,104.5,104.5,101.5,102.5,313.0,1576.0,12.0,22541.0,110.0,511.0,23163.0
1140108,102.5,108.5,101.5,106.5,772.0,1571.0,12.0,22781.0,110.0,505.0,23397.0
1140109,106.5,107.0,102.5,103.0,340.0,1609.0,10.0,22710.0,110.0,499.0,23320.0
1140110,103.5,105.0,103.5,104.5,245.0,1607.0,10.0,22767.0,110.0,0.0,22877.0
1140113,105.5,105.5,100.5,102.0,344.0,1607.0,10.0,22679.0,110.0,493.0,23283.0
1140114,102.0,102.5,101.0,101.5,125.0,1609.0,27.0,22662.0,110.0,494.0,23266.0
1140115,102.0,102.0,101.0,101.0,94.0,1616.0,27.0,22657.0,110.0,496.0,23263.0
1140116,102.0,104.0,102.0,104.0,146.0,1619.0,27.0,22655.0,110.0,521.0,23287.0
1140117,103.0,103.5,102.5,103.0,46.0,1613.0,19.0,22663.0,110.0,0.0,22773.0
1140120,103.0,104.5,103.0,104.5,142.0,1630.0,2.0,22673.0,110.0,529.0,23313.0
1140121,105.0,106.0,105.0,105.5,124.0,1614.0,2.0,22699.0,110.0,552.0,23362.0
1140122,105.5,107.0,105.5,106.0,199.0,1594.0,1.0,22776.0,110.0,568.0,23455.0
1140203,104.5,107.5,103.0,107.5,426.0,1577.0,1.0,22973.0,110.0,584.0,23668.0
1140204,107.5,108.0,106.0,107.0,155.0,1477.0,1.0,22923.0,110.0,590.0,23624.0
1140205,107.5,108.0,106.5,108.0,195.0,1475.0,1.0,22998.0,110.0,603.0,23712.0
1140206,108.5,112.5,108.5,109.5,632.0,1436.0,1.0,23209.0,110.0,627.0,23947.0
1140207,110.0,111.0,109.5,111.0,281.0,1442.0,1.0,23175.0,110.0,669.0,23955.0
1140210,113.0,114.5,112.0,113.0,708.0,1474.0,1.0,23044.0,110.0,737.0,23892.0
1140211,114.5,114.5,111.5,111.5,424.0,1504.0,1.0,22972.0,110.0,729.0,23812.0
1140212,111.5,113.0,111.0,112.5,304.0,1492.0,1.0,23045.0,110.0,0.0,23155.0
1140213,113.5,113.5,112.0,113.0,245.0,1521.0,16.0,23073.0,110.0,0.0,23183.0
1140214,108.0,110.5,107.0,109.0,1030.0,1508.0,2.0,22874.0,110.0,730.0,23715.0
1140217,109.0,110.0,108.0,108.5,423.0,1536.0,1.0,22888.0,110.0,704.0,23703.0
1140218,108.5,108.5,108.0,108.5,225.0,1528.0,0.0,22780.0,110.0,0.0,22890.0
1140219,108.5,109.5,108.0,109.5,316.0,1482.0,0.0,22840.0,110.0,705.0,23655.0
1140220,109.5,110.5,109.0,110.5,282.0,1481.0,0.0,22936.0,110.0,712.0,23759.0
1140221,110.5,112.0,110.0,111.5,336.0,1487.0,0.0,22972.0,110.0,706.0,23789.0
1140224,111.5,112.5,111.0,111.5,279.0,1502.0,0.0,23058.0,110.0,0.0,23168.0
1140225,112.0,112.0,109.5,110.0,156.0,1496.0,0.0,22984.0,110.0,706.0,23801.0
1140226,109.5,110.0,109.0,110.0,150.0,1505.0,0.0,22946.0,110.0,706.0,23763.0
1140227,109.5,109.5,108.5,109.0,193.0,1498.0,0.0,22881.0,110.0,707.0,23699.0
1140303,108.0,108.5,106.5,108.5,274.0,1413.0,1.0,22970.0,110.0,707.0,23787.0
1140304,107.5,111.5,106.5,110.0,310.0,1396.0,1.0,22724.0,110.0,705.0,23539.0
1140305,110.5,113.5,110.0,112.0,476.0,1389.0,0.0,22830.0,110.0,699.0,23640.0
1140306,112.0,113.5,111.5,111.5,153.0,1401.0,0.0,22833.0,110.0,0.0,22943.0
1140307,111.5,112.0,110.5,110.5,163.0,1389.0,0.0,22776.0,110.0,700.0,23587.0
1140310,111.0,111.0,109.0,109.0,161.0,1411.0,0.0,22764.0,110.0,705.0,23580.0
1140311,107.0,107.0,103.0,105.5,491.0,1374.0,0.0,22729.0,110.0,640.0,23480.0
1140312,105.5,106.0,105.0,105.5,163.0,1374.0,0.0,22709.0,110.0,624.0,23444.0
1140313,105.5,105.5,103.5,104.0,233.0,1394.0,0.0,22675.0,110.0,544.0,23330.0
1140314,103.5,104.5,103.0,104.0,167.0,1391.0,0.0,22666.0,110.0,540.0,23317.0
1140317,104.5,104.5,103.5,104.5,262.0,1395.0,0.0,22673.0,110.0,530.0,23314.0
1140318,105.0,105.0,103.5,104.0,257.0,1318.0,0.0,22683.0,110.0,527.0,23321.0
1140319,104.0,106.5,104.0,105.0,465.0,1291.0,0.0,22726.0,110.0,528.0,23365.0
1140320,100.5,102.0,100.0,101.5,297.0,1284.0,2.0,22709.0,110.0,529.0,23349.0
1140321,101.5,102.0,101.0,102.0,150.0,1286.0,2.0,22538.0,110.0,544.0,23193.0
1140324,102.5,102.5,100.0,101.0,243.0,1336.0,2.0,22524.0,110.0,0.0,22634.0
1140325,102.0,102.0,100.0,100.5,225.0,1337.0,1.0,22507.0,110.0,555.0,23173.0
1140326,100.5,101.0,100.0,100.5,143.0,1327.0,1.0,22567.0,110.0,563.0,23241.0
1140327,100.0,100.0,98.0,98.2,333.0,1311.0,1.0,22497.0,110.0,562.0,23170.0
1140328,98.2,98.2,94.8,97.0,429.0,1261.0,1.0,22445.0,110.0,519.0,23075.0
1140331,95.1,95.6,93.5,93.6,314.0,1215.0,1.0,22443.0,110.0,516.0,23070.0
1140401,94.2,96.5,94.2,95.2,233.0,1195.0,1.0,22503.0,110.0,516.0,23130.0
1140402,98.8,102.5,98.3,101.0,967.0,1260.0,10.0,22600.0,110.0,517.0,23228.0
1140407,90.9,90.9,90.9,90.9,69.0,1252.0,9.0,22604.0,110.0,0.0,22715.0
1140408,82.5,86.3,81.9,85.4,1265.0,1241.0,1.0,22737.0,110.0,506.0,23354.0
1140409,86.3,86.3,77.2,77.5,758.0,1178.0,1.0,22767.0,110.0,509.0,23387.0
1140410,85.0,85.2,84.5,85.2,245.0,1163.0,1.0,22832.0,110.0,517.0,23460.0
1140411,84.7,86.8,82.5,86.5,352.0,1100.0,1.0,22920.0,110.0,523.0,23554.0
1140414,88.0,88.7,86.0,86.3,261.0,1095.0,1.0,22841.0,110.0,520.0,23472.0
1140415,86.3,92.2,86.3,90.9,326.0,1119.0,1.0,22905.0,110.0,0.0,23016.0
1140416,90.1,94.2,90.0,91.1,639.0,1115.0,1.0,22820.0,110.0,521.0,23452.0
1140417,92.0,92.9,90.0,90.4,567.0,1103.0,1.0,22723.0,110.0,519.0,23353.0
1140418,90.7,91.0,89.5,89.6,186.0,1048.0,0.0,22759.0,110.0,517.0,23386.0
1140421,90.0,90.0,87.2,87.2,197.0,1058.0,0.0,22778.0,110.0,515.0,23404.0
1140422,86.3,89.1,86.3,88.0,209.0,1038.0,1.0,22837.0,110.0,510.0,23458.0
1140423,89.9,92.0,89.8,91.2,292.0,1074.0,2.0,22912.0,110.0,505.0,23528.0
1140424,92.2,93.1,91.3,93.1,324.0,1084.0,2.0,22967.0,110.0,500.0,23578.0
1140425,94.0,94.7,92.0,93.1,577.0,1132.0,1.0,22887.0,110.0,490.0,23488.0
1140428,93.2,93.4,91.8,92.3,142.0,1131.0,1.0,22886.0,110.0,0.0,22997.0
1140429,92.8,94.4,92.7,94.0,239.0,1100.0,1.0,23000.0,110.0,520.0,23631.0
1140430,95.3,95.3,93.3,93.5,257.0,1010.0,1.0,23044.0,110.0,528.0,23683.0
1140502,94.3,94.6,93.6,93.6,162.0,997.0,1.0,23089.0,110.0,529.0,23730.0
1140505,93.3,93.3,89.0,90.0,326.0,905.0,1.0,23126.0,110.0,530.0,23767.0
1140506,89.9,91.5,89.8,91.2,125.0,909.0,1.0,23165.0,110.0,523.0,23799.0
1140507,91.2,92.3,91.2,92.2,137.0,781.0,17.0,22569.0,110.0,522.0,23202.0
1140508,92.1,94.5,92.0,93.7,274.0,758.0,39.0,22680.0,110.0,533.0,23324.0
1140509,93.5,94.4,93.0,93.9,148.0,756.0,39.0,22723.0,110.0,525.0,23359.0
1140512,94.5,95.1,94.0,95.1,217.0,745.0,39.0,22809.0,110.0,524.0,23444.0
1140513,95.7,96.2,94.6,95.3,252.0,691.0,39.0,22921.0,110.0,496.0,23527.0
1140514,95.9,96.1,94.5,95.2,180.0,684.0,39.0,22946.0,110.0,0.0,23057.0
1140515,95.0,95.2,94.2,95.0,84.0,687.0,39.0,22953.0,110.0,0.0,23064.0
1140516,94.0,95.3,94.0,94.8,118.0,687.0,39.0,22942.0,110.0,518.0,23571.0
