日期,開盤,最高,最低,收盤,漲跌,漲跌%, 均價5, 均價10, 均價20, 均價60, 均價120, 成交量, 均量5, 融資張數, 均量5, 均量10, 融券張數, 均量5, 均量10, 騰落指標, 騰落指標, 外資庫存, 均量5, 均量10, 投信庫存, 均量5, 均量10, 自營商庫存, 均量5, 均量10, 法人庫存, 均量5, 均量10, 未平倉量
2020/7/20,15.38,15.43,15.1,15.32,0,0,,,,,,85250,,1065,,,14,,,-31949,-31949,32,,,0,,,0,,,32,,,0
2020/7/21,15.32,16,15.12,15.74,0.42,2.7415,,,,,,102342,,1746,,,353,,,-31489,460,8506,,,0,,,0,,,8506,,,0
2020/7/22,15.3,15.5,15.2,15.31,-0.43,-2.7319,,,,,,94524,,2713,,,711,,,-31223,266,15047,,,0,,,0,,,15047,,,0
2020/7/23,15.15,15.17,15.05,15.14,-0.17,-1.1104,,,,,,90731,,3381,,,187,,,-31399,-176,33776,,,0,,,0,,,33776,,,0
2020/7/24,15.15,15.19,15.01,15.05,-0.09,-0.5945,15.312,,,,,81072,90783,2829,2346.8,,105,274,,-32153,-754,19150,15302,,0,0,,0,0,,19150,15302,,0
2020/7/27,15.14,15.14,14.98,14.98,-0.07,-0.4651,15.244,,,,,63761,86486,3271,2788,,629,397,,-32761,-608,16607,18618,,0,0,,0,0,,16607,18618,,0
2020/7/28,15,15.05,14.85,14.85,-0.13,-0.8678,15.066,,,,,57975,77612,3158,3070.4,,606,447.6,,-33346,-585,23389,21594,,0,0,,0,0,,23389,21594,,0
2020/7/29,14.85,14.96,14.85,14.88,0.03,0.202,14.98,,,,,25365,63780,3191,3166,,106,326.6,,-32708,638,24201,23425,,0,0,,0,0,,24201,23425,,0
2020/7/30,14.96,15.01,14.89,15,0.12,0.8065,14.952,,,,,20127,49660,3149,3119.6,,3,289.8,,-32254,454,27493,22169,,0,0,,0,0,,27493,22169,,0
2020/7/31,15.02,15.07,15.01,15.05,0.05,0.3333,14.952,15.132,,,,18104,37066,3191,3192,2769.4,3,269.4,271.7,-32082,172,27687,23876,19589,0,0,0,0,0,0,27687,23876,19589,0
2020/8/3,15.06,15.08,14.97,14.98,-0.07,-0.4651,14.952,15.098,,,,26610,29636,3000,3137.8,2962.9,3,144.2,270.6,-32240,-158,22031,24961,21789,0,0,0,0,0,0,22031,24961,21789,0
2020/8/4,14.99,15.03,14.94,15.02,0.04,0.267,14.986,15.026,,,,31067,24254,2922,3090.6,3080.5,3,23.6,235.6,-31835,405,59689,32221,26908,0,0,0,0,0,0,59689,32221,26908,0
2020/8/5,15.04,15.17,15.04,15.16,0.14,0.9321,15.042,15.011,,,,50623,29306,2697,2991.8,3078.9,3,3,164.8,-31426,409,110082,49397,36411,0,0,0,0,0,0,110082,49397,36411,0
2020/8/6,15.21,15.26,15.15,15.15,-0.01,-0.066,15.072,15.012,,,,21938,29668,2572,2876.4,2998,3,3,146.4,-31449,-23,111329,66164,44167,0,0,0,0,0,0,111329,66164,44167,0
2020/8/7,15.16,15.19,15.08,15.1,-0.05,-0.33,15.082,15.017,,,,14872,29022,2615,2761.2,2976.6,3,3,136.2,-31609,-160,111328,82892,53384,0,0,0,0,0,0,111328,82892,53384,0
2020/8/10,15.15,15.16,15.11,15.14,0.04,0.2649,15.114,15.033,,,,9891,25678,2549,2671,2904.4,3,3,73.6,-31415,194,111437,100773,62867,0,0,0,0,0,0,111437,100773,62867,0
2020/8/11,15.17,15.17,15.06,15.08,-0.06,-0.3963,15.126,15.056,,,,15812,22627,2524,2591.4,2841,83,19,21.3,-31661,-246,111646,111165,71693,0,0,0,0,0,0,111646,111165,71693,0
2020/8/12,15.08,15.08,14.97,15.01,-0.07,-0.4642,15.096,15.069,,,,21103,16723,2670,2586,2788.9,388,96,49.5,-31771,-110,111651,111478,80438,0,0,0,0,0,0,111651,111478,80438,0
2020/8/13,15.07,15.1,15.05,15.07,0.06,0.3997,15.08,15.076,,,,5008,13337,2621,2595.8,2736.1,10,97.4,50.2,-31741,30,111652,111543,88854,0,0,0,440,88,44,112092,111631,88898,0
2020/8/14,15.08,15.15,15.05,15.14,0.07,0.4645,15.088,15.085,15.1085,,,9448,12252,2570,2586.8,2674,10,98.8,50.9,-31384,357,113747,112027,97460,0,0,0,2550,598,299,116297,112625,97759,0
2020/8/17,15.19,15.28,15.18,15.27,0.13,0.8587,15.114,15.114,15.106,,,20567,14387,2410,2559,2615,11,100.4,51.7,-30892,492,113932,112526,106650,0,0,0,6553,1909,954,120485,114434,107604,0
2020/8/18,15.3,15.31,15.2,15.27,0,0,15.152,15.139,15.0825,,,15631,14351,2248,2503.8,2547.6,11,86,52.5,-30883,9,113933,112983,112074,0,0,0,0,1909,954,113933,114892,113028,0
2020/8/19,15.3,15.34,15.18,15.19,-0.08,-0.5239,15.188,15.142,15.0765,,,19871,14105,2267,2423.2,2504.6,11,10.6,53.3,-31078,-195,113933,113440,112459,0,0,0,0,1909,954,113933,115348,113413,0
2020/8/20,15.17,15.17,14.76,14.87,-0.32,-2.1066,15.148,15.114,15.063,,,128301,38763,2611,2421.2,2508.5,274,63.4,80.4,-31917,-839,66260,104361,107952,0,0,0,0,1821,954,66260,106182,108906,0
2020/8/21,14.98,15,14.84,14.9,0.03,0.2017,15.1,15.094,15.0555,,,44146,45703,2694,2446,2516.4,489,159.2,129,-31140,777,60976,93807,102917,0,0,0,0,1311,954,60976,95118,103871,0
2020/8/24,14.93,14.95,14.86,14.94,0.04,0.2685,15.034,15.074,15.0535,,,13082,44206,2687,2501.4,2530.2,489,254.8,177.6,-31040,100,60845,83190,97858,0,0,0,0,0,954,60845,83190,98812,0
2020/8/25,14.99,15.05,14.96,15,0.06,0.4016,14.98,15.066,15.061,,,11243,43328,2600,2571.8,2537.8,456,343.8,214.9,-30598,442,57011,71805,92394,0,0,0,0,0,954,57011,71805,93348,0
2020/8/26,15.01,15.03,14.99,15.02,0.02,0.1333,14.946,15.067,15.068,,,6061,40566,2562,2630.8,2527,456,432.8,221.7,-30346,252,57294,60477,86958,0,0,0,0,0,954,57294,60477,87913,0
2020/8/27,15.06,15.06,14.96,14.99,-0.03,-0.1997,14.97,15.059,15.0675,,,12932,17492,2455,2599.6,2510.4,456,469.2,266.3,-30582,-236,54604,58146,81254,0,0,0,0,0,910,54604,58146,82164,0
2020/8/28,14.97,15,14.93,14.97,-0.02,-0.1334,14.984,15.042,15.0635,,,12654,11194,2397,2540.2,2493.1,456,462.6,310.9,-30433,149,51681,56287,75047,0,0,0,0,0,655,51681,56287,75702,0
2020/8/31,15,15.02,14.87,14.87,-0.1,-0.668,14.97,15.002,15.058,,,30294,14636,2392,2481.2,2491.3,456,456,355.4,-30328,105,42972,52713,67951,0,0,0,0,0,0,42972,52713,67951,0
2020/9/1,14.88,14.88,14.81,14.85,-0.02,-0.1345,14.94,14.96,15.0495,,,26485,17685,2472,2455.6,2513.7,456,456,399.9,-30315,13,37184,48747,60276,0,0,0,0,0,0,37184,48747,60276,0
2020/9/2,14.89,14.9,14.79,14.83,-0.02,-0.1347,14.902,14.924,15.033,,,25498,21572,2530,2449.2,2540,457,456.2,444.5,-30280,35,29667,43222,51850,0,0,0,0,0,0,29667,43222,51850,0
2020/9/3,14.86,14.97,14.84,14.88,0.05,0.3372,14.88,14.925,15.0195,,,11226,21231,2477,2453.6,2526.6,461,457.2,463.2,-30133,147,29966,38294,48220,0,0,0,476,95,48,30442,38390,48268,0
2020/9/4,14.8,14.8,14.72,14.77,-0.11,-0.7392,14.84,14.912,15.003,,,41936,27087,2553,2484.8,2512.5,457,457.4,460,-30408,-275,19036,31765,44026,0,0,0,0,95,48,19036,31861,44074,0
2020/9/7,14.78,14.89,14.77,14.79,0.02,0.1354,14.824,14.897,14.9855,,,16930,24415,2542,2514.8,2498,457,457.6,456.8,-30337,71,20202,27211,39962,0,0,0,0,95,48,20202,27307,40010,0
2020/9/8,14.83,14.85,14.79,14.81,0.02,0.1352,14.816,14.878,14.972,,,5877,20293,2521,2524.6,2490.1,457,457.8,456.9,-30372,-35,20204,23815,36281,0,0,0,0,95,48,20204,23911,36329,0
2020/9/9,14.75,14.76,14.63,14.75,-0.06,-0.4051,14.8,14.851,14.959,,,36216,22437,2642,2547,2498.1,457,457.8,457,-30326,46,15615,21005,32113,0,0,0,0,95,48,15615,21100,32161,0
2020/9/10,14.79,14.8,14.76,14.78,0.03,0.2034,14.78,14.83,14.9445,,,6859,21563,2659,2583.4,2518.5,456,456.8,457,-30418,-92,15862,18184,28239,0,0,0,0,0,48,15862,18184,28287,0
2020/9/11,14.78,14.8,14.73,14.76,-0.02,-0.1353,14.778,14.809,14.9255,,,13233,15823,2538,2580.4,2532.6,456,456.6,457,-30895,-477,16695,17716,24741,0,0,0,0,0,48,16695,17716,24788,0
2020/9/14,14.79,14.86,14.79,14.86,0.1,0.6775,14.792,14.808,14.905,,,7183,13873,2602,2592.4,2553.6,456,456.4,457,-30502,393,17334,17142,22177,0,0,0,471,94,95,17805,17237,22272,0
2020/9/15,14.9,14.9,14.86,14.89,0.03,0.2019,14.808,14.812,14.886,,,8642,14426,2464,2581,2552.8,456,456.2,457,-30314,188,15387,16179,19997,0,0,0,0,94,95,15387,16273,20092,0
2020/9/16,14.91,14.92,14.89,14.89,0,0,14.836,14.818,14.871,,,9490,9081,2444,2541.4,2544.2,456,456,456.9,-30199,115,15410,16138,18572,0,0,0,265,147,121,15675,16285,18693,0
2020/9/17,14.89,14.9,14.79,14.79,-0.1,-0.6716,14.838,14.809,14.867,,,17446,11198,2505,2510.6,2547,456,456,456.4,-30007,192,14806,15927,17056,0,0,0,0,147,74,14806,16074,17129,0
2020/9/18,14.81,14.84,14.79,14.83,0.04,0.2705,14.852,14.815,14.8635,,,3789,9310,2469,2496.8,2538.6,0,364.8,410.7,-29678,329,13964,15381,16548,0,0,0,0,147,74,13964,15528,16622,0
2020/9/21,14.84,14.85,14.72,14.73,-0.1,-0.6743,14.826,14.809,14.853,,,17855,11444,2490,2474.4,2533.4,0,273.6,365,-29789,-111,9915,13897,15520,0,0,0,0,53,74,9915,13950,15593,0
2020/9/22,14.72,14.72,14.63,14.65,-0.08,-0.5431,14.778,14.793,14.8355,,,24262,14568,2534,2488.4,2534.7,0,182.4,319.3,-30422,-633,6789,12177,14178,0,0,0,0,53,74,6789,12230,14252,0
2020/9/23,14.66,14.7,14.6,14.6,-0.05,-0.3413,14.72,14.778,14.8145,,,20798,16830,2495,2498.6,2520,141,119.4,287.7,-30819,-397,6487,10393,13265,0,0,0,0,0,74,6487,10393,13339,0
2020/9/24,14.51,14.53,14.32,14.33,-0.27,-1.8493,14.628,14.733,14.7815,,,44931,22327,2690,2535.6,2523.1,274,83,269.5,-31620,-801,9066,9245,12586,0,0,0,0,0,74,9066,9245,12660,0
2020/9/25,14.34,14.4,14.2,14.24,-0.09,-0.6281,14.51,14.681,14.745,,,23465,26262,2702,2582.2,2539.5,133,109.6,237.2,-32130,-510,9527,8357,11869,0,0,0,0,0,74,9527,8357,11943,0
2020/9/28,14.29,14.52,14.29,14.5,0.26,1.8258,14.464,14.645,14.7265,,,8803,24451,2704,2625,2549.7,133,136.2,204.9,-31483,647,10341,8443,11170,0,0,0,269,54,53,10610,8496,11223,0
2020/9/29,14.58,14.6,14.51,14.53,0.03,0.2069,14.44,14.609,14.7105,,,4892,20577,2689,2656,2572.2,133,162.8,172.6,-31546,-63,10617,9208,10693,0,0,0,316,117,85,10933,9325,10778,0
2020/9/30,14.53,14.61,14.53,14.58,0.05,0.3441,14.436,14.578,14.698,,,5750,17568,2649,2686.8,2592.7,133,161.2,140.3,-31243,303,11519,10215,10304,0,0,0,607,238,119,12126,10453,10423,0
2020/10/5,14.6,14.64,14.52,14.54,-0.04,-0.2743,14.478,14.553,14.681,,,5012,9584,2619,2672.6,2604.1,133,133,108,-30829,414,11563,10714,9979,0,0,0,0,238,119,11563,10952,10099,0
2020/10/6,14.59,14.62,14.58,14.6,0.06,0.4127,14.55,14.53,14.6725,,,5312,5953,2550,2642.2,2612.2,133,133,121.3,-30266,563,11531,11115,9736,0,0,0,142,267,133,11673,11382,9870,0
2020/10/7,14.61,14.62,14.56,14.6,0,0,14.57,14.517,14.663,,,4148,5022,2400,2581.4,2603.2,133,133,134.6,-30145,121,11358,11318,9880,0,0,0,590,331,192,11948,11649,10073,0
2020/10/8,14.65,14.66,14.59,14.66,0.06,0.411,14.596,14.518,14.6555,,,6089,5262,2368,2517.2,2586.6,141,134.6,148.7,-30143,2,11244,11444,10326,0,0,0,3430,954,535,14675,12398,10861,0
2020/10/12,14.67,14.7,14.63,14.65,-0.01,-0.0682,14.61,14.523,14.6505,,,5896,5291,2305,2448.4,2567.6,144,136.8,149,-30454,-311,10845,11309,10762,0,0,0,3989,1630,934,14834,12939,11696,0
2020/10/13,14.65,14.66,14.57,14.62,-0.03,-0.2048,14.626,14.552,14.6425,,,3489,4986,2263,2377.2,2524.9,144,139,136,-30613,-159,10621,11121,10917,0,0,0,4475,2525,1382,15096,13646,12299,0
2020/10/14,14.62,14.69,14.62,14.64,0.02,0.1368,14.634,14.592,14.6365,14.8902,,4558,4836,2201,2307.4,2474.8,144,141.2,137.1,-30316,297,11787,11172,11143,0,0,0,5223,3542,1904,17010,14713,13047,0
2020/10/15,14.64,14.65,14.52,14.57,-0.07,-0.4781,14.628,14.599,14.622,14.8777,,5050,5016,2169,2261.2,2421.3,143,143.2,138.1,-30511,-195,10086,10917,11118,0,0,0,4863,4396,2364,14949,15314,13481,0
2020/10/16,14.57,14.57,14.5,14.5,-0.07,-0.4804,14.596,14.596,14.6025,14.857,,5937,4986,2154,2218.4,2367.8,29,120.8,127.7,-30839,-328,8222,10313,10878,0,0,0,4247,4560,2757,12469,14873,13635,0
2020/10/19,14.51,14.6,14.51,14.55,0.05,0.3448,14.576,14.593,14.5855,14.8443,,3450,4496,2156,2188.6,2318.5,36,99.2,118,-30353,486,8225,9789,10549,0,0,0,4515,4665,3148,12741,14454,13697,0
2020/10/20,14.55,14.55,14.5,14.51,-0.04,-0.2749,14.554,14.59,14.5715,14.8338,,3449,4488,2204,2176.8,2277,41,78.6,108.8,-30549,-196,8017,9268,10194,0,0,0,4112,4592,3559,12130,13861,13753,0
2020/10/21,14.53,14.53,14.47,14.5,-0.01,-0.0689,14.526,14.58,14.555,14.8247,,6768,4930,2159,2168.4,2237.9,45,58.8,100,-30392,157,7667,8444,9808,0,0,0,290,3606,3574,7957,12050,13382,0
2020/10/22,14.5,14.5,14.46,14.5,0,0,14.512,14.57,14.5435,14.8167,,3368,4594,2103,2155.2,2208.2,48,39.8,91.5,-30619,-227,7284,7884,9401,0,0,0,882,2810,3603,8166,10693,13003,0
2020/10/23,14.51,14.54,14.51,14.54,0.04,0.2759,14.52,14.558,14.538,14.8115,,3282,4063,2090,2142.4,2180.4,56,45.2,83,-30497,122,7107,7661,8987,0,0,0,2088,2378,3469,9195,10039,12456,0
2020/10/26,14.58,14.63,14.57,14.6,0.06,0.4127,14.53,14.553,14.538,14.8068,,3562,4085,2109,2133,2160.8,57,49.4,74.3,-30438,59,7195,7455,8622,0,0,0,2272,1929,3297,9468,9384,11919,0
2020/10/27,14.59,14.59,14.54,14.57,-0.03,-0.2055,14.542,14.548,14.55,14.7997,,2599,3915,2096,2111.4,2144.1,57,52.6,65.6,-30538,-100,6821,7216,8242,0,0,0,2267,1560,3076,9089,8776,11318,0
2020/10/28,14.57,14.61,14.54,14.55,-0.02,-0.1373,14.552,14.539,14.5655,14.7913,,4705,3503,2064,2092.4,2130.4,57,55,56.9,-30981,-443,6190,6920,7682,0,0,0,3055,2113,2859,9246,9033,10542,0
2020/10/29,14.48,14.54,14.4,14.49,-0.06,-0.4124,14.55,14.531,14.565,14.7832,,10158,4861,2050,2081.8,2118.5,57,56.8,48.3,-31386,-405,4627,6389,7136,0,0,0,0,1937,2373,4627,8326,9509,0
2020/10/30,14.46,14.47,14.4,14.42,-0.07,-0.4831,14.526,14.523,14.5595,14.7732,,10338,6272,2069,2077.6,2110,53,56.2,50.7,-31963,-577,4125,5792,6727,0,0,0,0,1519,1948,4125,7312,8675,0
2020/11/2,14.42,14.45,14.4,14.42,0,0,14.49,14.51,14.5515,14.7608,,3242,6208,2064,2068.6,2100.8,53,55.4,52.4,-32097,-134,4125,5179,6317,0,0,0,0,1065,1497,4125,6243,7814,0
2020/11/3,14.43,14.54,14.43,14.51,0.09,0.6241,14.478,14.51,14.55,14.7502,,6361,6960,2048,2059,2085.2,53,54.6,53.6,-31486,611,5540,4922,6069,0,0,0,2111,1033,1297,7652,5956,7366,0
2020/11/4,14.52,14.58,14.49,14.58,0.07,0.4824,14.484,14.518,14.549,14.7415,,6372,7294,1956,2037.4,2064.9,13,45.8,50.4,-31225,261,5139,4712,5816,0,0,0,5479,1518,1816,10618,6230,7632,0
2020/11/5,14.59,14.64,14.59,14.61,0.03,0.2058,14.508,14.529,14.5495,14.7327,,5978,6458,1938,2015,2048.4,13,37,46.9,-31139,86,5138,4814,5601,0,0,0,8560,3230,2583,13698,8044,8185,0
2020/11/6,14.63,14.66,14.62,14.65,0.04,0.2738,14.554,14.54,14.549,14.7255,,9859,6362,1895,1980.2,2028.9,12,28.8,42.5,-31095,44,5141,5017,5405,0,0,0,15449,6320,3920,20590,11337,9324,0
2020/11/9,14.73,14.8,14.72,14.76,0.11,0.7509,14.622,14.556,14.5545,14.7213,,20043,9722,1885,1944.4,2006.5,14,21,38.2,-30537,558,5798,5352,5265,0,0,0,28761,12072,6568,34559,17424,11833,0
2020/11/10,14.79,14.81,14.75,14.79,0.03,0.2033,14.678,14.578,14.563,14.7167,,13079,11066,1879,1910.6,1984.8,15,13.4,34,-30537,0,6095,5463,5192,0,0,0,37342,19118,10076,43438,24581,15268,0
2020/11/11,14.81,14.99,14.8,14.99,0.2,1.3523,14.76,14.622,14.5805,14.7142,,32226,16237,1783,1876,1956.7,0,10.8,28.3,-30133,404,6086,5652,5182,0,0,0,63459,30715,16116,69545,36366,21298,0
2020/11/12,14.99,15,14.89,14.94,-0.05,-0.3336,14.826,14.667,14.599,14.7087,,12335,17508,1743,1837,1926,0,8.2,22.6,-30522,-389,5015,5627,5221,0,0,0,72403,43483,23357,77419,49111,28577,0
2020/11/13,14.92,14.97,14.89,14.97,0.03,0.2008,14.89,14.722,14.6225,14.7037,,11849,17906,1694,1796.8,1888.5,0,5.8,17.3,-30296,226,5010,5601,5309,0,0,0,81192,56632,31476,86203,62233,36785,0
2020/11/16,15.01,15.11,15.01,15.1,0.13,0.8684,14.958,14.79,14.65,14.7022,,57010,25299,1617,1743.2,1843.8,0,3,12,-30074,222,8716,6185,5768,0,0,0,127912,76462,44267,136629,82647,50035,0
2020/11/17,15.13,15.16,15.09,15.13,0.03,0.1987,15.026,14.852,14.681,14.7065,,35718,29827,1586,1684.6,1797.6,3,0.6,7,-30004,70,6397,6245,5854,0,0,0,158304,100654,59886,164701,106900,65740,0
2020/11/18,15.12,15.22,15.1,15.22,0.09,0.5948,15.072,14.916,14.717,14.7118,,30737,29529,1541,1636.2,1756.1,4,1.4,6.1,-29727,277,5495,6127,5890,0,0,0,181273,124217,77466,186768,130345,83355,0
2020/11/19,15.2,15.23,15.16,15.21,-0.01,-0.0657,15.126,14.976,14.7525,14.7163,,18458,30754,1528,1593.2,1715.1,4,2.2,5.2,-29666,61,5543,6233,5930,0,0,0,196482,149033,96258,202025,155266,102188,0
2020/11/20,15.19,15.23,15.16,15.23,0.02,0.1315,15.178,15.034,14.787,14.7202,,17234,31831,1488,1552,1674.4,5,3.2,4.5,-29625,41,5544,6340,5970,0,0,0,210920,174979,115805,216465,181318,121776,0
2020/11/23,15.3,15.44,15.3,15.4,0.17,1.1162,15.238,15.098,14.827,14.7265,,28457,26120,1433,1515.2,1629.2,9,5,4,-29240,385,6403,5877,6031,0,0,0,230667,195530,135996,237071,201407,142027,0
2020/11/24,15.44,15.45,15.35,15.36,-0.04,-0.2597,15.284,15.155,14.8665,14.7327,,15777,22132,1351,1468.2,1576.4,9,6.2,3.4,-29479,-239,5365,5671,5958,0,0,0,241749,212219,156437,247115,217889,162395,0
2020/11/25,15.4,15.42,15.31,15.34,-0.02,-0.1302,15.308,15.19,14.906,14.7388,,12708,18526,1322,1424.4,1530.3,9,7.2,4.3,-29358,121,5263,5624,5876,0,0,0,249473,225859,175038,254737,231483,180914,0
2020/11/26,15.37,15.41,15.32,15.41,0.07,0.4563,15.348,15.237,14.952,14.7478,,11833,17201,1269,1372.6,1482.9,9,8.2,5.2,-28851,507,5257,5567,5900,0,0,0,256923,237947,193490,262181,243514,199390,0
2020/11/27,15.4,15.43,15.38,15.43,0.02,0.1298,15.388,15.283,15.0025,14.7575,,14079,16570,1231,1321.2,1436.6,3,7.8,5.5,-28545,306,4268,5312,5826,0,0,0,265977,248958,211968,270246,254270,217794,0
2020/11/30,15.48,15.55,15.35,15.35,-0.08,-0.5185,15.378,15.308,15.049,14.7662,,14273,13734,1271,1288.8,1402,3,6.6,5.8,-28495,50,3371,4706,5291,0,0,0,273504,257526,226528,276876,262231,231819,0
2020/12/1,15.35,15.47,15.34,15.47,0.12,0.7818,15.4,15.342,15.097,14.776,,11768,12932,1195,1257.6,1362.9,3,5.4,5.8,-28471,24,3813,4395,5033,0,0,0,282049,265586,238902,285863,269981,243935,0
2020/12/2,15.5,15.56,15.47,15.54,0.07,0.4525,15.44,15.374,15.145,14.7888,,17357,13862,1142,1221.6,1323,5,4.6,5.9,-28631,-160,4008,4144,4884,0,0,0,291048,273901,249880,295057,278045,254764,0
2020/12/3,15.55,15.68,15.54,15.6,0.06,0.3861,15.478,15.413,15.1945,14.8023,,13967,14288,1312,1230.2,1301.4,5,3.8,6,-28842,-211,4307,3954,4761,0,0,0,296635,281843,259895,300943,285798,264656,0
2020/12/4,15.66,15.76,15.64,15.76,0.16,1.0256,15.544,15.466,15.25,14.8182,,13824,14237,1292,1242.4,1281.8,9,5,6.4,-28690,152,4187,3938,4625,0,0,0,304433,289535,269246,308621,293472,273871,0
2020/12/7,15.83,15.91,15.8,15.91,0.15,0.9518,15.656,15.517,15.3075,14.8375,,18055,14994,1005,1189.2,1239,25,9.4,8,-28863,-173,4016,4067,4386,0,0,0,313354,297505,277515,317370,301571,281901,0
2020/12/8,15.91,16,15.86,16,0.09,0.5657,15.762,15.581,15.368,14.8578,,18314,16303,975,1145.2,1201.4,25,13.8,9.6,-28870,-7,4042,4112,4254,0,0,0,322484,305592,285589,326526,309704,289842,0
2020/12/9,16,16.15,16,16.14,0.14,0.875,15.882,15.661,15.4255,14.8808,,13324,15496,974,1111.6,1166.6,29,18.6,11.6,-28803,67,4144,4139,4142,0,0,0,327006,312783,293342,331151,316923,297484,0
2020/12/10,16.13,16.13,15.94,15.98,-0.16,-0.9913,15.958,15.718,15.4775,14.8995,,15971,15897,910,1031.2,1130.7,17,21,12.4,-29121,-318,3755,4029,3992,0,0,0,328325,319121,300482,332081,323150,304474,0
2020/12/11,15.98,16.07,15.82,15.98,0,0,16.002,15.773,15.528,14.9177,,13060,15744,884,949.6,1096,17,22.6,13.8,-29540,-419,4499,4091,4015,0,0,0,334866,325208,307371,339365,329299,311386,0
2020/12/14,15.98,16,15.92,15.95,-0.03,-0.1877,16.01,15.833,15.5705,14.9353,,9334,14000,837,916,1052.6,22,22,15.7,-29237,303,4527,4194,4130,0,0,0,338215,330180,313842,342743,334374,317972,0
2020/12/15,15.95,15.95,15.67,15.69,-0.26,-1.6301,15.948,15.855,15.5985,14.9503,,11141,12566,843,889.6,1017.4,38,24.6,19.2,-29858,-621,3726,4131,4121,0,0,0,338148,333313,319452,341875,337443,323574,0
2020/12/16,15.77,15.92,15.77,15.92,0.23,1.4659,15.904,15.893,15.6335,14.9685,,9491,11799,835,861.8,986.7,33,25.4,22,-29052,806,4598,4221,4180,0,0,0,340962,336104,324443,345560,340325,328624,0
2020/12/17,15.93,15.93,15.85,15.91,-0.01,-0.0628,15.89,15.924,15.6685,14.9882,,7117,10028,823,844.4,937.8,33,28.6,24.8,-29162,-110,4237,4318,4173,0,0,0,342172,338873,328997,346409,343191,333171,0
2020/12/18,15.91,15.93,15.86,15.86,-0.05,-0.3143,15.866,15.934,15.7,15.0083,,5656,8547,819,831.4,890.5,33,31.8,27.2,-29350,-188,4228,4264,4178,0,0,0,345203,340941,333074,349431,345204,337252,0
2020/12/21,15.86,15.86,15.69,15.84,-0.02,-0.1261,15.844,15.927,15.722,15.029,,5236,7728,802,824.4,870.2,14,30.2,26.1,-29255,95,4341,4226,4210,0,0,0,347087,342715,336447,351429,346941,340658,0
2020/12/22,15.82,15.88,15.69,15.7,-0.14,-0.8838,15.846,15.897,15.739,15.0518,,7033,6906,830,821.8,855.7,13,25.2,24.9,-29860,-605,4036,4288,4209,0,0,0,350579,345201,339257,354616,349490,343466,0
2020/12/23,15.68,15.79,15.65,15.74,0.04,0.2548,15.81,15.857,15.759,15.0768,,6340,6276,852,825.2,843.5,13,21.2,23.3,-29492,368,4031,4175,4198,0,0,0,353442,347697,341900,357473,351872,346099,0
2020/12/24,15.77,15.86,15.77,15.83,0.09,0.5718,15.794,15.842,15.78,15.099,,6757,6204,855,831.6,838,13,17.2,22.9,-29128,364,4914,4311,4314,0,0,0,356446,350552,344713,361360,354862,349027,0
2020/12/25,15.88,15.95,15.88,15.89,0.06,0.379,15.8,15.833,15.803,15.1217,,6084,6290,825,832.8,832.1,13,13.2,22.5,-29059,69,5527,4570,4417,0,0,0,358666,353245,347093,364194,357815,351510,0
2020/12/28,15.92,16.03,15.92,16.03,0.14,0.8811,15.838,15.841,15.837,15.1458,,17969,8836,790,830.4,827.4,3,11,20.6,-28666,393,6034,4909,4568,0,0,0,370320,357891,350303,376355,362800,354871,0
2020/12/29,16.06,16.09,15.99,16.02,-0.01,-0.0624,15.902,15.874,15.8645,15.1705,,6543,8738,746,813.6,817.7,3,9,17.1,-28694,-28,5744,5250,4769,0,0,0,371989,362173,353687,377733,367424,358457,0
2020/12/30,16.02,16.17,16,16.16,0.14,0.8739,15.986,15.898,15.8955,15.1965,,12711,10012,716,786.4,805.8,3,7,14.1,-28401,293,6053,5655,4915,0,0,0,380195,367524,357610,386248,373178,362525,0
2020/12/31,16.19,16.2,16.11,16.14,-0.02,-0.1238,16.048,15.921,15.9225,15.2222,,5968,9855,677,750.8,791.2,3,5,11.1,-28374,27,5762,5824,5067,0,0,0,381385,372512,361532,387147,378336,366599,0
2021/1/4,16.1,16.23,16.1,16.2,0.06,0.3717,16.11,15.955,15.9445,15.2478,,11080,10854,677,721.2,777,6,3.6,8.4,-28135,239,5570,5833,5202,0,0,0,383433,377465,365355,389003,383298,370556,0
2021/1/5,16.2,16.22,16.11,16.21,0.01,0.0617,16.146,15.992,15.9595,15.2738,,14378,10136,553,673.8,752.1,6,4.2,7.6,-28277,-142,5539,5734,5322,0,0,0,391531,381707,369799,397071,387441,375121,0
2021/1/6,16.24,16.31,16.02,16.1,-0.11,-0.6786,16.162,16.032,15.9645,15.2985,,14232,11673,508,626.2,719.9,6,4.8,6.9,-28948,-671,3958,5377,5314,0,0,0,395535,386416,374295,399494,391793,379608,0
2021/1/7,16.18,16.26,16.17,16.24,0.14,0.8696,16.178,16.082,15.9695,15.3252,15.1077,11811,11493,499,582.8,684.6,3,4.8,5.9,-28637,311,4113,4989,5322,0,0,0,405291,391436,379480,409405,396425,384802,0
2021/1/8,16.32,16.5,16.3,16.5,0.26,1.601,16.25,16.149,15.9955,15.3573,15.1175,15327,13365,364,520.2,635.5,3,4.8,4.9,-28720,-83,4639,4765,5294,0,0,0,414578,398074,385293,419217,402839,390587,0
2021/1/11,16.57,16.68,16.57,16.67,0.17,1.0303,16.344,16.227,16.03,15.3935,15.1253,9001,12949,374,459.6,590.4,35,10.6,7.1,-28599,121,4256,4502,5167,0,0,0,416837,404755,391110,421093,409257,396277,0
2021/1/12,16.69,16.73,16.51,16.56,-0.11,-0.6599,16.414,16.28,16.0605,15.427,15.1357,8771,11828,397,428.4,551.1,5,10.4,7.3,-29190,-591,4205,4235,4984,0,0,0,419795,410408,396057,424000,414642,401042,0
2021/1/13,16.59,16.89,16.59,16.87,0.31,1.872,16.568,16.365,16.1195,15.4663,15.1501,11351,11252,697,466.2,546.2,5,10.2,7.5,-28672,518,4955,4434,4906,0,0,0,424415,416184,401300,429371,420618,406205,0
2021/1/14,16.87,17.03,16.84,17,0.13,0.7706,16.72,16.449,16.1735,15.508,15.1663,8222,10534,662,498.8,540.8,4,10.4,7.6,-28710,-38,4952,4602,4795,0,0,0,426825,420490,405963,431777,425092,410758,0
2021/1/15,17.07,17.15,16.84,16.87,-0.13,-0.7647,16.794,16.522,16.2215,15.5475,15.1821,10109,9490,685,563,541.6,4,10.6,7.7,-29428,-718,4281,4530,4647,0,0,0,426908,422957,410515,431190,427487,415163,0
2021/1/18,16.86,16.86,16.43,16.7,-0.17,-1.0077,16.8,16.572,16.2635,15.5835,15.1975,10808,9852,744,637,548.3,7,5,7.8,-29695,-267,4375,4554,4528,0,0,0,426695,424928,414842,431070,429482,419369,0
2021/1/19,16.72,16.8,16.72,16.76,0.06,0.3593,16.84,16.627,16.3095,15.6195,15.2132,5728,9243,747,707,567.7,3,4.6,7.5,-29621,74,4602,4633,4434,0,0,0,427093,426388,418398,431695,431021,422832,0
2021/1/20,16.76,16.78,16.35,16.4,-0.36,-2.148,16.746,16.657,16.3445,15.65,15.2248,12815,9536,738,715.2,590.7,4,4.4,7.3,-30435,-814,3375,4317,4376,0,0,0,426765,426858,421521,430140,431175,425896,0
2021/1/21,16.44,16.6,16.44,16.5,0.1,0.6098,16.646,16.683,16.3825,15.6825,15.2369,9074,9706,705,723.8,611.3,2,4,7.2,-30384,51,4420,4211,4406,0,0,0,428858,427264,423877,433278,431475,428284,0
2021/1/22,16.5,16.69,16.48,16.65,0.15,0.9091,16.602,16.698,16.4235,15.7185,15.2508,7697,9224,700,726.8,644.9,4,4,7.3,-30125,259,2831,3921,4225,0,0,0,430527,427988,425472,433359,431909,429698,0
2021/1/25,16.66,16.86,16.63,16.84,0.19,1.1411,16.63,16.715,16.471,15.7588,15.266,10242,9111,520,682,659.5,4,3.4,4.2,-29805,320,5003,4047,4300,0,0,0,431212,428891,426910,436216,432938,431210,0
2021/1/26,16.86,16.91,16.63,16.68,-0.16,-0.9501,16.614,16.727,16.5035,15.7965,15.2787,6819,9329,441,620.8,663.9,4,3.6,4.1,-30349,-544,4166,3959,4296,0,0,0,431133,429700,428044,435300,433659,432340,0
2021/1/27,16.7,16.88,16.7,16.81,0.13,0.7794,16.696,16.721,16.543,15.8348,15.2925,12583,9283,349,543,629.1,4,3.6,4,-30092,257,7760,4836,4577,0,0,0,435104,431368,429113,442865,436204,433689,0
2021/1/28,16.63,16.76,16.55,16.62,-0.19,-1.1303,16.72,16.683,16.566,15.8688,15.3052,7837,9035,331,468.2,596,4,4,4,-30640,-548,5236,5000,4605,0,0,0,436907,432977,430121,442144,437977,434726,0
2021/1/29,16.67,16.71,16.36,16.36,-0.26,-1.5644,16.662,16.632,16.577,15.898,15.3153,7039,8904,309,390,558.4,4,4,4,-31296,-656,4815,5397,4659,0,0,0,437592,434390,431189,442408,439787,435848,0
2021/2/1,16.3,16.45,16.25,16.45,0.09,0.5501,16.584,16.607,16.5895,15.928,15.3268,7656,8386,320,350,516,1,3.4,3.4,-31423,-127,6548,5706,4876,0,0,0,440105,436169,432530,446653,441874,437406,0
2021/2/2,16.51,16.68,16.5,16.61,0.16,0.9726,16.57,16.592,16.6095,15.9588,15.3401,5094,8041,333,328.4,474.6,0,2.6,3.1,-30893,530,6697,6212,5086,0,0,0,441245,438191,433945,447942,444403,439031,0
2021/2/3,16.68,16.7,16.61,16.67,0.06,0.3612,16.542,16.619,16.638,15.9902,15.3534,4029,6331,351,328.8,435.9,0,1.8,2.7,-30814,79,6683,5996,5416,0,0,0,442128,439596,435482,448811,445592,440898,0
2021/2/4,16.67,16.68,16.57,16.62,-0.05,-0.2999,16.542,16.631,16.657,16.0173,15.3658,3064,5376,306,323.8,396,0,1,2.5,-30992,-178,6549,6259,5629,0,0,0,441939,440602,436790,448488,446861,442419,0
2021/2/5,16.7,16.78,16.68,16.74,0.12,0.722,16.618,16.64,16.669,16.0473,15.378,11257,6220,339,329.8,359.9,0,0.2,2.1,-30817,175,3848,6065,5731,0,0,0,441283,441340,437865,445131,447406,443596,0
2021/2/17,16.89,17,16.8,16.93,0.19,1.135,16.714,16.649,16.682,16.08,15.3918,8917,6472,364,338.6,344.3,0,0,1.7,-30077,740,5353,5826,5766,0,0,0,440777,441475,438822,446130,447301,444588,0
2021/2/18,16.95,17.05,16.93,16.99,0.06,0.3544,16.79,16.68,16.7035,16.1115,15.4068,7479,6949,432,358.4,343.4,0,0,1.3,-29415,662,5459,5579,5895,0,0,0,442796,441785,439988,448255,447364,445883,0
2021/2/19,17,17.06,16.93,17.05,0.06,0.3531,16.866,16.704,16.7125,16.1435,15.425,10167,8176,373,362.8,345.8,0,0,0.9,-29122,293,6433,5529,5762,0,0,0,442802,441920,440758,449235,447449,446520,0
2021/2/22,17.08,17.29,17.08,17.25,0.2,1.173,16.992,16.767,16.725,16.1773,15.4446,8736,9311,380,377.6,350.7,0,0,0.5,-28511,611,7521,5723,5991,0,0,0,440743,441681,441142,448265,447404,447133,0
2021/2/23,17.25,17.45,17.19,17.43,0.18,1.0435,17.13,16.874,16.753,16.2143,15.4653,9907,9041,374,384.6,357.2,0,0,0.1,-28166,345,8768,6707,6386,0,0,0,440267,441478,441409,449035,448185,447795,0
2021/2/24,17.48,17.55,17.34,17.37,-0.06,-0.3442,17.218,16.966,16.7865,16.25,15.4851,15657,10389,418,395.4,367,0,0,0,-28536,-370,9990,7635,6730,0,0,0,438127,440948,441211,448118,448582,447942,0
2021/2/25,17.38,17.48,17.36,17.43,0.06,0.3454,17.306,17.048,16.82,16.2838,15.5052,7679,10429,421,393.2,375.8,0,0,0,-28146,390,9518,8446,7013,0,0,0,435491,439487,440636,445010,447933,447648,0
2021/2/26,17.35,17.35,17.09,17.14,-0.29,-1.6638,17.324,17.095,16.857,16.3135,15.5231,15062,11408,472,413,387.9,0,0,0,-28573,-427,4931,8146,6837,0,0,0,429221,436771,439345,434153,444917,446183,0
2021/3/2,17.24,17.29,17.08,17.08,-0.06,-0.3501,17.29,17.141,16.886,16.3425,15.5407,5929,10846,457,428.4,403,0,0,0,-28972,-399,4447,7531,6627,0,0,0,427376,434097,437889,431823,441628,444516,0
2021/3/3,17.1,17.24,17.05,17.24,0.16,0.9368,17.252,17.191,16.9155,16.373,15.5604,4574,9780,464,446.4,415.5,0,0,0,-28422,550,4825,6743,6725,0,0,0,427753,431594,436536,432579,438337,443261,0
2021/3/4,17.23,17.23,16.98,17.1,-0.14,-0.8121,17.198,17.208,16.9285,16.4008,15.5792,9589,8566,483,459.4,427.4,0,0,0,-28656,-234,3930,5531,6583,0,0,0,421766,428322,434635,425696,433853,441217,0
2021/3/5,16.99,17.07,16.88,17,-0.1,-0.5848,17.112,17.209,16.9445,16.4283,15.5973,6590,8348,456,466.4,429.8,0,0,0,-28976,-320,3735,4374,6410,0,0,0,418947,425013,432250,422682,429387,438660,0
2021/3/8,17.08,17.18,17,17.02,0.02,0.1176,17.088,17.206,16.955,16.4542,15.6151,4926,6321,452,462.4,437.7,0,0,0,-28997,-21,4001,4188,6167,0,0,0,417517,422672,429721,421519,426860,435888,0
2021/3/9,17.02,17.14,16.97,17.14,0.12,0.7051,17.1,17.195,16.981,16.4808,15.6348,5020,6139,448,460.6,444.5,0,0,0,-28808,189,5016,4302,5917,0,0,0,417400,420677,427387,422417,424979,433304,0
2021/3/10,17.19,17.2,17.15,17.16,0.02,0.1167,17.084,17.168,17.021,16.5068,15.6546,2611,5747,472,462.2,454.3,0,0,0,-28684,124,5018,4341,5542,0,0,0,417033,418533,425064,422051,422874,430605,0
2021/3/11,17.22,17.44,17.22,17.39,0.23,1.3403,17.142,17.17,17.068,16.534,15.6761,6508,5131,469,459.4,459.4,0,0,0,-28242,442,7010,4957,5244,0,0,0,418806,417941,423132,425817,422898,428375,0
2021/3/12,17.45,17.5,17.41,17.5,0.11,0.6325,17.242,17.177,17.1125,16.5605,15.699,6452,5103,434,455,460.7,0,0,0,-28207,35,7879,5785,5080,0,0,0,422609,418674,421843,430489,424459,426923,0
2021/3/15,17.5,17.61,17.5,17.6,0.1,0.5714,17.358,17.223,17.159,16.5872,15.7225,5238,5165,437,452,457.2,0,0,0,-27906,301,8181,6621,5405,0,0,0,422232,419617,421144,430413,426238,426549,0
2021/3/16,17.61,17.69,17.61,17.65,0.05,0.2841,17.46,17.28,17.2105,16.6123,15.7466,5488,5259,422,446.8,453.7,0,0,0,-27806,100,8268,7272,5787,0,0,0,422537,420644,420660,430805,427915,426447,0
2021/3/17,17.68,17.68,17.57,17.6,-0.05,-0.2833,17.548,17.316,17.2535,16.6393,15.7694,5350,5807,410,434.4,448.3,0,0,0,-27887,-81,8509,7970,6155,0,0,0,422368,421711,420122,430878,429681,426277,0
2021/3/18,17.67,17.83,17.67,17.72,0.12,0.6818,17.614,17.378,17.293,16.6683,15.793,7962,6098,388,418.2,438.8,0,0,0,-27538,349,10105,8589,6773,0,0,0,424173,422784,420363,434278,431373,427135,0
2021/3/19,17.72,17.72,17.6,17.67,-0.05,-0.2822,17.648,17.445,17.327,16.697,15.8162,4753,5758,384,408.2,431.6,0,0,0,-27778,-240,9680,8949,7367,0,0,0,422719,422806,420740,432400,431755,428107,0
2021/3/22,17.67,17.76,17.61,17.74,0.07,0.3962,17.676,17.517,17.3615,16.7312,15.8408,3990,5508,325,385.8,418.9,0,0,0,-27522,256,9826,9278,7950,0,0,0,423896,423139,421378,433723,432417,429328,0
2021/3/23,17.77,17.84,17.77,17.8,0.06,0.3382,17.706,17.583,17.389,16.7625,15.8655,3243,5059,320,365.4,406.1,0,0,0,-27856,-334,9828,9590,8431,0,0,0,423645,423361,422002,433474,432951,430433,0
2021/3/24,17.8,17.81,17.75,17.78,-0.02,-0.1124,17.742,17.645,17.4065,16.7937,15.8909,3402,4670,331,349.6,392,0,0,0,-27780,76,10026,9893,8932,0,0,0,423308,423549,422630,433334,433442,431561,0
2021/3/25,17.78,17.88,17.77,17.85,0.07,0.3937,17.768,17.691,17.4305,16.8268,15.9176,4130,3903,353,342.6,380.4,0,0,0,-27873,-93,10361,9945,9267,0,0,0,423750,423464,423124,434112,433409,432391,0
2021/3/26,17.88,18,17.88,17.99,0.14,0.7843,17.832,17.74,17.4585,16.8627,15.9458,5166,3986,335,332.8,370.5,0,0,0,-27462,411,10422,10093,9521,0,0,0,423431,423607,423206,433853,433700,432727,0
2021/3/29,18.04,18.25,18.04,18.21,0.22,1.2229,17.926,17.801,17.512,16.9045,15.9782,6248,4437,343,336.4,361.1,0,0,0,-27196,266,7424,9613,9445,0,0,0,423465,423520,423330,430890,433133,432775,0
2021/3/30,18.3,18.47,18.23,18.45,0.24,1.318,18.056,17.881,17.5805,16.9497,16.0133,7999,5389,458,364,364.7,0,0,0,-26929,267,6491,8945,9268,0,0,0,422124,423216,423288,428615,432161,432556,0
2021/3/31,18.45,18.53,18.39,18.39,-0.06,-0.3252,18.178,17.96,17.638,16.9923,16.0457,10341,6776,451,388,368.8,0,0,0,-26934,-5,5350,8010,8952,0,0,0,417391,422032,422791,422741,430043,431742,0
2021/4/1,18.4,18.46,18.39,18.42,0.03,0.1631,18.292,18.03,17.704,17.0345,16.0781,5261,7003,453,408,375.3,0,0,0,-26920,14,5354,7009,8477,0,0,0,417698,420822,422143,423052,427831,430620,0
2021/4/6,18.5,18.57,18.48,18.51,0.09,0.4886,18.396,18.114,17.7795,17.0758,16.1108,6122,7194,374,415.8,374.3,0,0,0,-26594,326,4857,5896,7994,0,0,0,416270,419390,421498,421128,425286,429493,0
2021/4/7,18.51,18.56,18.46,18.53,0.02,0.108,18.46,18.193,17.855,17.1177,16.1441,5543,7053,378,422.8,379.6,0,0,0,-26288,306,4444,5300,7456,0,0,0,415126,417722,420621,419571,423022,428077,0
2021/4/8,18.54,18.58,18.47,18.58,0.05,0.2698,18.486,18.271,17.927,17.158,16.1773,4381,6329,372,405.6,384.8,0,0,0,-25920,368,4444,4890,6918,0,0,0,415193,416336,419776,419638,421227,426694,0
2021/4/9,18.59,18.6,18.44,18.51,-0.07,-0.3767,18.51,18.344,17.9945,17.1975,16.2098,6504,5562,386,392.6,390.3,0,0,0,-26086,-166,4274,4675,6343,0,0,0,412913,415441,418737,417187,420116,425079,0
2021/4/12,18.51,18.6,18.51,18.56,0.05,0.2701,18.538,18.415,18.053,17.2368,16.2423,4802,5470,372,376.4,392.2,0,0,0,-25877,209,4384,4481,5745,0,0,0,413180,414537,417680,417565,419018,423425,0
2021/4/13,18.56,18.67,18.48,18.49,-0.07,-0.3772,18.534,18.465,18.1025,17.2748,16.2743,6875,5621,391,379.8,397.8,0,0,0,-26180,-303,4821,4474,5185,0,0,0,411620,413607,416498,416441,418081,421683,0
2021/4/14,18.5,18.59,18.26,18.43,-0.06,-0.3245,18.514,18.487,18.144,17.3137,16.3061,12325,6977,414,387,404.9,0,0,0,-26563,-383,4843,4554,4927,0,0,0,408266,412235,414979,413110,416789,419905,0
2021/4/15,18.43,18.5,18.43,18.5,0.07,0.3798,18.498,18.492,18.1865,17.3513,16.3383,7085,7518,418,396.2,400.9,0,0,0,-25988,575,6555,4976,4933,0,0,0,407342,410665,413500,413898,415641,418434,0
2021/4/16,18.52,18.73,18.52,18.73,0.23,1.2432,18.542,18.526,18.243,17.3885,16.3729,7965,7810,435,406,399.3,0,0,0,-25465,523,7730,5667,5171,0,0,0,407894,409661,412551,415624,415328,417722,0
2021/4/19,18.76,18.97,18.76,18.96,0.23,1.228,18.622,18.58,18.305,17.4267,16.4101,7828,8415,552,442,409.2,0,0,0,-25019,446,7818,6354,5418,0,0,0,407375,408500,411518,415193,414854,416936,0
2021/4/20,19,19.05,18.97,19.01,0.05,0.2637,18.726,18.63,18.372,17.4675,16.4473,7921,8624,557,475.2,427.5,0,0,0,-24831,188,7796,6949,5711,0,0,0,405884,407353,410480,413680,414301,416191,0
2021/4/21,19.01,19.05,18.92,19.02,0.01,0.0526,18.844,18.679,18.436,17.5033,16.4848,8320,7823,394,471.2,429.1,0,0,0,-24840,-9,7870,7554,6054,0,0,0,406670,407033,409634,414540,414588,415688,0
2021/4/22,19.05,19.14,18.82,18.9,-0.12,-0.6309,18.924,18.711,18.491,17.535,16.5215,12698,8946,359,459.4,427.8,0,0,0,-25344,-504,9153,8074,6525,0,0,0,405997,406764,408714,415150,414838,415239,0
2021/4/23,18.9,18.95,18.83,18.94,0.04,0.2116,18.966,18.754,18.549,17.5695,16.5585,6735,8700,353,443,424.5,0,0,0,-25116,228,10364,8600,7134,0,0,0,406054,406396,408029,416418,414997,415162,0
2021/4/26,19,19.2,19,19.19,0.25,1.32,19.012,18.817,18.616,17.611,16.5973,6635,8461,391,410.8,426.4,0,0,0,-24715,401,11108,9258,7806,0,0,0,406133,406148,407324,417241,415406,415130,0
2021/4/27,19.19,19.24,19.16,19.22,0.03,0.1563,19.054,18.89,18.6775,17.652,16.6358,4724,7822,451,389.6,432.4,0,0,0,-24608,107,11240,9947,8448,0,0,0,405638,406099,406726,416878,416046,415174,0
2021/4/28,19.23,19.25,19.11,19.19,-0.03,-0.1561,19.088,18.966,18.7265,17.6985,16.6743,4479,7054,440,398.8,435,0,0,0,-24468,140,10809,10535,9045,0,0,0,404409,405647,406340,415218,416182,415385,0
2021/4/29,19.19,19.2,19.1,19.15,-0.04,-0.2084,19.138,19.031,18.7615,17.7427,16.7126,4824,5479,447,416.4,437.9,0,0,0,-24715,-247,10403,10785,9429,0,0,0,404208,405289,406027,414611,416074,415456,0
2021/5/3,19.15,19.17,19,19.02,-0.13,-0.6789,19.154,19.06,18.793,17.7822,16.7503,9169,5966,461,438,440.5,0,0,0,-25381,-666,9485,10609,9605,0,0,0,404854,405049,405723,414340,415658,415327,0
2021/5/4,19.03,19.16,18.44,18.76,-0.26,-1.367,19.068,19.04,18.81,17.8142,16.7865,24116,9462,481,456,433.4,0,0,0,-26205,-824,5775,9543,9401,0,0,0,401213,404065,405106,406988,413608,414507,0
2021/5/5,18.77,18.96,18.75,18.82,0.06,0.3198,18.988,19.021,18.8255,17.8498,16.8232,13126,11142,498,465.4,427.5,0,0,0,-26069,136,4203,8135,9041,0,0,0,394608,401859,403979,398811,409994,413020,0
2021/5/6,18.86,19.01,18.72,18.87,0.05,0.2657,18.924,19.006,18.8425,17.8842,16.8595,11778,12602,515,480.4,439.6,0,0,0,-26122,-53,5361,7046,8790,0,0,0,387460,398469,402058,392821,405515,410848,0
2021/5/7,18.98,19.15,18.98,19.15,0.28,1.4838,18.924,19.031,18.871,17.9263,16.8976,7654,13168,538,498.6,457.5,0,0,0,-25468,654,6362,6237,8511,0,0,0,385207,394669,399979,391569,400906,408490,0
2021/5/10,19.22,19.28,19.15,19.26,0.11,0.5744,18.972,19.063,18.9085,17.9747,16.9363,9361,13207,563,519,478.5,0,0,0,-25339,129,7291,5799,8204,0,0,0,381697,390037,397543,388988,395836,405747,0
2021/5/11,19.26,19.26,18.93,19,-0.26,-1.3499,19.02,19.044,18.9305,18.0172,16.9726,32828,14949,598,542.4,499.2,39,7.8,3.9,-26193,-854,10079,6659,8101,0,0,0,363873,382570,393317,373953,389229,401418,0
2021/5/12,18.63,18.63,17.29,17.92,-1.08,-5.6842,18.84,18.914,18.902,18.039,16.9989,67285,25781,839,610.6,538,0,7.8,3.9,-27172,-979,4151,6649,7392,0,0,0,343143,372277,387068,347294,378926,394460,0
2021/5/13,17.5,18.12,17.25,17.83,-0.09,-0.5022,18.632,18.778,18.872,18.0583,17.0243,25155,28456,761,659.8,570.1,0,7.8,3.9,-27510,-338,8378,7252,7149,0,0,0,336300,362045,380257,344678,369297,387406,0
2021/5/14,18,18.24,17.96,18.05,0.22,1.2339,18.412,18.668,18.8495,18.0822,17.0498,28250,32575,810,714.2,606.4,0,7.8,3.9,-27519,-9,11217,8223,7230,0,0,0,320880,349179,371924,332097,357403,379154,0
2021/5/17,17.47,17.8,17.3,17.48,-0.57,-3.1579,18.056,18.514,18.787,18.0945,17.0709,48517,40407,1106,822.8,670.9,0,7.8,3.9,-28459,-940,9216,8609,7204,0,0,0,296734,332186,361112,305951,340795,368316,0
2021/5/18,17.45,17.9,17.4,17.9,0.42,2.4027,17.836,18.428,18.734,18.1107,17.0953,15072,36855,960,895.2,718.8,7,1.4,4.6,-27358,1101,10098,8612,7636,0,0,0,295232,318458,350514,305331,327071,358150,0
2021/5/19,17.9,17.98,17.71,17.88,-0.02,-0.1117,17.828,18.334,18.6775,18.1255,17.1185,9519,25302,960,919.4,765,4,2.2,5,-27229,129,10175,9817,8233,0,0,0,292834,308396,340336,303009,318214,348570,0
2021/5/20,17.88,17.94,17.69,17.78,-0.1,-0.5593,17.818,18.225,18.6155,18.1377,17.1406,9045,22080,912,949.6,804.7,2,2.6,5.2,-27655,-426,10697,10281,8767,0,0,0,289572,299051,330548,300269,309332,339314,0
2021/5/21,18.07,18.2,17.85,17.96,0.18,1.0124,17.8,18.106,18.5685,18.1495,17.1634,8987,18228,864,960.4,837.3,2,3,5.4,-26845,810,12286,10495,9359,0,0,0,287686,292412,320796,299973,302907,330155,0
2021/5/24,17.85,17.94,17.78,17.9,-0.06,-0.3341,17.884,17.97,18.5165,18.1573,17.1858,5659,9656,887,916.6,869.7,2,3.4,5.6,-26431,414,9218,10495,9552,0,0,0,285762,290218,311202,294980,300713,320754,0
2021/5/25,18,18.14,18,18.12,0.22,1.2291,17.928,17.882,18.463,18.1698,17.2099,7391,8120,793,883.2,889.2,2,2.4,1.9,-26045,386,10339,10543,9578,0,0,0,286396,288450,303454,296735,298994,313032,0
2021/5/26,18.15,18.18,18.04,18.1,-0.02,-0.1104,17.972,17.9,18.407,18.181,17.2324,5184,7253,827,856.6,888,2,2,2.1,-25766,279,10818,10672,10245,0,0,0,283932,286670,297533,294750,297342,307778,0
2021/5/27,18.04,18.04,17.86,18.01,-0.09,-0.4972,18.018,17.918,18.348,18.1955,17.2545,6231,6690,838,841.8,895.7,2,2,2.3,-25866,-100,10505,10634,10457,0,0,0,280413,284838,291944,290918,295472,302402,0
2021/5/28,18.11,18.22,18.07,18.19,0.18,0.9994,18.064,17.932,18.3,18.214,17.2783,7082,6309,783,825.6,893,3,2.2,2.6,-25195,671,10941,10364,10430,0,0,0,280218,283345,287878,291160,293709,298308,0
2021/5/31,18.22,18.36,18.22,18.33,0.14,0.7697,18.15,18.017,18.2655,18.2322,17.3026,11761,7529,746,797.4,857,3,2.4,2.9,-25004,191,13079,11137,10816,0,0,0,281977,282588,286403,295056,293724,297219,0
2021/6/1,18.4,18.48,18.37,18.47,0.14,0.7638,18.22,18.074,18.251,18.255,17.3279,6694,7390,712,781.2,832.2,3,2.6,2.5,-24443,561,13644,11798,11171,0,0,0,282511,281811,285131,296156,293608,296301,0
2021/6/2,18.47,18.56,18.32,18.41,-0.06,-0.3249,18.282,18.127,18.2305,18.2785,17.3534,7758,7905,698,755.4,806,3,2.8,2.4,-24504,-61,13141,12262,11467,0,0,0,279052,280835,283752,292194,293097,295220,0
2021/6/3,18.45,18.49,18.39,18.42,0.01,0.0543,18.364,18.191,18.208,18.3018,17.378,3848,7428,683,724.4,783.1,2,2.8,2.4,-24169,335,12936,12749,11691,0,0,0,279047,280562,282700,291984,293310,294391,0
2021/6/4,18.39,18.39,18.26,18.32,-0.1,-0.5429,18.39,18.227,18.1665,18.3215,17.4012,7256,7463,687,705.2,765.4,2,2.6,2.4,-24653,-484,11578,12876,11620,0,0,0,276477,279814,281579,288056,292690,293199,0
2021/6/7,18.33,18.34,18.01,18.25,-0.07,-0.3821,18.374,18.262,18.116,18.3397,17.4233,8687,6848,697,695.4,746.4,2,2.4,2.4,-24964,-311,9997,12260,11698,0,0,0,274030,278224,280406,284028,290484,292104,0
2021/6/8,18.28,18.34,18.24,18.27,0.02,0.1096,18.334,18.277,18.0795,18.3543,17.4442,4132,6336,699,692.8,737,2,2.2,2.4,-24834,130,8927,11316,11557,0,0,0,273414,276405,279108,282341,287721,290665,0
2021/6/9,18.27,18.27,18.13,18.16,-0.11,-0.6021,18.284,18.283,18.0915,18.3653,17.4629,6230,6030,697,692.6,724,3,2.2,2.5,-25184,-350,7457,10179,11221,0,0,0,271175,274829,277832,278632,285009,289053,0
2021/6/10,18.2,18.28,18.17,18.24,0.08,0.4405,18.248,18.306,18.112,18.376,17.4816,5325,6326,716,699.2,711.8,2,2.2,2.5,-24871,313,6780,8948,10848,0,0,0,269242,272868,276715,276023,281816,287563,0
2021/6/11,18.26,18.33,18.23,18.26,0.02,0.1096,18.236,18.313,18.1225,18.3862,17.4993,5544,5983,694,700.6,702.9,2,2.2,2.4,-24856,15,6500,7933,10404,0,0,0,266337,270840,275327,272838,278773,285731,0
2021/6/15,18.27,18.3,18.23,18.26,0,0,18.238,18.306,18.1615,18.3972,17.5183,3914,5029,693,699.8,697.6,2,2.2,2.3,-24605,251,5815,7096,9678,0,0,0,265624,269159,273691,271439,276255,283369,0
2021/6/16,18.26,18.32,18.24,18.28,0.02,0.1095,18.24,18.287,18.1805,18.4065,17.5374,5123,5227,666,693.2,693,2,2.2,2.2,-24907,-302,5720,6455,8886,0,0,0,263412,267158,271782,269132,273613,280667,0
2021/6/17,18.24,18.35,18.2,18.35,0.07,0.3829,18.278,18.281,18.204,18.4178,17.5574,4729,4927,684,690.6,691.6,2,2,2.1,-24457,450,6593,6282,8231,0,0,0,261387,265201,270015,267980,271483,278246,0
2021/6/18,18.36,18.37,18.28,18.3,-0.05,-0.2725,18.29,18.269,18.23,18.4272,17.5792,4648,4791,675,682.4,690.8,5,2.6,2.4,-24662,-205,6091,6144,7546,0,0,0,258632,263079,267973,264723,269223,275520,0
2021/6/21,18.27,18.27,18.06,18.14,-0.16,-0.8743,18.266,18.251,18.239,18.4328,17.5977,11351,5953,687,681,690.8,5,3.2,2.7,-25183,-521,10178,6880,7406,0,0,0,253481,260507,265674,263660,267387,273080,0
2021/6/22,18.27,18.27,18.09,18.09,-0.05,-0.2756,18.232,18.235,18.2485,18.438,17.6158,7653,6700,711,684.6,692.2,5,3.8,3,-25020,163,9446,7606,7351,0,0,0,248500,257083,263121,257947,264689,270472,0
2021/6/23,18.12,18.21,18.08,18.2,0.11,0.6081,18.216,18.228,18.2525,18.4438,17.6353,4113,6498,693,690,691.6,5,4.4,3.3,-24570,450,10397,8542,7498,0,0,0,247359,253872,260515,257757,262414,268014,0
2021/6/24,18.22,18.24,18.18,18.23,0.03,0.1648,18.192,18.235,18.259,18.4478,17.6553,2436,6040,689,691,690.8,5,5,3.5,-24094,476,10501,9323,7803,0,0,0,246812,250957,258079,257313,260281,265882,0
2021/6/25,18.28,18.3,18.2,18.25,0.02,0.1097,18.182,18.236,18.271,18.4485,17.6765,5445,6199,690,694,688.2,5,5,3.8,-24049,45,11333,10372,8258,0,0,0,246139,248459,255769,257472,258830,264027,0
2021/6/28,18.26,18.31,18.21,18.27,0.02,0.1096,18.208,18.237,18.275,18.4455,17.6976,4852,4899,657,688,684.5,5,5,4.1,-23848,201,11040,10544,8712,0,0,0,245273,246817,253662,256314,257361,262374,0
2021/6/29,18.28,18.28,18.17,18.2,-0.07,-0.3831,18.23,18.231,18.2685,18.4423,17.7173,7039,4777,661,678,681.3,5,5,4.4,-24289,-441,9306,10516,9061,0,0,0,241946,245506,251294,251253,256022,260356,0
2021/6/30,18.23,18.29,18.21,18.23,0.03,0.1648,18.236,18.226,18.2565,18.4392,17.7368,4025,4759,657,670.8,680.4,5,5,4.7,-23880,409,7834,10003,9273,0,0,0,241919,244418,249145,249753,254422,258418,0
2021/7/1,18.24,18.28,18.2,18.21,-0.02,-0.1097,18.232,18.212,18.2465,18.4342,17.755,6244,5521,654,663.8,677.4,5,5,5,-24203,-323,7482,9400,9361,0,0,0,240055,243067,247012,247537,252466,256373,0
2021/7/2,18.21,18.27,18.19,18.25,0.04,0.2197,18.232,18.207,18.238,18.4295,17.7736,3260,5084,650,655.8,674.9,5,5,5,-24030,173,7549,8643,9507,0,0,0,240367,241913,245186,247917,250555,254693,0
2021/7/5,18.25,18.42,18.25,18.38,0.13,0.7123,18.254,18.231,18.241,18.4262,17.7921,7906,5694,641,652.6,670.3,5,5,5,-23451,579,10562,8547,9545,0,0,0,241006,241059,243938,251569,249606,253484,0
2021/7/6,18.39,18.45,18.38,18.4,0.02,0.1088,18.294,18.262,18.2485,18.4243,17.8109,7103,5707,614,643.2,660.6,5,5,5,-23609,-158,11653,9016,9766,0,0,0,241376,240945,243226,253029,249961,252992,0
2021/7/7,18.4,18.44,18.36,18.39,-0.01,-0.0543,18.326,18.281,18.2545,18.4215,17.8292,5103,5923,580,627.8,649.3,5,5,5,-23745,-136,12257,9901,9952,0,0,0,241549,240871,242645,253806,250772,252597,0
2021/7/8,18.43,18.55,18.42,18.45,0.06,0.3263,18.374,18.303,18.269,18.4208,17.8478,5882,5850,584,613.8,638.8,5,5,5,-23467,278,10946,10594,9997,0,0,0,240912,241043,242055,251858,251636,252051,0
2021/7/9,18.44,18.44,18.33,18.41,-0.04,-0.2168,18.406,18.319,18.2775,18.4205,17.8671,6369,6472,590,601.8,628.8,5,5,5,-23797,-330,10784,11241,9942,0,0,0,238229,240615,241264,249013,251855,251205,0
2021/7/12,18.51,18.54,18.43,18.45,0.04,0.2173,18.42,18.337,18.287,18.4197,17.8855,5128,5917,578,589.2,620.9,5,5,5,-23663,134,11095,11347,9947,0,0,0,237924,239998,240529,249019,251346,250476,0
2021/7/13,18.5,18.55,18.44,18.47,0.02,0.1084,18.434,18.364,18.2975,18.4153,17.9019,5265,5549,582,582.8,613,5,5,5,-23994,-331,10913,11199,10108,0,0,0,237587,239241,240093,248500,250440,250201,0
2021/7/14,18.47,18.53,18.42,18.46,-0.01,-0.0541,18.448,18.387,18.3065,18.407,17.9168,3707,5270,565,579.8,603.8,5,5,5,-24185,-191,10218,10792,10346,0,0,0,237327,238396,239634,247546,249188,249980,0
2021/7/15,18.46,18.5,18.44,18.49,0.03,0.1625,18.456,18.415,18.3135,18.3983,17.9329,3852,4864,564,575.8,594.8,6,5.2,5.1,-23650,535,10905,10784,10689,0,0,0,237566,237727,239385,248472,248511,250073,0
2021/7/16,18.49,18.55,18.45,18.54,0.05,0.2704,18.482,18.444,18.3255,18.3903,17.9468,4067,4403,571,572,586.9,5,5.2,5.1,-23534,116,10815,10790,11015,0,0,0,237731,237627,239121,248546,248417,250136,0
2021/7/19,18.54,18.55,18.4,18.51,-0.03,-0.1618,18.494,18.457,18.344,18.3838,17.9594,5351,4448,585,573.4,581.3,5,5.2,5.1,-23457,77,9493,10469,10908,0,0,0,236730,237389,238693,246223,247858,249602,0
2021/7/20,18.39,18.45,18.36,18.37,-0.14,-0.7563,18.474,18.454,18.358,18.3743,17.9719,8068,5009,582,573.4,578.1,5,5.2,5.1,-24131,-674,6685,9624,10411,0,0,0,234620,236795,238018,241305,246419,248429,0
2021/7/21,18.43,18.45,18.3,18.32,-0.05,-0.2722,18.446,18.447,18.364,18.3598,17.9854,6121,5491,577,575.8,577.8,5,5.2,5.1,-24455,-324,4390,8458,9625,0,0,0,233785,236087,237242,238176,244545,246866,0
2021/7/22,18.34,18.48,18.34,18.4,0.08,0.4367,18.428,18.442,18.3725,18.3462,17.9991,3569,5435,570,577,576.4,5,5,5.1,-24108,347,5196,7316,9050,0,0,0,233784,235330,236529,238980,242647,245579,0
2021/7/23,18.41,18.5,18.4,18.42,0.02,0.1087,18.404,18.443,18.381,18.3333,18.0159,2973,5216,572,577.2,574.6,5,5,5.1,-23680,428,5154,6184,8487,0,0,0,233691,234522,236075,238845,240706,244562,0
2021/7/26,18.46,18.49,18.37,18.39,-0.03,-0.1629,18.38,18.437,18.387,18.3207,18.0317,6458,5437,567,573.6,573.5,5,5,5.1,-23578,102,5218,5329,7899,0,0,0,231211,233418,235404,236429,238747,243303,0
2021/7/27,18.41,18.45,18.33,18.35,-0.04,-0.2175,18.376,18.425,18.3945,18.3095,18.0458,5487,4921,569,571,572.2,5,5,5.1,-24103,-525,5090,5010,7317,0,0,0,229301,232355,234575,234391,237365,241892,0
2021/7/28,18.32,18.32,18.07,18.17,-0.18,-0.9809,18.346,18.396,18.3915,18.2997,18.0569,16207,6938,556,566.8,571.3,5,5,5.1,-24702,-599,5740,5280,6869,0,0,0,219049,229407,232747,224789,234688,239616,0
2021/7/29,18.21,18.29,18.19,18.29,0.12,0.6604,18.324,18.376,18.3955,18.2908,18.0703,3757,6976,553,563.4,570.2,5,5,5,-24112,590,14710,7183,7249,0,0,0,217344,226119,230725,232054,233302,237974,0
2021/7/30,18.29,18.35,18.25,18.26,-0.03,-0.164,18.292,18.348,18.396,18.2807,18.0824,4153,7212,559,560.8,569,5,5,5,-24470,-358,14741,9100,7642,0,0,0,216126,222606,228564,230867,231707,236206,0
2021/8/2,18.28,18.44,18.28,18.44,0.18,0.9858,18.302,18.341,18.399,18.2688,18.0976,4071,6735,537,554.8,564.2,2,4.4,4.7,-24053,417,14949,11046,8188,0,0,0,216624,219689,226554,231573,230735,234741,0
2021/8/3,18.5,18.52,18.41,18.49,0.05,0.2711,18.33,18.353,18.4035,18.256,18.1153,9788,7595,475,536,553.5,2,3.8,4.4,-24029,24,14901,13009,9009,0,0,0,210720,215973,224164,225622,228982,233173,0
2021/8/4,18.5,18.61,18.5,18.59,0.1,0.5408,18.414,18.38,18.4135,18.2492,18.1332,6662,5686,505,525.8,546.3,0,2.8,3.9,-23979,50,16832,15227,10254,0,0,0,208145,213792,221600,224977,229019,231853,0
2021/8/5,18.61,18.66,18.6,18.64,0.05,0.269,18.484,18.404,18.423,18.2612,18.1501,6517,6238,504,516,539.7,0,1.8,3.4,-24217,-238,12590,14803,10993,0,0,0,205766,211477,218798,218357,226280,229791,0
2021/8/6,18.65,18.65,18.52,18.63,-0.01,-0.0536,18.558,18.425,18.434,18.2745,18.1664,7027,6813,498,503.8,532.3,0,0.8,2.9,-24385,-168,11467,14148,11624,0,0,0,202320,208715,215661,213787,222864,227285,0
2021/8/9,18.63,18.63,18.42,18.51,-0.12,-0.6441,18.572,18.437,18.437,18.2822,18.1822,11924,8383,498,496,525.4,0,0.4,2.4,-24830,-445,9549,13068,12057,0,0,0,194980,204387,212038,204530,217455,224095,0
2021/8/10,18.6,18.6,18.42,18.45,-0.06,-0.3241,18.564,18.447,18.436,18.2983,18.1964,21293,10684,575,516,526,0,0,1.9,-25350,-520,7148,11518,12263,0,0,0,179025,198048,207010,186173,209565,219273,0
2021/8/11,18.45,18.47,18.33,18.42,-0.03,-0.1626,18.53,18.472,18.434,18.307,18.2088,15835,12519,590,533,529.4,0,0,1.4,-25891,-541,6449,9441,12334,0,0,0,168500,190119,201955,174950,199560,214289,0
2021/8/12,18.43,18.47,18.34,18.35,-0.07,-0.38,18.472,18.478,18.427,18.3148,18.2202,18118,14839,801,592.4,554.2,0,0,0.9,-25562,329,5339,7991,11397,0,0,0,159023,180770,196123,164363,188761,207520,0
2021/8/13,18.35,18.38,18.22,18.24,-0.11,-0.5995,18.394,18.476,18.412,18.3225,18.2301,25897,18613,834,659.6,581.7,0,0,0.4,-26194,-632,10920,7881,11015,0,0,0,139394,168185,188450,150314,176066,199465,0
2021/8/16,18.2,18.2,18.04,18.2,-0.04,-0.2193,18.332,18.452,18.3965,18.3265,18.238,36116,23451,944,748.8,622.4,0,0,0.2,-26850,-656,6690,7310,10189,0,0,0,115051,152199,178293,121741,159509,188482,0
2021/8/17,17.92,17.92,17.73,17.73,-0.47,-2.5824,18.188,18.376,18.3645,18.3237,18.2405,39636,27120,970,827.8,671.9,10,2,1,-27375,-525,11416,8163,9840,0,0,0,84350,133264,165656,95766,141427,175496,0
2021/8/18,17.7,17.86,17.55,17.86,0.13,0.7332,18.076,18.303,18.3415,18.3193,18.2446,20130,27979,1006,911,722,1,2.2,1.1,-26773,602,14030,9679,9560,0,0,0,74514,114467,152293,88544,124146,161853,0
2021/8/19,17.82,17.82,17.52,17.56,-0.3,-1.6797,17.918,18.195,18.2995,18.3103,18.2457,25910,29537,983,947.4,769.9,11,4.4,2.2,-27568,-795,11974,11006,9499,0,0,0,60274,94717,137743,72248,105723,147242,0
2021/8/20,17.56,17.63,17.35,17.46,-0.1,-0.5695,17.762,18.078,18.2515,18.3012,18.2483,17744,27907,983,977.2,818.4,11,6.6,3.3,-27603,-35,14238,11670,9776,0,0,0,50470,76932,122559,64709,88602,132334,0
2021/8/23,17.56,17.73,17.56,17.66,0.2,1.1455,17.654,17.993,18.215,18.2923,18.2532,11086,22901,942,976.8,862.8,11,8.8,4.4,-26749,854,13851,13102,10206,0,0,0,43137,62549,107374,56989,75652,117580,0
2021/8/24,17.76,17.77,17.69,17.76,0.1,0.5663,17.66,17.924,18.1855,18.2828,18.2575,7194,16412,913,965.4,896.6,11,9,5.5,-26761,-12,13700,13559,10861,0,0,0,38961,53472,93368,52662,67031,104229,0
2021/8/25,17.78,17.89,17.77,17.86,0.1,0.5631,17.66,17.868,18.17,18.2727,18.2638,7520,13890,907,945.6,928.3,0,8.8,5.5,-26196,565,13766,13507,11593,0,0,0,35923,45754,80110,49690,59260,91703,0
2021/8/26,17.9,17.9,17.75,17.8,-0.06,-0.3359,17.708,17.813,18.1455,18.2625,18.2705,11961,11101,936,936.2,941.8,0,6.6,5.5,-26328,-132,11542,13420,12213,0,0,0,28701,39439,67078,40244,52859,79291,0
2021/8/27,17.8,18,17.77,17.98,0.18,1.0112,17.812,17.787,18.1315,18.2552,18.2785,6960,8944,866,912.8,945,6,5.6,6.1,-26031,297,12251,13023,12346,0,0,0,28125,34970,55951,40376,47993,68297,0
2021/8/30,18.01,18.12,18,18.12,0.14,0.7786,17.904,17.779,18.1155,18.2518,18.2867,7745,8276,839,892.2,934.5,6,4.6,6.7,-25685,346,13045,12861,12982,0,0,0,28428,32028,47289,41473,44889,60271,0
2021/8/31,18.12,18.18,18,18.18,0.06,0.3311,17.988,17.824,18.1,18.2507,18.2952,8496,8536,854,880.4,922.9,6,3.6,6.3,-25551,134,6227,11367,12463,0,0,0,28165,29869,41670,34393,41236,54133,0
2021/9/1,18.15,18.21,18.14,18.19,0.01,0.055,18.054,17.857,18.08,18.2493,18.3018,7276,8487,858,870.6,908.1,6,4.8,6.8,-25252,299,7478,10109,11808,0,0,0,28518,28388,37071,35997,38497,48879,0
2021/9/2,18.17,18.18,18,18.05,-0.14,-0.7697,18.104,17.906,18.0505,18.2475,18.3064,10012,8097,898,863,899.6,6,6,6.3,-25793,-541,7174,9236,11328,0,0,0,25026,27653,33546,32201,36888,44874,0
2021/9/3,18.1,18.2,18.07,18.15,0.1,0.554,18.138,17.975,18.0265,18.246,18.311,9159,8537,860,861.8,887.3,6,6,5.8,-25400,393,7755,8336,10680,0,0,0,27142,27456,31213,34897,35793,41893,0
2021/9/6,18.15,18.25,18.1,18.15,0,0,18.144,18.024,18.0085,18.2442,18.3152,10229,9034,819,857.8,875,1,5,4.8,-25996,-596,8147,7357,10109,0,0,0,25369,26844,29436,33516,34201,39545,0
2021/9/7,18.15,18.17,18.05,18.15,0,0,18.138,18.063,17.9935,18.2423,18.3198,6760,8687,668,820.6,850.5,3,4.4,4,-26184,-188,7185,7548,9458,0,0,0,25203,26252,28060,32388,33800,37518,0
2021/9/8,18.15,18.15,17.96,18.02,-0.13,-0.7163,18.104,18.079,17.9735,18.238,18.3223,18498,10931,676,784.2,827.4,8,4.8,4.8,-26845,-661,5025,7058,8583,0,0,0,18350,24218,26303,23375,31276,34886,0
2021/9/9,17.97,18.03,17.9,18.01,-0.01,-0.0555,18.096,18.1,17.9565,18.2323,18.3251,7380,10405,691,742.8,802.9,6,4.8,5.4,-26496,349,6971,7017,8126,0,0,0,15348,22283,24968,22319,29300,33094,0
2021/9/10,18.03,18.17,18.02,18.15,0.14,0.7773,18.096,18.117,17.952,18.2298,18.3285,5005,9574,687,708.2,785,8,5.2,5.6,-26029,467,8190,7104,7720,0,0,0,15474,19949,23703,23665,27053,31423,0
2021/9/13,18.15,18.24,18.12,18.2,0.05,0.2755,18.106,18.125,17.952,18.2308,18.3318,8305,9189,674,679.2,768.5,1,5.2,5.1,-25865,164,8524,7179,7268,0,0,0,13029,17481,22163,21554,24661,29431,0
2021/9/14,18.21,18.3,18.21,18.25,0.05,0.2747,18.126,18.132,17.978,18.2335,18.3358,5222,8882,665,678.6,749.6,1,4.8,4.6,-25896,-31,9646,7672,7610,0,0,0,13128,15067,20659,22775,22738,28269,0
2021/9/15,18.25,18.26,18.15,18.24,-0.01,-0.0548,18.17,18.137,17.997,18.2342,18.339,5947,6371,652,673.8,729,1,3.4,4.1,-26087,-191,9642,8595,7826,0,0,0,11459,13688,18953,21101,22283,26780,0
2021/9/16,18.25,18.28,18.18,18.25,0.01,0.0548,18.218,18.157,18.0315,18.2345,18.3412,7917,6479,650,665.6,704.2,1,2.4,3.6,-26235,-148,9479,9097,8057,0,0,0,7763,12171,17227,17243,21268,25284,0
2021/9/17,18.25,18.36,18.2,18.3,0.05,0.274,18.248,18.172,18.0735,18.2353,18.3419,7616,7001,584,645,676.6,1,1,3.1,-26092,143,11451,9749,8426,0,0,0,8321,10741,15345,19772,20490,23771,0
2021/9/22,18.03,18.13,17.95,18.12,-0.18,-0.9836,18.232,18.169,18.0965,18.2328,18.3392,20393,9419,612,632.6,655.9,1,1,3.1,-26826,-734,8356,9715,8447,0,0,0,0,8135,12808,8356,17850,21255,0
2021/9/23,18.25,18.31,18.18,18.3,0.18,0.9934,18.242,18.184,18.1235,18.2345,18.3384,6713,9717,605,620.6,649.6,1,1,2.9,-26313,513,9487,9684,8678,0,0,0,0,5509,10288,9487,15192,18965,0
2021/9/24,18.42,18.45,18.34,18.35,0.05,0.2732,18.264,18.217,18.148,18.2365,18.3378,7773,10082,598,609.8,641.8,1,1,2.2,-25867,446,11026,9960,9278,0,0,0,0,3217,8453,11026,13177,17730,0
2021/9/27,18.38,18.46,18.35,18.42,0.07,0.3815,18.298,18.258,18.179,18.24,18.3371,6645,9828,572,594.2,629.9,1,1,1.7,-25618,249,11101,10285,9691,0,0,0,0,1664,6918,11101,11949,16609,0
2021/9/28,18.4,18.4,18.23,18.37,-0.05,-0.2714,18.312,18.28,18.1985,18.242,18.3358,8024,9909,600,597.4,621.2,1,1,1,-25807,-189,9651,9925,9837,0,0,0,0,0,5370,9651,9925,15207,0
2021/9/29,18.23,18.23,18.12,18.16,-0.21,-1.1432,18.32,18.276,18.2005,18.2383,18.3323,21105,10052,640,603,617.8,1,1,1,-26500,-693,6948,9643,9679,0,0,0,0,0,4067,6948,9643,13747,0
2021/9/30,18.15,18.23,18.11,18.21,0.05,0.2753,18.302,18.272,18.202,18.2352,18.3298,6403,9990,634,608.8,614.7,2,1.2,1.1,-25951,549,8995,9545,9614,0,0,0,0,0,2754,8995,9545,12369,0
2021/10/1,18.14,18.14,17.99,18.03,-0.18,-0.9885,18.238,18.251,18.194,18.2292,18.3253,29806,14396,678,624.8,617.3,1,1.2,1.1,-26820,-869,11033,9546,9753,0,0,0,0,0,1609,11033,9546,11362,0
2021/10/4,18.06,18.09,17.9,17.95,-0.08,-0.4437,18.144,18.221,18.189,18.2208,18.3208,21621,17391,681,646.6,620.4,4,1.8,1.4,-27360,-540,14237,10174,10229,0,0,0,0,0,832,14237,10174,11061,0
2021/10/5,17.9,17.99,17.77,17.96,0.01,0.0557,18.062,18.187,18.1795,18.2133,18.3169,22031,20193,704,667.4,632.4,3,2.2,1.6,-26970,390,12542,10752,10338,0,0,0,0,0,0,12542,10752,10338,0
2021/10/6,18.01,18.04,17.91,17.99,0.03,0.167,18.028,18.174,18.1715,18.2057,18.3127,15260,19024,724,684.2,643.6,3,2.6,1.8,-27325,-355,19509,13264,11453,0,0,0,0,0,0,19509,13264,11453,0
2021/10/7,18.05,18.22,18.05,18.2,0.21,1.1673,18.026,18.164,18.174,18.2012,18.3083,9406,19624,693,696,652.4,3,2.8,2,-26457,868,22269,15918,12732,0,0,0,0,0,0,22269,15918,12732,0
2021/10/8,18.26,18.26,18.16,18.18,-0.02,-0.1099,18.056,18.147,18.182,18.1965,18.3018,8891,15441,695,699.4,662.1,3,3.2,2.2,-26538,-81,22106,18133,13840,0,0,0,0,0,0,22106,18133,13840,0
2021/10/12,18.13,18.13,17.93,18.06,-0.12,-0.6601,18.078,18.111,18.1845,18.1893,18.2938,13562,13830,700,703.2,674.9,3,3,2.4,-27006,-468,12882,17862,14018,0,0,0,0,0,0,12882,17862,14018,0
2021/10/13,18.08,18.17,17.99,18.03,-0.03,-0.1661,18.092,18.077,18.1785,18.1808,18.2856,9589,11341,701,702.6,685,3,3,2.6,-27424,-418,12915,17936,14344,0,0,0,0,0,0,12915,17936,14344,0
2021/10/14,18.13,18.16,18.02,18.05,0.02,0.1109,18.104,18.066,18.171,18.1732,18.2785,6266,9542,723,702.4,693.3,3,3,2.8,-27213,211,12933,16621,14942,0,0,0,0,0,0,12933,16621,14942,0
2021/10/15,18.15,18.2,18.08,18.16,0.11,0.6094,18.096,18.061,18.1665,18.1697,18.272,6303,8922,713,706.4,701.2,6,3.6,3.2,-26603,610,13916,14951,15435,0,0,0,0,0,0,13916,14951,15435,0
2021/10/18,18.22,18.26,18.16,18.18,0.02,0.1101,18.096,18.076,18.1635,18.1673,18.2636,7491,8642,677,702.8,701.1,6,4.2,3.7,-26443,160,13961,13322,15727,0,0,0,0,0,0,13961,13322,15727,0
2021/10/19,18.21,18.24,18.14,18.19,0.01,0.055,18.122,18.1,18.1605,18.1638,18.255,5117,6953,677,698.2,700.7,4,4.4,3.7,-25993,450,13621,13470,15666,0,0,0,0,0,0,13621,13470,15666,0
2021/10/20,18.2,18.23,18.18,18.19,0,0,18.154,18.123,18.155,18.16,18.2467,6561,6347,679,693.8,698.2,4,4.6,3.8,-25981,12,13591,13605,15771,0,0,0,0,0,0,13591,13605,15771,0
2021/10/21,18.19,18.28,18.15,18.18,-0.01,-0.055,18.18,18.142,18.158,18.1565,18.2386,8964,6887,679,685,693.7,4,4.8,3.9,-25896,85,13897,13798,15209,0,0,0,0,0,0,13897,13798,15209,0
2021/10/22,18.2,18.23,18.15,18.19,0.01,0.055,18.186,18.141,18.1525,18.1538,18.2317,7578,7142,716,685.6,696,4,4.4,4,-26017,-121,13718,13758,14354,0,0,0,0,0,0,13718,13758,14354,0
2021/10/25,18.2,18.26,18.16,18.24,0.05,0.2749,18.198,18.147,18.147,18.155,18.2273,8120,7268,715,693.2,698,4,4,4.1,-25732,285,13143,13594,13458,0,0,0,0,0,0,13143,13594,13458,0
2021/10/26,18.25,18.35,18.25,18.33,0.09,0.4934,18.226,18.174,18.1425,18.1557,18.2233,9225,8089,692,696.2,697.2,4,4,4.2,-25458,274,13595,13589,13529,0,0,0,647,129,65,14242,13718,13594,0
2021/10/27,18.32,18.37,18.28,18.36,0.03,0.1637,18.26,18.207,18.142,18.1573,18.219,6451,8067,698,700,696.9,4,4,4.3,-25336,122,13448,13560,13583,0,0,0,0,129,65,13448,13690,13647,0
2021/10/28,18.36,18.41,18.33,18.38,0.02,0.1089,18.3,18.24,18.153,18.1563,18.2126,5694,7413,675,699.2,692.1,4,4,4.4,-25288,48,13251,13431,13614,0,0,0,0,129,65,13251,13561,13679,0
2021/10/29,18.38,18.38,18.24,18.32,-0.06,-0.3264,18.326,18.256,18.1585,18.1535,18.2048,12418,8381,724,700.8,693.2,3,3.8,4.1,-25415,-127,10282,12744,13251,0,0,0,0,129,65,10282,12873,13316,0
2021/11/1,18.32,18.37,18.3,18.32,0,0,18.342,18.27,18.173,18.149,18.1991,6927,8143,732,704.2,698.7,2,3.4,3.7,-25013,402,10229,12161,12878,0,0,0,0,129,65,10229,12291,12943,0
2021/11/2,18.4,18.46,18.32,18.34,0.02,0.1092,18.344,18.285,18.1925,18.144,18.2026,19617,10221,865,738.8,717.5,1,2.8,3.4,-25392,-379,9261,11295,12442,0,0,0,0,0,65,9261,11295,12507,0
2021/11/3,18.4,18.42,18.36,18.41,0.07,0.3817,18.354,18.307,18.215,18.1403,18.2074,13389,11609,922,783.6,741.8,1,2.2,3.1,-25004,388,8443,10294,11927,0,0,0,0,0,65,8443,10294,11992,0
2021/11/4,18.46,18.47,18.41,18.42,0.01,0.0543,18.362,18.331,18.2365,18.1388,18.2105,13095,13089,907,830,764.6,1,1.6,2.8,-24917,87,8602,9364,11398,0,0,0,0,0,65,8602,9364,11462,0
2021/11/5,18.43,18.44,18.35,18.44,0.02,0.1086,18.386,18.356,18.2485,18.1387,18.2185,14811,13567,881,861.4,781.1,13,3.6,3.7,-24905,12,7782,8864,10804,0,0,0,0,0,65,7782,8864,10869,0
2021/11/8,18.49,18.55,18.45,18.55,0.11,0.5965,18.432,18.387,18.267,18.1408,18.2239,16063,15395,851,885.2,794.7,1,3.4,3.4,-24806,99,8193,8457,10309,0,0,0,0,0,65,8193,8457,10374,0
2021/11/9,18.6,18.65,18.58,18.65,0.1,0.5391,18.494,18.419,18.2965,18.1458,18.2303,17961,15063,852,882.6,810.7,0,3.2,3,-24684,122,8819,8368,9831,0,0,0,0,0,0,8819,8368,9831,0
2021/11/10,18.67,18.7,18.65,18.69,0.04,0.2145,18.55,18.452,18.3295,18.1533,18.2379,14845,15355,880,874.2,828.9,0,3,2.6,-24615,69,8522,8384,9339,0,0,0,0,0,0,8522,8384,9339,0
2021/11/11,18.69,18.69,18.62,18.67,-0.02,-0.107,18.6,18.481,18.3605,18.1612,18.2438,16398,16015,947,882.2,856.1,0,2.8,2.2,-24701,-86,7738,8211,8788,0,0,0,0,0,0,7738,8211,8788,0
2021/11/12,18.7,18.73,18.69,18.73,0.06,0.3214,18.658,18.522,18.389,18.1778,18.2508,17417,16536,930,892,876.7,0,0.2,1.9,-24710,-9,8501,8355,8609,0,0,0,0,0,0,8501,8355,8609,0
2021/11/15,18.81,18.88,18.8,18.85,0.12,0.6407,18.718,18.575,18.4225,18.1943,18.2568,39025,21129,903,902.4,893.8,0,0,1.7,-24534,176,8388,8394,8425,0,0,0,0,0,0,8388,8394,8425,0
2021/11/16,18.66,18.67,18.56,18.58,-0.27,-1.4324,18.704,18.599,18.442,18.2113,18.2608,51760,27889,1008,933.6,908.1,27,5.4,4.3,-24513,21,14971,9624,8996,0,0,0,0,0,0,14971,9624,8996,0
2021/11/17,18.6,18.67,18.57,18.65,0.07,0.3767,18.696,18.623,18.465,18.2312,18.2662,19027,28725,993,956.2,915.2,29,11.2,7.1,-24395,118,19216,11763,10074,0,0,0,0,0,0,19216,11763,10074,0
2021/11/18,18.68,18.8,18.67,18.77,0.12,0.6434,18.716,18.658,18.4945,18.2497,18.271,15099,28465,980,962.8,922.5,2,11.6,7.2,-24350,45,23514,14918,11565,0,0,0,0,0,0,23514,14918,11565,0
2021/11/19,18.8,18.82,18.68,18.71,-0.06,-0.3197,18.712,18.685,18.5205,18.2655,18.2742,14253,27832,1010,978.8,935.4,2,12,6.1,-24613,-263,22916,17801,13078,0,0,0,0,0,0,22916,17801,13078,0
2021/11/22,18.72,18.75,18.7,18.74,0.03,0.1603,18.69,18.704,18.5455,18.2802,18.2764,7696,21567,922,982.6,942.5,2,12.4,6.2,-24400,213,22872,20698,14546,0,0,0,0,0,0,22872,20698,14546,0
2021/11/23,18.69,18.69,18.56,18.62,-0.12,-0.6403,18.698,18.701,18.56,18.2938,18.2782,13222,13859,933,967.6,950.6,2,7.4,6.4,-24900,-500,21756,22055,15840,0,0,0,0,0,0,21756,22055,15840,0
2021/11/24,18.62,18.7,18.61,18.67,0.05,0.2685,18.702,18.699,18.5755,18.3053,18.2803,7553,11564,948,958.6,957.4,3,2.2,6.7,-24534,366,21712,22554,17159,0,0,0,418,84,42,22130,22638,17201,0
2021/11/25,18.68,18.72,18.65,18.72,0.05,0.2678,18.692,18.704,18.5925,18.3153,18.2836,6072,9759,933,949.2,956,4,2.6,7.1,-24667,-133,21651,22182,18550,0,0,0,417,167,84,22069,22349,18634,0
2021/11/26,18.68,18.68,18.49,18.49,-0.23,-1.2286,18.648,18.68,18.601,18.3205,18.2856,33068,13522,942,935.6,957.2,5,3.2,7.6,-25372,-705,13175,20234,19018,0,0,0,0,167,84,13175,20401,19101,0
2021/11/29,18.39,18.46,18.25,18.4,-0.09,-0.4867,18.58,18.635,18.605,18.324,18.2867,23521,16687,973,945.8,964.2,4,3.6,8,-25740,-368,11829,18025,19362,0,0,0,0,167,84,11829,18192,19445,0
2021/11/30,18.47,18.53,18.4,18.42,0.02,0.1087,18.54,18.619,18.609,18.3302,18.2888,10546,16152,973,953.8,960.7,4,4,5.7,-25405,335,11473,15969,19012,0,0,0,0,167,84,11473,16136,19096,0
2021/12/1,18.36,18.57,18.34,18.55,0.13,0.7058,18.516,18.609,18.616,18.3368,18.2914,7613,16164,978,959.8,959.2,4,4.2,3.2,-25043,362,11673,13961,18258,0,0,0,0,84,84,11673,14044,18341,0
2021/12/2,18.5,18.6,18.44,18.55,0,0,18.482,18.587,18.6225,18.3435,18.2938,7204,16390,977,968.6,958.9,4,4.2,3.4,-25469,-426,11870,12005,17093,0,0,0,0,0,84,11870,12005,17177,0
2021/12/3,18.57,18.66,18.55,18.66,0.11,0.593,18.516,18.582,18.6335,18.352,18.2972,7606,11298,999,980,957.8,4,4,3.6,-25037,432,12099,11790,16012,0,0,0,0,0,84,12099,11790,16095,0
2021/12/6,18.63,18.7,18.5,18.7,0.04,0.2144,18.576,18.578,18.641,18.3633,18.3007,10122,8618,930,971.4,958.6,4,4,3.8,-25019,18,12683,11960,14993,0,0,0,0,0,84,12683,11960,15076,0
2021/12/7,18.7,18.77,18.61,18.76,0.06,0.3209,18.644,18.592,18.6465,18.3758,18.3041,10461,8601,831,943,948.4,4,4,4,-24905,114,14379,12542,14255,0,0,0,857,172,169,15237,12713,14425,0
2021/12/8,18.81,18.85,18.76,18.8,0.04,0.2132,18.694,18.605,18.652,18.3867,18.3083,13137,9706,756,898.6,929.2,4,4,4.1,-24623,282,17196,13646,13803,0,0,0,2752,722,403,19949,14368,14206,0
2021/12/9,18.8,18.84,18.77,18.82,0.02,0.1064,18.748,18.615,18.6595,18.397,18.3139,11988,10662,675,838.2,903.4,4,4,4.1,-24579,44,18243,14920,13463,0,0,0,3231,1368,684,21474,16289,14147,0
2021/12/10,18.82,18.89,18.8,18.84,0.02,0.1063,18.784,18.65,18.665,18.4068,18.3202,12126,11566,666,771.6,875.8,4,4,4,-24789,-210,20690,16639,14214,0,0,0,4155,2199,1100,24845,18838,15314,0
2021/12/13,18.85,18.93,18.82,18.82,-0.02,-0.1062,18.808,18.692,18.6635,18.4165,18.3253,12011,11944,668,719.2,845.3,4,4,4,-24705,84,19699,18042,15001,0,0,0,0,2199,1100,19699,20241,16101,0
2021/12/14,18.81,18.81,18.66,18.7,-0.12,-0.6376,18.796,18.72,18.6695,18.424,18.3293,15199,12892,717,696.4,819.7,4,4,4,-25404,-699,16633,18492,15517,0,0,0,0,2028,1100,16633,20520,16617,0
2021/12/15,18.7,18.78,18.66,18.74,0.04,0.2139,18.784,18.739,18.674,18.4313,18.3333,8144,11893,712,687.6,793.1,4,4,4,-25172,232,14645,17982,15814,0,0,0,0,1477,1100,14645,19460,16914,0
2021/12/16,18.85,18.88,18.8,18.85,0.11,0.587,18.79,18.769,18.678,18.4435,18.3382,10320,11560,654,683.4,760.8,4,4,4,-24881,291,13503,17034,15977,0,0,0,0,831,1100,13503,17866,17077,0
2021/12/17,18.85,18.88,18.81,18.86,0.01,0.0531,18.794,18.789,18.6855,18.4528,18.3437,7885,10711,623,674.8,723.2,4,4,4,-25051,-170,13506,15598,16118,0,0,0,0,0,1100,13506,15598,17218,0
2021/12/20,18.85,18.85,18.71,18.75,-0.11,-0.5832,18.78,18.794,18.686,18.4595,18.348,15020,11313,636,668.4,693.8,2,3.6,3.8,-25183,-132,11157,13889,15965,0,0,0,0,0,1100,11157,13889,17065,0
2021/12/21,18.75,18.89,18.74,18.84,0.09,0.48,18.808,18.802,18.697,18.4665,18.3532,7525,9778,680,661,678.7,1,3,3.5,-24793,390,11992,12961,15727,0,0,0,1753,351,1189,13745,13312,16916,0
2021/12/22,18.88,18.9,18.85,18.87,0.03,0.1592,18.834,18.809,18.707,18.4748,18.3584,6480,9446,676,653.8,670.7,1,2.4,3.2,-24728,65,12557,12543,15263,0,0,0,158,382,930,12715,12926,16193,0
2021/12/23,18.9,18.96,18.9,18.91,0.04,0.212,18.846,18.818,18.7165,18.4873,18.3628,8760,9134,645,652,667.7,1,1.8,2.9,-24436,292,12669,12376,14705,0,0,0,1176,618,725,13846,12994,15430,0
2021/12/24,18.99,18.99,18.94,18.94,0.03,0.1586,18.862,18.828,18.739,18.4995,18.3673,7134,8983,633,654,664.4,1,1.2,2.6,-24489,-53,13737,12423,14010,0,0,0,948,808,404,14686,13230,14414,0
2021/12/27,18.96,19.03,18.96,19.02,0.08,0.4224,18.916,18.848,18.77,18.516,18.3726,9981,7976,608,648.4,658.4,0,0.8,2.2,-24129,360,14628,13117,13503,0,0,0,1222,1052,526,15851,14169,14029,0
2021/12/28,19.05,19.11,19.05,19.1,0.08,0.4206,18.968,18.888,18.804,18.5352,18.378,11274,8725,655,643.4,652.2,0,0.6,1.8,-24113,16,15985,13916,13438,0,0,0,2271,1156,753,18257,15071,14192,0
2021/12/29,19.1,19.19,19.1,19.17,0.07,0.3665,19.028,18.931,18.835,18.5553,18.3843,11244,9678,806,669.4,661.6,0,0.4,1.4,-23728,385,17771,14959,13751,0,0,0,2923,1709,1046,20695,16667,14797,0
2021/12/30,19.17,19.18,19.14,19.17,0,0,19.08,18.963,18.866,18.575,18.3903,8810,9688,603,661,656.5,10,2.2,2,-23804,-76,17297,15884,14130,0,0,0,1617,1797,1207,18914,17681,15338,0
2022/1/3,19.2,19.25,19.06,19.1,-0.07,-0.3652,19.112,18.987,18.888,18.59,18.3956,19777,12217,652,664.8,659.4,11,4.2,2.7,-24081,-277,13070,15751,14087,0,0,0,0,1607,1207,13070,17358,15294,0
2022/1/4,19.1,19.19,19.1,19.18,0.08,0.4188,19.144,19.03,18.912,18.6067,18.4016,12593,12739,575,658.2,653.3,12,6.6,3.7,-24137,-56,13245,15474,14296,0,0,0,1087,1580,1316,14333,17054,15612,0
2022/1/5,19.18,19.22,19.11,19.17,-0.01,-0.0521,19.158,19.063,18.9325,18.6252,18.4072,10869,12658,600,647.2,645.3,12,9,4.8,-24387,-250,12700,14817,14366,0,0,0,2700,1666,1411,15400,16483,15777,0
2022/1/6,19.14,19.2,19.1,19.15,-0.02,-0.1043,19.154,19.091,18.95,18.6438,18.4123,15495,13508,601,606.2,637.8,11,11.2,5.8,-24628,-241,12178,13699,14329,0,0,0,0,1081,1395,12178,14780,15723,0
2022/1/7,19.2,19.27,19.07,19.11,-0.04,-0.2089,19.142,19.111,18.9645,18.6615,18.4173,14900,14726,600,605.6,633.3,10,11.2,6.7,-25094,-466,12003,12640,14262,0,0,0,0,758,1277,12003,13397,15539,0
2022/1/10,19.16,19.18,19.06,19.17,0.06,0.314,19.156,19.134,18.981,18.6783,18.424,11786,13128,585,592.2,628.5,10,11,7.6,-24952,142,11970,12420,14085,0,0,0,0,758,1182,11970,13177,15268,0
2022/1/11,19.17,19.3,19.13,19.25,0.08,0.4173,19.17,19.157,19.0025,18.6962,18.4318,11745,12959,586,594.4,626.3,10,10.6,8.6,-25368,-416,12263,12223,13849,0,0,0,0,540,1060,12263,12763,14909,0
2022/1/12,19.29,19.35,19.29,19.35,0.1,0.5195,19.206,19.182,19.035,18.7155,18.4397,12137,13212,612,596.8,622,20,12.2,10.6,-25385,-17,12269,12137,13477,0,0,0,0,0,833,12269,12137,14310,0
2022/1/13,19.37,19.49,19.37,19.48,0.13,0.6718,19.272,19.213,19.072,18.737,18.4485,12773,12668,619,600.4,603.3,20,14,12.6,-25395,-10,12013,12104,12901,0,0,0,0,0,541,12013,12104,13442,0
2022/1/14,19.47,19.47,19.27,19.4,-0.08,-0.4107,19.33,19.236,19.0995,18.7573,18.4569,19466,13581,631,606.6,606.1,21,16.2,13.7,-26047,-652,10870,11878,12259,0,0,0,0,0,379,10870,11878,12638,0
2022/1/17,19.4,19.41,19.34,19.37,-0.03,-0.1546,19.37,19.263,19.125,18.777,18.4654,13812,13986,645,618.6,605.4,20,18.2,14.6,-25771,276,10097,11503,11962,0,0,0,0,0,379,10097,11503,12340,0
2022/1/18,19.4,19.51,19.4,19.44,0.07,0.3614,19.408,19.289,19.1595,18.797,18.476,11670,13971,650,631.4,612.9,20,20.2,15.4,-25752,19,11087,11268,11746,0,0,0,0,0,270,11087,11268,12016,0
2022/1/19,19.4,19.46,19.34,19.41,-0.03,-0.1543,19.42,19.313,19.188,18.815,18.4853,15452,14634,640,637,616.9,20,20.2,16.2,-26114,-362,9949,10804,11471,0,0,0,0,0,0,9949,10804,11471,0
2022/1/20,19.41,19.44,19.35,19.41,0,0,19.406,19.339,19.215,18.8325,18.4949,7855,13651,647,642.6,621.5,20,20.2,17.1,-25885,229,9490,10299,11202,0,0,0,0,0,0,9490,10299,11202,0
2022/1/21,19.36,19.36,19.14,19.17,-0.24,-1.2365,19.36,19.345,19.228,18.8457,18.501,35428,16843,666,649.6,628.1,20,20,18.1,-26689,-804,12423,10610,11244,0,0,0,0,0,0,12423,10610,11244,0
2022/1/24,19.11,19.16,18.96,19.16,-0.01,-0.0522,19.318,19.344,19.239,18.8597,18.5066,22852,18651,692,659,638.8,20,20,19.1,-27001,-312,13129,11216,11360,0,0,0,0,0,0,13129,11216,11360,0
2022/1/25,19.01,19.02,18.91,18.96,-0.2,-1.0438,19.222,19.315,19.236,18.8703,18.5097,35012,23319,570,643,637.2,0,16,18.1,-27743,-742,16135,12226,11747,0,0,0,0,0,0,16135,12226,11747,0
2022/1/26,18.9,19.06,18.9,19.01,0.05,0.2637,19.142,19.281,19.2315,18.8815,18.5127,14594,23148,557,626.4,631.7,0,12,16.1,-27543,200,16109,13458,12131,0,0,0,0,0,0,16109,13458,12131,0
2022/2/7,19.18,19.31,19.05,19.29,0.28,1.4729,19.118,19.262,19.2375,18.8962,18.5182,23855,26348,835,664,653.3,0,8,14.1,-26779,764,14115,14383,12341,0,0,0,0,0,0,14115,14383,12341,0
2022/2/8,19.4,19.5,19.35,19.48,0.19,0.985,19.18,19.27,19.253,18.9138,18.5263,27067,24676,674,665.6,657.6,3,4.6,12.3,-26159,620,12270,14352,12481,0,0,0,0,0,0,12270,14352,12481,0
2022/2/9,19.52,19.6,19.49,19.6,0.12,0.616,19.268,19.293,19.278,18.9332,18.5359,29461,25997,760,679.2,669.1,3,1.2,10.6,-25575,584,12643,14255,12736,0,0,0,0,0,0,12643,14255,12736,0
2022/2/10,19.65,19.66,19.53,19.65,0.05,0.2551,19.406,19.314,19.3015,18.9515,18.5462,27430,24481,860,737.2,690.1,3,1.8,8.9,-25637,-62,13364,13701,12963,0,0,0,0,0,0,13364,13701,12963,0
2022/2/11,19.56,19.62,19.52,19.62,-0.03,-0.1527,19.528,19.335,19.324,18.9677,18.5567,29984,27559,1075,840.8,733.6,3,2.4,7.2,-25885,-248,12422,12964,13211,0,0,0,0,0,0,12422,12964,13211,0
2022/2/14,19.53,19.56,19.35,19.48,-0.14,-0.7136,19.566,19.342,19.3405,18.9808,18.5671,67963,36381,967,867.2,765.6,1,2.6,5.3,-26567,-682,20631,14267,14325,0,0,0,0,0,0,20631,14267,14325,0
2022/2/15,19.5,19.59,19.41,19.44,-0.04,-0.2053,19.558,19.369,19.357,18.9937,18.5774,60944,43156,1018,936,800.8,15,5,4.8,-26625,-58,19393,15691,15022,0,0,0,0,0,0,19393,15691,15022,0
2022/2/16,19.58,19.59,19.49,19.52,0.08,0.4115,19.542,19.405,19.3745,19.0068,18.5923,36141,44492,1184,1020.8,850,0,4.4,2.8,-25948,677,25887,18340,16298,0,0,0,0,0,0,25887,18340,16298,0
2022/2/17,19.58,19.68,19.56,19.62,0.1,0.5123,19.536,19.471,19.393,19.0197,18.607,36759,46358,1246,1098,917.6,0,3.8,2.8,-25905,43,26108,20889,17295,0,0,0,0,0,0,26108,20889,17295,0
2022/2/18,19.56,19.72,19.51,19.7,0.08,0.4077,19.552,19.54,19.4105,19.0383,18.6248,68246,54010,1680,1219,1029.9,0,3.2,2.8,-25668,237,18014,22007,17485,0,0,0,0,0,0,18014,22007,17485,0
2022/2/21,19.7,19.78,19.61,19.75,0.05,0.2538,19.606,19.586,19.424,19.0567,18.6439,102486,60915,2355,1496.6,1181.9,0,3,2.8,-25593,75,18576,21596,17932,0,0,0,0,0,0,18576,21596,17932,0
2022/2/22,19.42,19.46,19.36,19.36,-0.39,-1.9747,19.59,19.574,19.422,19.0665,18.6581,121113,72949,2067,1706.4,1321.2,1369,273.8,139.4,-26385,-792,27398,23197,19444,0,0,0,0,0,0,27398,23197,19444,0
2022/2/23,19.34,19.38,19.29,19.34,-0.02,-0.1033,19.554,19.548,19.4205,19.077,18.6712,60192,77759,2181,1905.8,1463.3,1137,501.2,252.8,-25840,545,25034,23026,20683,0,0,0,0,0,0,25034,23026,20683,0
2022/2/24,19.27,19.27,19.01,19.01,-0.33,-1.7063,19.432,19.484,19.399,19.0815,18.6808,119544,94316,2170,2090.6,1594.3,784,658,330.9,-26672,-832,26944,23194,22041,0,0,0,0,0,0,26944,23194,22041,0
2022/2/25,19.09,19.18,18.94,19.02,0.01,0.0526,19.296,19.424,19.3795,19.0882,18.691,79781,96623,2334,2221.4,1720.2,1062,870.4,436.8,-26321,351,36208,26833,24420,0,0,0,0,0,0,36208,26833,24420,0
2022/3/1,19.12,19.31,19.1,19.29,0.27,1.4196,19.204,19.405,19.3735,19.0985,18.7019,28477,81821,2197,2189.8,1843.2,1062,1082.8,542.9,-25614,707,37078,30533,26065,0,0,0,0,0,0,37078,30533,26065,0
2022/3/2,19.27,19.31,19.2,19.29,0,0,19.19,19.39,19.3795,19.108,18.7117,21386,61876,2119,2200.2,1953.3,1062,1021.4,647.6,-25513,101,26153,30284,26741,0,0,0,0,0,0,26153,30284,26741,0
2022/3/3,19.36,19.39,19.32,19.34,0.05,0.2592,19.19,19.372,19.3885,19.1222,18.7213,16004,53038,2142,2192.4,2049.1,1063,1006.6,753.9,-25385,128,26268,30531,26779,0,0,0,0,0,0,26268,30531,26779,0
2022/3/4,19.22,19.27,19.12,19.19,-0.15,-0.7756,19.226,19.329,19.4,19.1353,18.7297,37988,36727,2166,2191.6,2141.1,1063,1062.4,860.2,-25915,-530,22051,29552,26373,0,0,0,0,0,0,22051,29552,26373,0
2022/3/7,19,19.02,18.76,18.8,-0.39,-2.0323,19.182,19.239,19.3895,19.1417,18.7359,120925,44956,2210,2166.8,2194.1,1377,1125.4,997.9,-26769,-854,31651,28641,27737,0,0,0,0,0,0,31651,28641,27737,0
2022/3/8,18.56,18.69,18.46,18.49,-0.31,-1.6489,19.022,19.113,19.3495,19.1407,18.7387,106549,60570,2399,2207.2,2198.5,1369,1186.8,1134.8,-27547,-778,51143,31454,30993,0,0,0,0,0,0,51143,31454,30993,0
2022/3/9,18.6,18.7,18.56,18.63,0.14,0.7572,18.89,19.04,19.307,19.142,18.7427,34282,63149,2401,2263.6,2231.9,1167,1207.8,1114.6,-26881,666,45807,35384,32834,0,0,0,0,0,0,45807,35384,32834,0
2022/3/10,18.88,18.99,18.85,18.96,0.33,1.7713,18.814,19.002,19.275,19.147,18.7495,28042,65557,2359,2307,2249.7,1166,1228.4,1117.5,-26110,771,45487,39228,34880,0,0,0,0,0,0,45487,39228,34880,0
2022/3/11,18.96,18.97,18.87,18.88,-0.08,-0.4219,18.752,18.989,19.2365,19.15,18.7567,22550,62469,2353,2344.4,2268,1171,1250,1156.2,-26487,-377,46554,44129,36841,0,0,0,0,0,0,46554,44129,36841,0
2022/3/14,18.92,19.01,18.88,19,0.12,0.6356,18.792,18.987,19.2055,19.154,18.7649,18724,42029,2316,2365.6,2266.2,1172,1209,1167.2,-26366,121,46901,47179,37910,0,0,0,0,0,0,46901,47179,37910,0
2022/3/15,18.99,18.99,18.79,18.85,-0.15,-0.7895,18.864,18.943,19.174,19.1548,18.7707,31767,27073,2397,2365.2,2286.2,1172,1169.6,1178.2,-27088,-722,37751,44501,37977,0,0,0,0,0,0,37751,44501,37977,0
2022/3/16,18.99,19,18.84,18.99,0.14,0.7427,18.936,18.913,19.1515,19.1577,18.7773,21063,24429,2504,2385.8,2324.7,1172,1170.6,1189.2,-26929,159,37742,42888,39136,0,0,0,0,0,0,37742,42888,39136,0
2022/3/17,19.19,19.28,19.09,19.23,0.24,1.2638,18.99,18.902,19.137,19.1642,18.7855,28967,24614,2343,2382.6,2344.8,1171,1171.6,1200,-26082,847,42149,42220,40724,0,0,0,4027,805,403,46176,43025,41127,0
2022/3/18,19.24,19.26,19.18,19.23,0,0,19.06,18.906,19.1175,19.171,18.7937,17419,23588,2344,2380.8,2362.6,351,1007.6,1128.8,-25890,192,42815,41472,42800,0,0,0,872,980,490,43687,42452,43290,0
2022/3/21,19.26,19.34,19.23,19.26,0.03,0.156,19.112,18.952,19.0955,19.1803,18.8022,17747,23392,2244,2366.4,2366,184,810,1009.5,-25537,353,43445,40781,43980,0,0,0,871,1154,577,44316,41935,44557,0
2022/3/22,19.28,19.29,19.23,19.29,0.03,0.1558,19.2,19.032,19.0725,19.1895,18.8104,16058,20250,2218,2330.6,2347.9,184,612.4,891,-25286,251,43446,41920,43210,0,0,0,0,1154,577,43446,43074,43787,0
2022/3/23,19.34,19.42,19.34,19.39,0.1,0.5184,19.28,19.108,19.074,19.1985,18.821,20482,20134,2142,2258.2,2322,186,415.2,792.9,-25045,241,43504,43072,42980,0,0,0,578,1270,635,44082,44342,43615,0
2022/3/24,19.36,19.39,19.28,19.38,-0.01,-0.0516,19.31,19.15,19.076,19.2072,18.83,12766,16894,2137,2217,2299.8,185,218,694.8,-25135,-90,42637,43170,42695,0,0,0,0,464,635,42637,43634,43330,0
2022/3/25,19.36,19.38,19.27,19.32,-0.06,-0.3096,19.328,19.194,19.0915,19.2167,18.8381,17180,16846,1963,2140.8,2260.8,184,184.6,596.1,-25467,-332,40390,42685,42079,0,0,0,0,290,635,40390,42975,42713,0
2022/3/28,19.23,19.31,19.11,19.31,-0.01,-0.0518,19.338,19.225,19.106,19.2245,18.8455,31465,19590,1985,2089,2227.7,192,186.2,498.1,-25674,-207,34845,40965,40873,0,0,0,0,116,635,34845,41081,41508,0
2022/3/29,19.32,19.33,19.25,19.26,-0.05,-0.2589,19.332,19.266,19.1045,19.231,18.8529,14612,19301,1994,2044.2,2187.4,193,188,400.2,-25681,-7,34575,39191,40555,0,0,0,0,116,635,34575,39306,41190,0
2022/3/30,19.34,19.4,19.33,19.37,0.11,0.5711,19.328,19.304,19.1085,19.2387,18.863,14905,18185,1823,1980.4,2119.3,193,189.4,302.3,-25236,445,35145,37519,40296,0,0,0,929,186,728,36074,37705,41023,0
2022/3/31,19.38,19.42,19.35,19.35,-0.02,-0.1033,19.322,19.316,19.109,19.2455,18.8725,17888,19210,1752,1903.4,2060.2,194,191.2,204.6,-25573,-337,36872,36366,39768,0,0,0,81,202,333,36954,36568,40101,0
2022/4/1,19.27,19.34,19.2,19.34,-0.01,-0.0517,19.326,19.327,19.1165,19.2508,18.8834,19260,19626,1745,1859.8,2000.3,194,193.2,188.9,-25793,-220,35551,35398,39042,0,0,0,0,202,246,35551,35600,39288,0
2022/4/6,19.3,19.41,19.24,19.4,0.06,0.3102,19.344,19.341,19.1465,19.2558,18.8955,26634,18659,1756,1814,1951.5,193,193.4,189.8,-25821,-28,32194,34868,37917,0,0,0,0,202,159,32194,35070,38075,0
2022/4/7,19.35,19.42,19.23,19.23,-0.17,-0.8763,19.338,19.335,19.1835,19.2568,18.9061,37948,23327,1786,1772.4,1908.3,192,193.2,190.6,-26503,-682,25023,32958,36074,0,0,0,0,202,159,25023,33160,36233,0
2022/4/8,19.3,19.33,19.2,19.32,0.09,0.468,19.328,19.328,19.218,19.2593,18.9172,15374,23420,1795,1766.8,1873.6,193,193.2,191.3,-26056,447,23857,30700,34109,0,0,0,0,16,101,23857,30716,34211,0
2022/4/11,19.34,19.39,19.12,19.2,-0.12,-0.6211,19.298,19.31,19.23,19.261,18.9255,39779,27799,1816,1779.6,1841.5,196,193.6,192.4,-26616,-560,21550,27636,32001,0,0,0,0,0,101,21550,27636,32102,0
2022/4/12,19.18,19.18,19.1,19.11,-0.09,-0.4687,19.252,19.289,19.2415,19.2598,18.9332,35492,31045,1892,1809,1834.4,205,195.8,194.5,-26850,-234,19362,24398,29898,0,0,0,0,0,101,19362,24398,29999,0
2022/4/13,19.18,19.29,19.17,19.27,0.16,0.8373,19.226,19.285,19.255,19.2615,18.9433,16232,28965,1836,1825,1819.5,205,198.2,195.8,-26199,651,19777,21914,28391,0,0,0,0,0,101,19777,21914,28492,0
2022/4/14,19.29,19.29,19.12,19.12,-0.15,-0.7784,19.204,19.271,19.2685,19.261,18.9524,28646,27104,1879,1843.6,1808,202,200.2,196.7,-26270,-71,20098,20929,26943,0,0,0,0,0,101,20098,20929,27045,0
2022/4/15,19.08,19.11,19,19.03,-0.09,-0.4707,19.146,19.237,19.2705,19.2597,18.9606,37443,31518,1834,1851.4,1809.1,201,201.8,197.5,-26769,-499,22432,20644,25672,0,0,0,0,0,8,22432,20644,25680,0
2022/4/18,19,19,18.85,18.92,-0.11,-0.578,19.09,19.194,19.255,19.2555,18.9669,65252,36613,1897,1867.6,1823.6,199,202.4,198,-27159,-390,38315,23997,25816,0,0,0,0,0,0,38315,23997,25816,0
2022/4/19,18.95,19.07,18.95,18.95,0.03,0.1586,19.058,19.155,19.241,19.2505,18.9733,21392,33793,1924,1874,1841.5,199,201.2,198.5,-26723,436,38318,27789,26093,0,0,0,0,0,0,38318,27789,26093,0
2022/4/20,18.97,19,18.87,18.97,0.02,0.1055,18.998,19.112,19.2265,19.2442,18.9798,27021,35950,1948,1896.4,1860.7,201,200.4,199.3,-26479,244,37621,31357,26636,0,0,0,0,0,0,37621,31357,26636,0
2022/4/21,19.03,19.05,18.95,18.97,0,0,18.968,19.086,19.2105,19.2357,18.9863,19522,34126,1899,1900.4,1872,201,200.2,200.2,-26373,106,37628,34863,27896,0,0,0,0,0,0,37628,34863,27896,0
2022/4/22,18.85,19.01,18.8,19,0.03,0.1581,18.962,19.054,19.191,19.229,18.9932,34428,33523,1955,1924.6,1888,206,201.2,201.5,-26659,-286,43755,39128,29886,0,0,0,0,0,0,43755,39128,29886,0
2022/4/25,18.76,18.79,18.66,18.75,-0.25,-1.3158,18.928,19.009,19.1595,19.2187,18.9978,75825,35637,2159,1977,1922.3,250,211.4,206.9,-27518,-859,53500,42165,33081,0,0,0,0,0,0,53500,42165,33081,0
2022/4/26,18.79,18.87,18.77,18.8,0.05,0.2667,18.898,18.978,19.1335,19.208,19.0025,24176,36194,2126,2017.4,1945.7,245,220.6,210.9,-27496,22,53406,45183,36486,0,0,0,0,0,0,53406,45183,36486,0
2022/4/27,18.65,18.68,18.55,18.6,-0.2,-1.0638,18.824,18.911,19.098,19.1945,19.0047,65584,43907,2225,2072.8,1984.6,259,232.2,216.3,-28205,-709,32626,44183,37770,0,0,0,0,0,0,32626,44183,37770,0
2022/4/28,18.6,18.69,18.53,18.67,0.07,0.3763,18.764,18.866,19.0685,19.1822,19.0073,28178,45638,2255,2144,2022.2,239,239.8,220,-27863,342,30101,42678,38771,0,0,0,0,0,0,30101,42678,38771,0
2022/4/29,18.79,18.85,18.72,18.82,0.15,0.8034,18.728,18.845,19.041,19.1763,19.011,31202,44993,2209,2194.8,2059.7,239,246.4,223.8,-27537,326,28875,39702,39415,0,0,0,0,0,0,28875,39702,39415,0
2022/5/3,18.82,18.82,18.69,18.75,-0.07,-0.3719,18.728,18.828,19.011,19.1695,19.0146,26850,35198,2200,2203,2090,239,244.2,227.8,-27656,-119,28722,34746,38456,0,0,0,0,0,0,28722,34746,38456,0
2022/5/4,18.81,18.84,18.76,18.83,0.08,0.4267,18.734,18.816,18.9855,19.1673,19.0188,42156,38794,2395,2256.8,2137.1,239,243,231.8,-27580,76,41901,32445,38814,0,0,0,0,0,0,41901,32445,38814,0
2022/5/5,19,19.02,18.84,18.87,0.04,0.2124,18.788,18.806,18.959,19.165,19.0232,37705,33218,2302,2272.2,2172.5,237,238.6,235.4,-27111,469,57761,37472,40828,0,0,0,0,0,0,57761,37472,40828,0
2022/5/6,18.61,18.7,18.56,18.67,-0.2,-1.0599,18.788,18.776,18.931,19.1547,19.0254,92682,46119,2438,2308.8,2226.4,204,231.6,235.7,-27763,-652,63228,44098,43388,0,0,0,0,0,0,63228,44098,43388,0
2022/5/9,18.6,18.6,18.34,18.34,-0.33,-1.7675,18.692,18.71,18.882,19.1357,19.0247,120285,63935,2870,2441,2317.9,386,261,253.7,-28585,-822,56772,49677,44689,0,0,0,0,0,0,56772,49677,44689,0
2022/5/10,18.23,18.37,18.11,18.34,0,0,18.61,18.669,18.839,19.1147,19.0239,58243,70214,3019,2604.8,2403.9,384,290,267.1,-28407,178,70185,57970,46358,0,0,0,0,0,0,70185,57970,46358,0
2022/5/11,18.29,18.3,18.16,18.18,-0.16,-0.8724,18.48,18.607,18.7925,19.0902,19.0208,52063,72195,3135,2752.8,2504.8,2,242.6,242.8,-28820,-413,84582,66506,49476,0,0,0,0,0,0,84582,66506,49476,0
2022/5/12,18.14,18.14,17.83,17.83,-0.35,-1.9252,18.272,18.53,18.7205,19.0603,19.014,112624,87179,3543,3001,2636.6,0,195.2,216.9,-29609,-789,67372,68428,52950,0,0,0,0,0,0,67372,68428,52950,0
2022/5/13,17.9,17.98,17.84,17.9,0.07,0.3926,18.118,18.453,18.6595,19.034,19.0074,44707,77584,3704,3254.2,2781.5,0,154.4,193,-28933,676,69686,69720,56909,0,0,0,0,0,0,69686,69720,56909,0
2022/5/16,18.07,18.08,17.77,17.9,0,0,18.03,18.361,18.603,19.0083,19.001,86476,70822,4002,3480.6,2960.8,0,77.2,169.1,-28732,201,60512,70468,60072,0,0,0,0,0,0,60512,70468,60072,0
2022/5/17,17.93,17.96,17.89,17.89,-0.01,-0.0559,17.94,18.275,18.5515,18.9812,18.994,81138,75401,4447,3766.2,3185.5,0,0.4,145.2,-28179,553,53857,67202,62586,0,0,0,0,0,0,53857,67202,62586,0
2022/5/18,17.6,17.77,17.58,17.74,-0.15,-0.8385,17.852,18.166,18.491,18.9498,18.9847,68401,78669,4337,4006.6,3379.7,3,0.6,121.6,-27656,523,50904,60467,63486,0,0,0,0,0,0,50904,60467,63486,0
2022/5/19,17.56,17.57,17.47,17.53,-0.21,-1.1838,17.792,18.032,18.419,18.9137,18.976,53024,66749,4428,4183.6,3592.3,33,7.2,101.2,-28155,-499,48652,56723,62576,0,0,0,0,0,0,48652,56723,62576,0
2022/5/20,17.61,17.65,17.55,17.59,0.06,0.3423,17.73,17.924,18.35,18.8777,18.9672,19172,61642,4436,4330,3792.1,1,7.4,80.9,-27789,366,48144,52414,61067,0,0,0,0,0,0,48144,52414,61067,0
2022/5/23,17.65,17.65,17.42,17.5,-0.09,-0.5117,17.65,17.84,18.275,18.8467,18.9566,39347,52216,4512,4432,3956.3,0,7.4,42.3,-27614,175,48583,50028,60248,0,0,0,0,0,0,48583,50028,60248,0
2022/5/24,17.5,17.53,17.38,17.38,-0.12,-0.6857,17.548,17.744,18.2065,18.814,18.9455,49262,45841,4670,4476.6,4121.4,52,17.8,9.1,-28176,-562,42334,47724,57463,0,0,0,0,0,0,42334,47724,57463,0
2022/5/25,17.38,17.5,17.34,17.48,0.1,0.5754,17.496,17.674,18.1405,18.7885,18.935,20094,36179,4695,4548.2,4277.4,17,20.6,10.6,-27590,586,42140,45971,53219,0,0,0,0,0,0,42140,45971,53219,0
2022/5/26,17.54,17.58,17.41,17.42,-0.06,-0.3432,17.474,17.633,18.0815,18.7618,18.925,30522,31679,4662,4595,4389.3,27,19.4,13.3,-27786,-196,40517,44344,50533,0,0,0,0,0,0,40517,44344,50533,0
2022/5/27,17.52,17.63,17.51,17.6,0.18,1.0333,17.476,17.603,18.028,18.7337,18.9161,20212,31887,4537,4615.2,4472.6,35,26.2,16.8,-27226,560,40660,42848,47631,0,0,0,0,0,0,40660,42848,47631,0
2022/5/30,17.76,17.86,17.75,17.86,0.26,1.4773,17.548,17.599,17.98,18.7098,18.9089,27858,29589,4577,4628.2,4530.1,27,31.6,19.5,-26552,674,40726,41276,45652,0,0,0,0,0,0,40726,41276,45652,0
2022/5/31,17.8,17.87,17.68,17.87,0.01,0.056,17.646,17.597,17.936,18.6853,18.9037,32450,26227,4591,4612.4,4544.5,161,53.4,35.6,-26446,106,38791,40567,44146,0,0,0,0,0,0,38791,40567,44146,0
2022/6/1,17.86,18,17.83,17.9,0.03,0.1679,17.73,17.613,17.8895,18.6638,18.8996,34729,29154,3945,4462.4,4505.3,155,81,50.8,-26298,148,31871,38513,42242,0,0,0,0,0,0,31871,38513,42242,0
2022/6/2,17.82,17.88,17.76,17.82,-0.08,-0.4469,17.81,17.642,17.837,18.6475,18.8946,24623,27974,3822,4294.4,4444.7,163,108.2,63.8,-26472,-174,31402,36690,40517,0,0,0,0,0,0,31402,36690,40517,0
2022/6/6,17.82,17.85,17.7,17.8,-0.02,-0.1122,17.85,17.663,17.7935,18.636,18.8883,31444,30220,3880,4163,4389.1,223,145.8,86,-26377,95,27091,33977,38412,0,0,0,0,0,0,27091,33977,38412,0
2022/6/7,17.76,17.78,17.68,17.71,-0.09,-0.5056,17.82,17.684,17.762,18.6207,18.8813,26639,29977,3914,4030.4,4329.3,229,186.2,108.9,-26543,-166,32701,32372,36824,0,0,0,0,0,0,32701,32372,36824,0
2022/6/8,17.8,17.85,17.79,17.8,0.09,0.5082,17.806,17.726,17.735,18.6013,18.8742,13804,26247,3782,3868.6,4240.5,226,199.2,126.3,-26326,217,33515,31317,35942,0,0,0,0,0,0,33515,31317,35942,0
2022/6/9,17.77,17.77,17.69,17.7,-0.1,-0.5618,17.766,17.748,17.711,18.5817,18.8658,26631,24628,3857,3851,4156.7,221,212.4,146.7,-26258,68,33277,31598,35056,0,0,0,0,0,0,33277,31598,35056,0
2022/6/10,17.58,17.66,17.52,17.61,-0.09,-0.5085,17.724,17.767,17.7,18.5585,18.8562,31813,26066,3852,3857,4075.7,220,223.8,166,-26482,-224,32694,31856,34273,0,0,0,0,0,0,32694,31856,34273,0
2022/6/13,17.37,17.4,17.26,17.34,-0.27,-1.5332,17.632,17.741,17.672,18.5333,18.8441,83470,36471,4040,3889,4026,475,274.2,210,-27292,-810,49619,36362,35169,0,0,0,0,0,0,49619,36362,35169,0
2022/6/14,17.3,17.4,17.23,17.35,0.01,0.0577,17.56,17.69,17.6445,18.506,18.8318,43075,39758,4033,3912.8,3971.6,459,320.2,253.2,-27548,-256,48835,39589,35980,0,0,0,0,0,0,48835,39589,35980,0
2022/6/15,17.35,17.4,17.31,17.32,-0.03,-0.1729,17.464,17.635,17.616,18.4742,18.8192,19664,40930,4043,3965,3916.8,459,366.8,283,-27202,346,48350,42556,36936,0,0,0,0,0,0,48350,42556,36936,0
2022/6/16,17.5,17.55,17.23,17.25,-0.07,-0.4042,17.374,17.57,17.5915,18.4412,18.8061,34391,42482,3879,3969.4,3910.2,466,415.8,314.1,-27886,-684,34984,42897,37247,0,0,0,0,0,0,34984,42897,37247,0
2022/6/17,17.1,17.14,17,17.08,-0.17,-0.9855,17.268,17.496,17.569,18.4048,18.7926,89455,54011,3838,3966.6,3911.8,1332,638.2,431,-28328,-442,41325,44623,38240,0,0,0,0,0,0,41325,44623,38240,0
2022/6/20,17.05,17.12,16.82,16.82,-0.26,-1.5222,17.164,17.398,17.5305,18.3637,18.7766,82599,53836,3821,3922.8,3905.9,1481,839.4,556.8,-29150,-822,30168,40733,38547,0,0,0,0,0,0,30168,40733,38547,0
2022/6/21,16.97,17.2,16.91,17.18,0.36,2.1403,17.13,17.345,17.5145,18.3268,18.7627,29196,51061,3775,3871.2,3892,1480,1043.6,681.9,-28248,902,32055,37377,38483,0,0,0,0,0,0,32055,37377,38483,0
2022/6/22,17.18,17.19,16.92,16.95,-0.23,-1.3388,17.056,17.26,17.493,18.2863,18.7467,41973,55522,3785,3819.6,3892.3,1482,1248.2,807.5,-29029,-781,29188,33544,38050,0,0,0,0,0,0,29188,33544,38050,0
2022/6/23,17.03,17.13,16.9,16.96,0.01,0.059,16.998,17.186,17.467,18.247,18.7318,38536,56351,3797,3803.2,3886.3,1504,1455.8,935.8,-28903,126,28953,32338,37618,0,0,0,0,0,0,28953,32338,37618,0
2022/6/24,17.09,17.19,17.01,17.06,0.1,0.5896,16.994,17.131,17.449,18.2095,18.717,24103,43281,3722,3780,3873.3,1479,1485.2,1061.7,-28289,614,31472,30368,37495,0,0,0,0,0,0,31472,30368,37495,0
2022/6/27,17.22,17.28,17.19,17.21,0.15,0.8792,17.072,17.118,17.4295,18.1753,18.7032,27466,32254,3655,3746.8,3834.8,1478,1484.6,1162,-27527,762,44580,33250,36992,0,0,0,0,0,0,44580,33250,36992,0
2022/6/28,17.23,17.23,17.07,17.11,-0.1,-0.5811,17.058,17.094,17.392,18.1377,18.6882,22563,30928,3606,3713,3792.1,1479,1484.4,1264,-28009,-482,44241,35687,36532,0,0,0,0,0,0,44241,35687,36532,0
2022/6/29,17,17.05,16.97,17.02,-0.09,-0.526,17.072,17.064,17.3495,18.0988,18.6722,28803,28294,3698,3695.6,3757.6,1479,1483.8,1366,-28336,-327,27952,35440,34492,0,0,0,0,0,0,27952,35440,34492,0
2022/6/30,16.99,16.99,16.66,16.66,-0.36,-2.1152,17.012,17.005,17.2875,18.0542,18.6525,101286,40844,4026,3741.4,3772.3,1479,1478.8,1467.3,-29149,-813,41937,38037,35188,0,0,0,0,0,0,41937,38037,35188,0
2022/7/1,16.67,16.68,16.39,16.39,-0.27,-1.6206,16.878,16.936,17.216,18.004,18.6299,87526,53528,4286,3854.2,3817.1,1531,1489.2,1487.2,-29997,-848,48942,41531,35949,0,0,0,0,0,0,48942,41531,35949,0
2022/7/4,16.45,16.6,16.29,16.35,-0.04,-0.2441,16.706,16.889,17.1435,17.956,18.6064,50771,58189,4346,3992.4,3869.6,1533,1500.2,1492.4,-29756,241,49100,42435,37843,0,0,0,0,0,0,49100,42435,37843,0
2022/7/5,16.57,16.63,16.26,16.4,0.05,0.3058,16.564,16.811,17.078,17.9073,18.5833,42072,62091,4434,4158,3935.5,1534,1511.2,1497.8,-29085,671,51973,43981,39834,0,0,0,0,0,0,51973,43981,39834,0
2022/7/6,16.42,16.42,16.06,16.06,-0.34,-2.0732,16.372,16.722,16.991,17.855,18.558,67070,69745,4582,4334.8,4015.2,1532,1521.8,1502.8,-29879,-794,38247,46040,40740,0,0,0,0,0,0,38247,46040,40740,0
2022/7/7,16.11,16.28,15.95,16.21,0.15,0.934,16.282,16.647,16.9165,17.8067,18.5332,40538,57595,4587,4447,4094.2,1521,1530.2,1504.5,-29244,635,56028,48858,43448,0,0,0,0,0,0,56028,48858,43448,0
2022/7/8,16.32,16.39,16.19,16.26,0.05,0.3085,16.256,16.567,16.849,17.7565,18.509,40252,48140,4562,4502.2,4178.2,1521,1528.2,1508.7,-28916,328,54344,49939,45735,0,0,0,0,0,0,54344,49939,45735,0
2022/7/11,16.35,16.35,16.17,16.2,-0.06,-0.369,16.226,16.466,16.792,17.7078,18.4844,24754,42937,4549,4542.8,4267.6,1520,1525.6,1512.9,-29113,-197,54755,51070,46753,0,0,0,0,0,0,54755,51070,46753,0
2022/7/12,16.12,16.13,15.9,15.97,-0.23,-1.4198,16.14,16.352,16.723,17.6568,18.4582,71619,48846,4725,4601,4379.5,1523,1523.4,1517.3,-29932,-819,63781,53432,48706,0,0,0,0,0,0,63781,53432,48706,0
2022/7/13,16.28,16.38,16.24,16.31,0.34,2.129,16.19,16.281,16.6725,17.6133,18.4344,35753,42583,4643,4613.2,4474,1532,1523.4,1522.6,-29166,766,51432,56069,51054,0,0,0,0,0,0,51432,56069,51054,0
2022/7/14,16.25,16.38,16.21,16.34,0.03,0.1839,16.216,16.249,16.627,17.5698,18.4102,49707,44417,4617,4619.2,4533.1,1538,1526.8,1528.5,-28759,407,40637,52990,50924,0,0,0,0,0,0,40637,52990,50924,0
2022/7/15,16.36,16.36,16.18,16.18,-0.16,-0.9792,16.2,16.228,16.582,17.5233,18.3837,48634,46093,4721,4651,4576.6,1525,1527.6,1527.9,-28820,-61,34467,49015,49477,0,0,0,0,0,0,34467,49015,49477,0
