日期,開盤,最高,最低,收盤,漲跌,漲跌%," 均價5"," 均價10"," 均價20"," 均價60"," 均價120"," 成交量"," 均量5"," 融資張數"," 均量5"," 均量10"," 融券張數"," 均量5"," 均量10"," 騰落指標"," 騰落指標"," 外資庫存"," 均量5"," 均量10"," 投信庫存"," 均量5"," 均量10"," 自營商庫存"," 均量5"," 均量10"," 法人庫存"," 均量5"," 均量10"," 未平倉量",
2021/01/06,91.00,91.00,91.00,91.00,0.00,0.00,,,,,,20190,,35599.0000,,,174.0000,,,-28948,-28948,119517,,,0,,,0,,,119517,,,0.000,
2021/01/07,91.20,91.20,83.00,83.80,-7.20,-7.9121,,,,,,52950,,36187.0000,,,117.0000,,,-28637,311,120782,,,23,,,0,,,120805,,,0.000,
2021/01/08,84.50,85.80,83.40,84.50,0.70,0.8353,,,,,,15124,,36602.0000,,,124.0000,,,-28720,-83,120394,,,25,,,0,,,120419,,,0.000,
2021/01/11,84.90,85.00,82.10,82.80,-1.70,-2.0118,,,,,,11079,,35485.0000,,,99.0000,,,-28599,121,120094,,,27,,,0,,,120121,,,0.000,
2021/01/12,83.20,83.30,77.00,77.40,-5.40,-6.5217,83.9000,,,,,20128,23894,33709.0000,35516.4000,,131.0000,129.0000,,-29190,-591,121048,120367,,0,15,,0,0,,121048,120382,,0.000,
2021/01/13,77.80,81.70,77.80,80.50,3.10,4.0052,81.8000,,,,,11655,22187,33464.0000,35089.4000,,194.0000,133.0000,,-28672,518,122216,120907,,1,15,,0,0,,122217,120922,,0.000,
2021/01/14,80.80,82.70,80.10,82.30,1.80,2.236,81.5000,,,,,7625,13122,33107.0000,34473.4000,,130.0000,135.6000,,-28710,-38,123107,121372,,9,12,,0,0,,123116,121385,,0.000,
2021/01/15,82.80,82.80,79.40,79.90,-2.40,-2.9162,80.5800,,,,,8512,11799,33046.0000,33762.2000,,117.0000,134.2000,,-29428,-718,122354,121764,,110,29,,0,0,,122464,121794,,0.000,
2021/01/18,79.80,83.50,77.70,82.30,2.40,3.0038,80.4800,,,,,11682,11920,33733.0000,33411.8000,,164.0000,147.2000,,-29695,-267,123877,122521,,0,24,,0,0,,123877,122545,,0.000,
2021/01/19,82.40,84.20,82.30,84.00,1.70,2.0656,81.8000,82.8500,,,,12144,10323,33563.0000,33382.6000,34449.5000,230.0000,167.0000,148.0000,-29621,74,127735,123858,122113,0,24,20,0,0,0,127735,123882,122132,0.000,
2021/01/20,85.50,90.20,84.50,85.00,1.00,1.1905,82.7000,82.2500,,,,36887,15370,35694.0000,33828.6000,34459.0000,335.0000,195.2000,164.1000,-30435,-814,125765,124568,122737,802,184,100,0,0,0,126567,124752,122837,0.000,
2021/01/21,86.50,87.40,85.10,85.20,0.20,0.2353,83.2800,82.3900,,,,11612,16167,34960.0000,34199.2000,34336.3000,303.0000,229.8000,182.7000,-30384,51,125887,125124,123248,1804,543,278,18,4,2,127709,125671,123528,0.000,
2021/01/22,86.40,88.60,86.10,88.30,3.10,3.6385,84.9600,82.7700,,,,19000,18265,35478.0000,34685.6000,34223.9000,326.0000,271.6000,202.9000,-30125,259,129029,126459,124112,1753,872,451,39,12,6,130822,127342,124568,0.000,
2021/01/25,88.40,88.40,85.20,86.20,-2.10,-2.3783,85.7400,83.1100,,,,11249,18178,34609.0000,34860.8000,34136.3000,254.0000,289.6000,218.4000,-29805,320,127440,127172,124846,1766,1225,625,15,15,7,129222,128411,125478,0.000,
2021/01/26,86.50,87.10,83.70,83.80,-2.40,-2.7842,85.7000,83.7500,,,,9088,17567,33776.0000,34903.4000,34143.0000,128.0000,269.2000,218.1000,-30349,-544,126733,126971,125415,1768,1579,801,0,15,7,128501,128565,126223,0.000,
2021/01/27,84.80,84.90,83.10,84.90,1.10,1.3126,85.6800,84.1900,,,,5428,11275,34004.0000,34565.4000,34197.0000,102.0000,222.6000,208.9000,-30092,257,126690,127156,125862,1768,1772,978,0,15,7,128458,128943,126847,0.000,
2021/01/28,83.00,83.90,82.30,83.10,-1.80,-2.1201,85.2600,84.2700,,,,11157,11184,35386.0000,34650.6000,34424.9000,195.0000,201.0000,215.4000,-30640,-548,125150,127009,126066,1718,1755,1149,0,11,7,126868,128775,127223,0.000,
2021/01/29,83.90,84.40,82.50,82.50,-0.60,-0.722,84.1000,84.5300,,,,8644,9113,35222.0000,34599.4000,34642.5000,194.0000,174.6000,223.1000,-31296,-656,124204,126044,126251,1718,1748,1310,0,3,7,125922,127795,127568,0.000,
2021/02/01,82.80,82.80,80.20,80.80,-1.70,-2.0606,83.0200,84.3800,,,,8157,8494,34926.0000,34662.8000,34761.8000,194.0000,162.6000,226.1000,-31423,-127,124349,125426,126299,1718,1738,1482,0,0,7,126067,127164,127788,0.000,
2021/02/02,81.50,82.20,80.60,81.20,0.40,0.495,82.5000,84.1000,83.4750,,,7288,8134,35380.0000,34983.6000,34943.5000,154.0000,167.8000,218.5000,-30893,530,125443,125168,126069,1018,1588,1583,0,0,7,126461,126756,127660,0.000,
2021/02/03,81.60,81.70,80.20,80.40,-0.80,-0.9852,81.6000,83.6400,82.9450,,,5614,8172,35337.0000,35250.2000,34907.8000,158.0000,179.0000,200.8000,-30814,79,124136,124657,125907,943,1423,1597,0,0,7,125079,126080,127511,0.000,
2021/02/04,80.40,80.90,79.90,80.00,-0.40,-0.4975,80.9800,83.1200,82.7550,,,4155,6771,35170.0000,35207.0000,34928.8000,163.0000,172.6000,186.8000,-30992,-178,123777,124382,125696,943,1268,1511,0,0,6,124720,125650,127212,0.000,
2021/02/05,80.90,81.50,80.30,80.60,0.60,0.75,80.6000,82.3500,82.5600,,,4624,5967,34906.0000,35143.8000,34871.6000,160.0000,165.8000,170.2000,-30817,175,122713,124084,125064,944,1113,1430,0,0,2,123657,125197,126496,0.000,
2021/02/17,81.60,84.20,81.10,84.20,3.60,4.4665,81.2800,82.1500,82.6300,,,10551,6446,34662.0000,35091.0000,34876.9000,166.0000,160.2000,161.4000,-30077,740,124727,124160,124793,944,958,1348,73,15,7,125745,125133,126148,0.000,
2021/02/18,83.80,85.00,83.40,83.80,-0.40,-0.4751,81.8000,82.1500,82.9500,,,7218,6432,34238.0000,34862.6000,34923.1000,172.0000,163.8000,165.8000,-29415,662,125811,124233,124701,949,945,1266,134,42,21,126894,125220,125988,0.000,
2021/02/19,84.30,85.40,84.00,84.00,0.20,0.2387,82.5200,82.0600,83.1250,,,7632,6836,33922.0000,34579.6000,34914.9000,178.0000,167.8000,173.4000,-29122,293,125437,124493,124575,955,947,1185,139,70,35,126531,125510,125795,0.000,
2021/02/22,85.10,86.60,84.60,85.20,1.20,1.4286,83.5600,82.2700,83.2700,,,10014,8007,34395.0000,34424.6000,34815.8000,179.0000,171.0000,171.8000,-28511,611,125233,124785,124584,955,949,1109,148,99,50,126337,125833,125742,0.000,
2021/02/23,85.30,86.20,84.60,85.50,0.30,0.3521,84.5400,82.5700,83.5500,,,8215,8726,33566.0000,34156.6000,34650.2000,178.0000,174.6000,170.2000,-28166,345,125647,125371,124728,959,952,1033,107,121,60,126713,126445,125821,0.000,
2021/02/24,85.90,86.60,85.30,85.50,0.00,0.00,84.8000,83.0400,83.7100,,,8778,8371,32608.0000,33745.8000,34418.4000,171.0000,175.6000,167.9000,-28536,-370,126189,125664,124912,961,956,957,81,122,69,127231,126742,125937,0.000,
2021/02/25,86.90,87.30,85.30,86.10,0.60,0.7018,85.2600,83.5300,83.8150,,,11456,9219,32367.0000,33371.6000,34117.1000,176.0000,176.4000,170.1000,-28146,390,125709,125643,124938,1863,1139,1042,0,95,69,127572,126877,126049,0.000,
2021/02/26,85.00,85.80,84.50,85.80,-0.30,-0.3484,85.6200,84.0700,83.8550,,,8063,9305,32377.0000,33062.6000,33821.1000,160.0000,172.8000,170.3000,-28573,-427,126078,125772,125133,1874,1322,1135,22,72,71,127974,127166,126338,0.000,
2021/03/02,86.90,87.20,84.50,84.70,-1.10,-1.2821,85.5200,84.5400,83.8300,,,9093,9121,31648.0000,32513.2000,33468.9000,168.0000,170.6000,170.8000,-28972,-399,127695,126264,125524,1874,1506,1228,143,71,85,129712,127841,126837,0.000,
2021/03/03,85.80,89.50,85.20,86.90,2.20,2.5974,85.8000,85.1700,83.7600,,,34550,14388,32870.0000,32374.0000,33265.3000,300.0000,195.0000,184.8000,-28422,550,131687,127472,126422,2846,1884,1418,212,92,106,134745,129447,127946,0.000,
2021/03/04,87.50,89.70,87.10,88.00,1.10,1.2658,86.3000,85.5500,83.8500,,,21183,16869,32755.0000,32403.4000,33074.6000,340.0000,228.8000,202.2000,-28656,-234,131711,128576,127120,2850,2261,1609,308,137,130,134869,130975,128859,0.000,
2021/03/05,86.90,87.70,85.90,86.00,-2.00,-2.2727,86.2800,85.7700,83.9600,,,12241,17026,32923.0000,32514.6000,32943.1000,243.0000,242.2000,209.3000,-28976,-320,128790,129193,127418,2852,2459,1799,370,211,153,132012,131863,129370,0.000,
2021/03/08,86.50,86.90,83.00,83.10,-2.90,-3.3721,85.7400,85.6800,83.8700,,,15549,18523,32787.0000,32596.6000,32829.6000,354.0000,281.0000,226.9000,-28997,-21,127969,129571,127671,2852,2655,1989,103,228,150,130924,132453,129810,0.000,
2021/03/09,83.00,83.50,81.10,82.30,-0.80,-0.9627,85.2600,85.3900,83.8300,,,7912,18287,32636.0000,32794.2000,32653.7000,192.0000,285.8000,228.2000,-28808,189,127950,129622,127943,2852,2850,2178,94,218,144,130897,132690,130266,0.000,
2021/03/10,83.40,83.40,82.30,82.50,0.20,0.243,84.3800,85.0900,83.8300,,,4914,12359,32594.0000,32739.0000,32556.5000,248.0000,275.4000,235.2000,-28684,124,127448,128774,128123,2852,2852,2368,70,190,141,130371,131815,130631,0.000,
2021/03/11,83.20,83.80,82.90,83.80,1.30,1.5758,83.5400,84.9200,83.9800,,,3909,8905,32710.0000,32730.0000,32566.7000,182.0000,243.8000,236.3000,-28242,442,127410,127914,128245,2852,2852,2557,0,128,133,130262,130894,130935,0.000,
2021/03/12,84.10,84.50,83.20,83.70,-0.10,-0.1193,83.0800,84.6800,84.1050,,,4132,7283,32901.0000,32725.6000,32620.1000,212.0000,237.6000,239.9000,-28207,35,126393,127435,128314,2852,2852,2656,67,67,139,129313,130354,131109,0.000,
2021/03/15,83.80,85.60,83.70,84.70,1.00,1.1947,83.4000,84.5700,84.3200,,,7028,5579,33623.0000,32892.8000,32744.7000,160.0000,198.8000,239.9000,-27906,301,126737,127188,128379,1602,2602,2628,39,54,141,128379,129845,131149,0.000,
2021/03/16,85.00,85.20,84.10,85.00,0.30,0.3542,83.9400,84.6000,84.5700,,,5453,5087,33276.0000,33020.8000,32907.5000,172.0000,194.8000,240.3000,-27806,100,126747,126948,128285,1602,2352,2601,10,38,128,128360,129337,131014,0.000,
2021/03/17,85.40,86.40,84.70,84.80,-0.20,-0.2353,84.4000,84.3900,84.7800,,,7000,5504,33194.0000,33140.8000,32939.9000,158.0000,176.8000,226.1000,-27887,-81,127439,126946,127860,952,1972,2412,0,24,107,128392,128942,130378,0.000,
2021/03/18,85.80,86.30,85.10,85.70,0.90,1.0613,84.7800,84.1600,84.8550,,,7503,6223,33923.0000,33383.4000,33056.7000,545.0000,249.4000,246.6000,-27538,349,127631,126990,127452,952,1592,2222,2,24,76,128585,128606,129750,0.000,
2021/03/19,84.00,84.70,83.50,83.70,-2.00,-2.3337,84.7800,83.9300,84.8500,,,13448,8086,32962.0000,33395.6000,33060.6000,255.0000,258.0000,247.8000,-27778,-240,127699,127251,127343,0,1022,1937,0,11,39,127699,128283,129319,0.000,
2021/03/22,83.90,84.50,82.90,84.50,0.80,0.9558,84.7400,84.0700,84.8750,,,6464,7973,32795.0000,33230.0000,33061.4000,258.0000,277.6000,238.2000,-27522,256,127166,127337,127263,2,702,1652,0,3,29,127168,128041,128943,0.000,
2021/03/23,85.30,86.50,84.00,84.10,-0.40,-0.4734,84.5600,84.2500,84.8200,,,10951,9073,32706.0000,33116.0000,33068.4000,254.0000,294.0000,244.4000,-27856,-334,127326,127453,127200,2,382,1367,0,1,19,127328,127835,128586,0.000,
2021/03/24,84.20,84.80,82.80,83.10,-1.00,-1.1891,84.2200,84.3100,84.7000,,,8921,9457,33030.0000,33083.2000,33112.0000,661.0000,394.6000,285.7000,-27780,76,127285,127422,127184,0,191,1082,0,0,12,127285,127613,128277,0.000,
2021/03/25,83.00,83.90,82.60,83.00,-0.10,-0.1203,83.6800,84.2300,84.5750,,,4079,8772,32730.0000,32844.6000,33114.0000,461.0000,377.8000,313.6000,-27873,-93,126516,127199,127094,0,1,796,0,0,12,126516,127199,127903,0.000,
2021/03/26,83.30,84.30,83.10,84.30,1.30,1.5663,83.8000,84.2900,84.4850,,,3383,6759,32907.0000,32833.6000,33114.6000,360.0000,398.8000,328.4000,-27462,411,126711,127001,127126,0,1,511,21,4,7,126732,127006,127645,0.000,
2021/03/29,84.50,84.60,83.50,83.50,-0.80,-0.949,83.6000,84.1700,84.3700,,,4797,6426,32818.0000,32838.2000,33034.1000,251.0000,397.4000,337.5000,-27196,266,126657,126899,127118,0,0,351,20,8,5,126677,126908,127474,0.000,
2021/03/30,83.80,84.00,83.00,83.00,-0.50,-0.5988,83.3800,83.9700,84.2850,,,5235,5283,32805.0000,32858.0000,32987.0000,249.0000,396.4000,345.2000,-26929,267,126156,126665,127059,0,0,191,0,8,4,126156,126674,127254,0.000,
2021/03/31,83.30,83.50,82.00,82.10,-0.90,-1.0843,83.1800,83.7000,84.0450,,,6329,4764,32619.0000,32775.8000,32929.5000,270.0000,318.2000,356.4000,-26934,-5,125538,126316,126869,0,0,96,0,8,4,125538,126324,126969,0.000,
2021/04/01,82.40,82.60,81.50,81.70,-0.40,-0.4872,82.9200,83.3000,83.7300,,,7865,5521,32884.0000,32806.6000,32825.6000,212.0000,268.4000,323.1000,-26920,14,125733,126159,126679,1959,392,196,0,8,4,127692,126560,126879,0.000,
2021/04/06,82.80,83.50,82.10,82.90,1.20,1.4688,82.6400,83.2200,83.5750,,,7267,6298,33068.0000,32838.8000,32836.2000,202.0000,236.8000,317.8000,-26594,326,126122,126042,126521,1456,683,342,0,4,4,127578,126729,126867,0.000,
2021/04/07,83.30,83.50,82.20,82.70,-0.20,-0.2413,82.4800,83.0400,83.5550,,,7053,6749,33301.0000,32935.4000,32886.8000,216.0000,229.8000,313.6000,-26288,306,126483,126007,126453,518,787,394,0,0,4,127001,126794,126851,0.000,
2021/04/08,83.30,83.60,82.90,82.90,0.20,0.2418,82.4600,82.9200,83.5850,,,7383,7179,33322.0000,33038.8000,32948.4000,158.0000,211.6000,304.0000,-25920,368,127962,126368,126517,384,864,432,0,0,4,128346,127231,126953,0.000,
2021/04/09,84.00,85.20,83.50,83.60,0.70,0.8444,82.7600,82.9700,83.6400,,,16599,9233,35114.0000,33537.8000,33156.8000,130.0000,183.6000,250.9000,-26086,-166,128955,127051,126684,380,940,470,42,9,8,129379,128000,127162,0.000,
2021/04/12,84.50,84.80,81.80,82.30,-1.30,-1.555,82.8800,82.9000,83.5650,,,11961,10052,34404.0000,33841.8000,33324.2000,139.0000,169.0000,218.7000,-25877,209,127272,127359,126759,380,624,508,43,17,13,127697,128001,127280,0.000,
2021/04/13,82.10,82.50,81.60,81.60,-0.70,-0.8505,82.6200,82.6300,83.4600,83.6800,,7675,10134,33695.0000,33967.2000,33403.0000,141.0000,156.8000,196.8000,-26180,-303,126912,127517,126779,380,409,546,0,17,11,127293,127944,127336,0.000,
2021/04/14,83.00,83.70,80.10,81.20,-0.40,-0.4902,82.3200,82.4000,83.2850,83.5167,,10494,10822,33905.0000,34088.0000,33511.7000,128.0000,139.2000,184.5000,-26563,-383,126022,127425,126716,80,321,554,0,17,9,126103,127764,127279,0.000,
2021/04/15,81.70,82.20,80.80,82.20,1.00,1.2315,82.1800,82.3200,83.1450,83.4900,,3619,10069,34450.0000,34313.6000,33676.2000,135.0000,134.6000,173.1000,-25988,575,126318,127096,126732,80,261,562,0,17,9,126399,127374,127303,0.000,
2021/04/16,82.70,83.20,81.80,81.90,-0.30,-0.365,81.8400,82.3000,83.0000,83.4467,,5664,7882,34556.0000,34202.0000,33869.9000,136.0000,135.8000,159.7000,-25465,523,126880,126681,126866,0,185,562,0,9,9,126880,126875,127437,0.000,
2021/04/19,83.20,84.50,82.50,84.00,2.10,2.5641,82.1800,82.5300,82.9150,83.4667,,11154,7721,35149.0000,34351.0000,34096.4000,172.0000,142.4000,155.7000,-25019,446,129923,127211,127285,0,108,366,0,0,9,129923,127320,127660,0.000,
2021/04/20,85.00,87.00,84.60,86.00,2.00,2.381,83.0600,82.8400,83.0300,83.6100,,20944,10375,36353.0000,34882.6000,34424.9000,191.0000,152.4000,154.6000,-24831,188,132568,128343,127930,0,32,221,257,52,34,132826,128427,128185,0.000,
2021/04/21,86.80,87.00,83.30,83.40,-2.60,-3.0233,83.5000,82.9100,82.9750,83.6583,,19552,12186,35656.0000,35232.8000,34660.4000,149.0000,156.6000,147.9000,-24840,-9,128886,128916,128170,0,16,169,144,80,49,129031,129012,128388,0.000,
2021/04/22,84.60,85.20,82.00,82.30,-1.10,-1.3189,83.5200,82.8500,82.8850,83.6583,,12459,13954,35311.0000,35405.0000,34859.3000,77.0000,145.0000,139.8000,-25344,-504,128266,129305,128201,0,0,130,141,109,63,128408,129414,128394,0.000,
2021/04/23,83.10,84.00,82.10,82.70,0.40,0.486,83.6800,82.7600,82.8650,83.7050,,6580,14137,34896.0000,35473.0000,34837.5000,78.0000,133.4000,134.6000,-25116,228,127512,129432,128056,0,0,92,152,139,74,127665,129571,128223,0.000,
2021/04/26,83.30,83.40,82.10,82.10,-0.60,-0.7255,83.3000,82.7400,82.8200,83.7017,,6006,13108,34667.0000,35376.6000,34863.8000,75.0000,114.0000,128.2000,-24715,401,128246,129096,128154,0,0,54,113,162,81,128359,129258,128289,0.000,
2021/04/27,82.10,82.80,81.60,81.70,-0.40,-0.4872,82.4400,82.7500,82.6900,83.6633,,6299,10179,34676.0000,35041.2000,34961.9000,74.0000,90.6000,121.5000,-24608,107,127862,128155,128249,0,0,16,99,130,91,127961,128285,128356,0.000,
2021/04/28,82.00,82.20,81.00,81.30,-0.40,-0.4896,82.0200,82.7600,82.5800,83.6017,,6136,7496,34583.0000,34826.6000,35029.7000,69.0000,74.6000,115.6000,-24468,140,127632,127904,128410,0,0,8,107,123,102,127739,128027,128520,0.000,
2021/04/29,81.30,81.90,80.60,80.80,-0.50,-0.615,81.7200,82.6200,82.4700,83.5283,,5356,6075,34569.0000,34678.2000,35041.6000,57.0000,70.6000,107.8000,-24715,-247,126753,127601,128453,0,0,0,117,118,114,126870,127719,128567,0.000,
2021/05/03,81.00,81.10,77.50,77.90,-2.90,-3.5891,80.7600,82.2200,82.2600,83.3550,,11649,7089,33711.0000,34441.2000,34957.1000,89.0000,72.8000,103.1000,-25381,-666,125769,127252,128342,0,0,0,0,88,114,125769,127340,128456,0.000,
2021/05/04,78.10,78.30,70.90,73.00,-4.90,-6.2901,78.9400,81.1200,81.8250,83.1350,,14158,8719,33306.0000,34169.0000,34772.8000,194.0000,96.6000,105.3000,-26205,-824,126747,126953,128024,0,0,0,0,65,114,126747,127018,128138,0.000,
2021/05/05,73.00,74.20,72.00,72.00,-1.00,-1.3699,77.0000,79.7200,81.2800,82.9383,,5487,8557,33406.0000,33915.0000,34478.1000,149.0000,111.6000,101.1000,-26069,136,125344,126449,127302,0,0,0,0,45,88,125344,126494,127390,0.000,
2021/05/06,72.60,74.00,72.10,72.90,0.90,1.25,75.3200,78.6700,80.7900,82.7383,,4717,8273,33689.0000,33736.2000,34281.4000,152.0000,128.2000,101.4000,-26122,-53,124973,125917,126911,0,0,0,0,24,73,124973,125941,126984,0.000,
2021/05/07,73.80,75.40,73.50,74.90,2.00,2.7435,74.1400,77.9300,80.3900,82.6017,,3866,7975,33610.0000,33544.4000,34111.3000,63.0000,129.4000,100.0000,-25468,654,125927,125752,126677,0,0,0,1,0,59,125929,125753,126736,0.000,
2021/05/10,75.10,77.30,74.00,76.30,1.40,1.8692,73.8200,77.2900,80.0250,82.4983,,5656,6776,33592.0000,33520.6000,33980.9000,132.0000,138.0000,105.4000,-25339,129,127150,126029,126641,3,1,0,0,0,44,127153,126030,126685,0.000,
2021/05/11,75.20,75.20,70.70,71.20,-5.10,-6.6841,73.4600,76.2000,79.4700,82.3383,,8220,5589,33471.0000,33553.6000,33861.3000,135.0000,126.2000,111.4000,-26193,-854,127104,126100,126526,3,1,1,0,0,33,127107,126102,126560,0.000,
2021/05/12,71.20,71.20,64.10,64.20,-7.00,-9.8315,71.9000,74.4500,78.6000,82.0550,,16231,7738,31606.0000,33193.6000,33554.3000,50.0000,106.4000,109.0000,-27172,-979,124876,126007,126228,3,2,1,0,0,23,124879,126009,126251,0.000,
2021/05/13,60.50,64.40,58.40,61.80,-2.40,-3.7383,69.6800,72.5000,77.6300,81.7450,,11341,9062,30611.0000,32578.0000,33157.1000,82.0000,92.4000,110.3000,-27510,-338,126401,126292,126105,0,2,1,0,0,12,126401,126294,126118,0.000,
2021/05/14,64.00,64.70,60.80,61.80,0.00,0.00,67.0600,70.6000,76.6100,81.4417,,7392,9768,30454.0000,31946.8000,32745.6000,141.0000,108.0000,118.7000,-27519,-9,124233,125953,125853,0,2,1,0,0,0,124233,125955,125854,0.000,
2021/05/17,57.40,67.80,57.40,64.80,3.00,4.8544,64.7600,69.2900,75.7550,81.1783,,18986,12434,29395.0000,31107.4000,32314.0000,516.0000,184.8000,161.4000,-28459,-940,131847,126893,126461,2,2,1,10,2,1,131860,126896,126463,0.000,
2021/05/18,66.20,68.70,64.00,68.20,3.40,5.2469,64.1600,68.8100,74.9650,80.9117,,12765,13343,29185.0000,30250.2000,31901.9000,400.0000,237.8000,182.0000,-27358,1101,130755,127623,126862,2,1,1,17,6,3,130775,127630,126866,0.000,
2021/05/19,68.20,68.80,66.20,66.80,-1.40,-2.0528,64.6800,68.2900,74.0050,80.6283,,6500,11396,28861.0000,29701.2000,31447.4000,424.0000,312.6000,209.5000,-27229,129,130253,128698,127353,2,1,1,23,10,5,130279,128710,127359,0.000,
2021/05/20,67.60,69.80,66.40,69.10,2.30,3.4431,66.1400,67.9100,73.2900,80.3800,,9359,11000,28540.0000,29287.0000,30932.5000,516.0000,399.4000,245.9000,-27655,-426,132276,129873,128083,2,2,2,0,10,5,132278,129885,128090,0.000,
2021/05/21,70.90,71.50,68.60,69.30,0.20,0.2894,67.6400,67.3500,72.6400,80.1150,,6108,10743,28925.0000,28981.2000,30464.0000,491.0000,469.4000,288.7000,-26845,810,130556,131138,128546,2,2,2,9,12,6,130567,131152,128554,0.000,
2021/05/24,68.10,71.00,68.10,70.90,1.60,2.3088,68.8600,66.8100,72.0500,79.8717,,3746,7695,28666.0000,28835.4000,29971.4000,492.0000,464.6000,324.7000,-26431,414,131572,131083,128988,2,2,2,10,12,7,131585,131097,128997,0.000,
2021/05/25,71.00,71.60,70.50,70.80,-0.10,-0.141,69.3800,66.7700,71.4850,79.6267,,5565,6255,28450.0000,28688.4000,29469.3000,491.0000,482.8000,360.3000,-26045,386,131710,131274,129448,2,2,2,0,9,7,131712,131285,129457,0.000,
2021/05/26,71.40,73.50,71.20,73.10,2.30,3.2486,70.6400,67.6600,71.0550,79.4100,,5450,6045,28523.0000,28620.8000,29161.0000,524.0000,502.8000,407.7000,-25766,279,133575,131938,130318,2,2,2,36,11,11,133613,131952,130331,0.000,
2021/05/27,73.20,73.90,72.10,73.10,0.00,0.00,71.4400,68.7900,70.6450,79.1983,,3863,4946,28488.0000,28610.4000,28948.7000,498.0000,499.2000,449.3000,-25866,-100,133698,132223,131048,2,2,2,15,14,12,133715,132239,131062,0.000,
2021/05/28,73.90,76.20,73.60,76.00,2.90,3.9672,72.7800,70.2100,70.4050,79.0533,,6476,5020,29480.0000,28721.4000,28851.3000,557.0000,512.4000,490.9000,-25195,671,134860,133083,132111,2,2,2,18,16,14,134880,133101,132127,0.000,
2021/05/31,77.40,77.40,74.70,75.50,-0.50,-0.6579,73.7000,71.2800,70.2850,78.8633,,5278,5326,29748.0000,28937.8000,28886.6000,518.0000,517.6000,491.1000,-25004,191,133747,133518,132301,2,2,2,17,17,15,133766,133538,132317,0.000,
2021/06/01,75.80,77.50,75.50,75.90,0.40,0.5298,74.7200,72.0500,70.4300,78.6617,,4431,5099,29397.0000,29127.2000,28907.8000,519.0000,523.2000,503.0000,-24443,561,134646,134105,132690,8,3,3,114,40,25,134768,134149,132717,0.000,
2021/06/02,76.50,76.80,74.80,76.30,0.40,0.527,75.3600,73.0000,70.6450,78.5000,,4772,4964,29218.0000,29266.2000,28943.5000,502.0000,518.8000,510.8000,-24504,-61,136084,134607,133273,8,4,3,214,76,44,136306,134688,133320,0.000,
2021/06/03,76.50,77.90,76.20,76.50,0.20,0.2621,76.0400,73.7400,70.8250,78.3900,,4831,5157,28524.0000,29273.4000,28941.9000,506.0000,520.4000,509.8000,-24169,335,137515,135371,133797,8,6,4,213,116,65,137737,135492,133865,0.000,
2021/06/04,76.10,76.30,75.00,75.10,-1.40,-1.8301,75.8600,74.3200,70.8350,78.2700,,3087,4479,28057.0000,28988.8000,28855.1000,487.0000,506.4000,509.4000,-24653,-484,137900,135979,134531,8,7,4,252,162,89,138161,136148,134625,0.000,
2021/06/07,76.20,77.00,73.60,77.00,1.90,2.53,76.1600,74.9300,70.8700,78.1783,,4456,4315,28572.0000,28753.6000,28845.7000,476.0000,498.0000,507.8000,-24964,-311,138541,136938,135228,8,8,5,228,205,111,138778,137150,135344,0.000,
2021/06/08,77.50,78.00,76.00,76.10,-0.90,-1.1688,76.2000,75.4600,71.1150,78.0500,,3483,4125,28230.0000,28520.2000,28823.7000,482.0000,490.6000,506.9000,-24834,130,137910,137591,135848,8,8,6,15,185,113,137933,137783,135966,0.000,
2021/06/09,75.80,76.60,74.50,74.60,-1.50,-1.9711,75.8600,75.6100,71.6350,77.8983,,3534,3878,27985.0000,28273.6000,28769.9000,475.0000,485.2000,502.0000,-25184,-350,136904,137755,136181,8,8,6,14,145,110,136926,137907,136298,0.000,
2021/06/10,74.80,75.60,74.40,75.20,0.60,0.8043,75.6000,75.8200,72.3050,77.7400,,1955,3303,27916.0000,28152.0000,28712.7000,446.0000,473.2000,496.8000,-24871,313,137646,137781,136576,8,8,7,17,106,111,137671,137894,136693,0.000,
2021/06/11,75.40,76.40,75.40,76.30,1.10,1.4628,75.8400,75.8500,73.0300,77.5950,,2372,3160,27842.0000,28109.0000,28548.9000,455.0000,466.8000,486.6000,-24856,15,138725,137946,136962,8,8,7,49,65,114,138782,138019,137083,0.000,
2021/06/15,77.00,77.50,76.30,77.50,1.20,1.5727,75.9400,76.0500,73.6650,77.4733,,3149,2898,27894.0000,27973.4000,28363.5000,460.0000,463.6000,480.8000,-24605,251,139511,138140,137539,8,8,8,52,30,117,139572,138177,137664,0.000,
2021/06/16,77.20,77.80,76.60,76.60,-0.90,-1.1613,76.0400,76.1200,74.0850,77.3217,,3004,2802,27842.0000,27895.8000,28208.0000,462.0000,459.6000,475.1000,-24907,-302,139545,138467,138029,8,8,8,165,60,122,139719,138534,138159,0.000,
2021/06/17,76.10,80.00,75.90,80.00,3.40,4.4386,77.1200,76.4900,74.7450,77.2600,,8211,3738,28370.0000,27972.8000,28123.2000,462.0000,457.0000,471.1000,-24457,450,140676,139221,138488,8,8,8,230,103,124,140915,139332,138620,0.000,
2021/06/18,81.70,82.40,78.20,78.20,-1.80,-2.25,77.7200,76.6600,75.2000,77.1550,,12958,5938,28875.0000,28164.6000,28158.3000,447.0000,457.2000,465.2000,-24662,-205,137563,139204,138493,118,30,19,239,148,127,137921,139382,138638,0.000,
2021/06/21,78.30,81.00,78.30,79.70,1.50,1.9182,78.4000,77.1200,75.7200,77.0817,,9737,7411,28589.0000,28314.0000,28211.5000,342.0000,434.6000,450.7000,-25183,-521,138729,139205,138575,119,52,30,208,180,122,139057,139437,138728,0.000,
2021/06/22,80.30,81.20,78.80,79.40,-0.30,-0.3764,78.7800,77.3600,76.1450,77.0200,,4942,7770,28750.0000,28485.2000,28229.3000,338.0000,410.2000,436.9000,-25020,163,138166,138936,138538,119,74,41,210,211,120,138495,139222,138700,0.000,
2021/06/23,79.80,80.40,79.30,79.40,0.00,0.00,79.3400,77.6900,76.5750,76.9600,,3709,7911,28756.0000,28668.0000,28281.9000,322.0000,382.2000,420.9000,-24570,450,138807,138789,138628,119,97,52,436,265,163,139362,139150,138842,0.000,
2021/06/24,80.60,80.70,79.40,79.70,0.30,0.3778,79.2800,78.2000,76.9050,76.8833,,3889,7047,28679.0000,28729.8000,28351.3000,316.0000,353.0000,405.0000,-24094,476,139323,138518,138869,123,120,64,486,316,210,139932,138954,139143,0.000,
2021/06/25,80.50,81.40,79.30,79.60,-0.10,-0.1255,79.5600,78.6400,77.2300,76.8183,,4827,5420,28682.0000,28691.2000,28427.9000,317.0000,327.0000,392.1000,-24049,45,139749,138955,139080,123,121,75,521,373,260,140393,139448,139415,0.000,
2021/06/28,79.20,79.60,78.10,78.20,-1.40,-1.7588,79.2600,78.8300,77.3400,76.7383,,4508,4375,28742.0000,28721.8000,28517.9000,315.0000,321.6000,378.1000,-23848,201,139674,139144,139175,123,121,87,527,436,308,140325,139702,139569,0.000,
2021/06/29,78.20,78.30,77.20,77.50,-0.70,-0.8951,78.8800,78.8300,77.4400,76.6617,,4349,4256,28625.0000,28696.8000,28591.0000,316.0000,317.2000,363.7000,-24289,-441,139974,139506,139221,123,122,98,512,497,354,140610,140125,139673,0.000,
2021/06/30,78.40,79.10,78.10,78.50,1.00,1.2903,78.7000,79.0200,77.5700,76.6083,,2741,4062,28536.0000,28652.8000,28660.4000,311.0000,315.0000,348.6000,-23880,409,141106,139966,139377,123,123,110,528,515,390,141758,140604,139877,0.000,
2021/07/01,78.70,79.20,76.50,76.70,-1.80,-2.293,78.1000,78.6900,77.5900,76.5050,,3832,4051,28568.0000,28630.6000,28680.2000,311.0000,314.0000,333.5000,-24203,-323,140101,140121,139320,125,123,121,506,519,418,140733,140764,139859,0.000,
2021/07/02,77.00,78.70,76.60,77.80,1.10,1.4342,77.7400,78.6500,77.6550,76.4233,,2880,3662,28421.0000,28578.4000,28634.8000,313.0000,313.2000,320.1000,-24030,173,141050,140381,139668,125,124,122,516,518,446,141691,141024,140236,0.000,
2021/07/05,78.70,79.60,78.20,79.10,1.30,1.671,77.9200,78.5900,77.8550,76.3600,,3064,3373,28448.0000,28519.6000,28620.7000,296.0000,309.4000,315.5000,-23451,579,141719,140790,139967,125,124,123,527,518,477,142371,141433,140567,0.000,
2021/07/06,79.10,79.30,78.00,78.00,-1.10,-1.3906,78.0200,78.4500,77.9050,76.2667,,2521,3007,28204.0000,28435.4000,28566.1000,295.0000,305.2000,311.2000,-23609,-158,141625,141121,140313,125,125,123,0,416,456,141750,141661,140893,0.000,
2021/07/07,78.40,78.40,76.90,77.00,-1.00,-1.2821,77.7200,78.2100,77.9500,76.1783,,3330,3125,28169.0000,28362.0000,28507.4000,291.0000,301.2000,308.1000,-23745,-136,141103,141120,140543,125,125,124,0,310,413,141228,141555,141079,0.000,
2021/07/08,77.40,78.20,77.10,77.10,0.10,0.1299,77.8000,77.9500,78.0750,76.1033,79.8917,1780,2715,28148.0000,28278.0000,28454.3000,290.0000,297.0000,305.5000,-23467,278,141519,141404,140762,123,125,124,527,314,417,142170,141842,141303,0.000,
2021/07/09,77.00,77.70,76.30,76.30,-0.80,-1.0376,77.5000,77.6200,78.1300,76.0217,79.7692,2812,2701,28190.0000,28231.8000,28405.1000,280.0000,290.4000,301.8000,-23797,-330,140709,141335,140858,123,124,124,488,309,414,141322,141769,141396,0.000,
2021/07/12,77.70,78.80,77.10,78.30,2.00,2.6212,77.3400,77.6300,78.2300,75.9567,79.7233,4308,2950,28132.0000,28168.6000,28344.1000,266.0000,284.4000,296.9000,-23663,134,142335,141459,141125,126,125,125,529,309,414,142991,141893,141663,0.000,
2021/07/13,78.70,79.20,77.20,77.50,-0.80,-1.0217,77.2400,77.6300,78.2300,75.8833,79.6650,3760,3198,28136.0000,28155.0000,28295.2000,266.0000,278.6000,291.9000,-23994,-331,142696,141673,141397,126,125,125,551,419,418,143374,142217,141939,0.000,
2021/07/14,78.00,78.00,75.50,75.90,-1.60,-2.0645,77.0200,77.3700,78.1950,75.7483,79.6075,4777,3487,28168.0000,28154.8000,28258.4000,271.0000,274.6000,287.9000,-24185,-191,140961,141645,141382,126,126,125,461,512,411,141550,142282,141918,0.000,
2021/07/15,76.10,76.50,75.60,76.00,0.10,0.1318,76.8000,77.3000,77.9950,75.5817,79.5958,2104,3552,28258.0000,28176.8000,28227.4000,271.0000,270.8000,283.9000,-23650,535,141145,141570,141487,126,126,125,0,406,360,141272,142102,141972,0.000,
2021/07/16,75.20,77.10,75.20,76.00,0.00,0.00,76.7400,77.1200,77.8850,75.4583,79.5583,1843,3358,28160.0000,28170.8000,28201.3000,287.0000,272.2000,281.3000,-23534,116,141856,141799,141567,126,127,126,454,399,354,142438,142325,142047,0.000,
2021/07/19,75.50,76.10,74.70,74.80,-1.20,-1.5789,76.0400,76.6900,77.6400,75.3333,79.4958,3546,3206,28377.0000,28219.8000,28194.2000,286.0000,276.2000,280.3000,-23457,77,140579,141448,141453,125,127,126,454,384,347,141159,141959,141926,0.000,
2021/07/20,73.60,74.10,71.40,72.10,-2.70,-3.6096,74.9600,76.1000,77.2750,75.1567,79.4308,5026,3459,28432.0000,28279.0000,28217.0000,276.0000,278.2000,278.4000,-24131,-674,139282,140765,141219,125,126,126,450,364,392,139858,141256,141737,0.000,
2021/07/21,73.90,73.90,71.00,71.20,-0.90,-1.2483,74.0200,75.5200,76.8650,74.9750,79.3383,3649,3233,28421.0000,28329.6000,28242.2000,245.0000,273.0000,273.8000,-24455,-324,139275,140428,141036,204,142,134,559,384,448,140040,140954,141618,0.000,
2021/07/22,72.40,76.40,72.40,75.20,4.00,5.618,73.8600,75.3300,76.6400,74.8667,79.2650,5885,3989,29178.0000,28513.6000,28345.2000,276.0000,274.0000,272.4000,-24108,347,140804,140360,140965,204,158,142,574,499,452,141583,141016,141559,0.000,
2021/07/23,76.70,82.70,76.00,80.20,5.00,6.6489,74.7000,75.7200,76.6700,74.8483,79.2250,36589,10939,33025.0000,29486.6000,28828.7000,305.0000,277.6000,274.9000,-23680,428,146569,141302,141551,204,173,150,709,550,474,147483,142025,142175,0.000,
2021/07/26,81.50,82.50,79.50,82.30,2.10,2.6185,76.2000,76.1200,76.8750,74.8733,79.2008,16933,13616,32331.0000,30277.4000,29248.6000,300.0000,280.4000,278.3000,-23578,102,146540,142495,141971,424,233,180,756,610,497,147721,143337,142648,0.000,
2021/07/27,83.70,85.00,81.00,81.70,-0.60,-0.729,78.1200,76.5400,77.0850,74.9367,79.1458,23481,17307,32240.0000,31039.0000,29659.0000,303.0000,285.8000,282.0000,-24103,-525,146197,143877,142321,1203,449,287,835,687,526,148236,145013,143134,0.000,
2021/07/28,82.00,82.30,76.60,79.40,-2.30,-2.8152,79.7600,76.8900,77.1300,75.0433,79.0892,11107,18799,31407.0000,31636.2000,29982.9000,270.0000,290.8000,281.9000,-24702,-599,146487,145320,142874,1368,681,412,924,760,572,148780,146761,143857,0.000,
2021/07/29,80.80,84.00,80.80,83.80,4.40,5.5416,81.4800,77.6700,77.4850,75.2400,79.0892,19137,21449,33379.0000,32476.4000,30495.0000,337.0000,303.0000,288.5000,-24112,590,148922,146943,143652,1920,1025,591,971,839,669,151814,148807,144912,0.000,
2021/07/30,84.40,86.50,81.50,82.00,-1.80,-2.148,81.8400,78.2700,77.6950,75.3917,79.0650,27356,19602,34633.0000,32798.0000,31142.3000,287.0000,299.4000,288.5000,-24470,-358,145392,146708,144005,2520,1488,830,1031,904,727,148944,149100,145562,0.000,
2021/08/02,83.40,84.60,82.40,84.30,2.30,2.8049,82.2400,79.2200,77.9550,75.5483,79.0750,13770,18970,34048.0000,33141.4000,31709.4000,307.0000,300.8000,290.6000,-24053,417,147032,146806,144650,2621,1927,1080,1220,997,803,150874,149730,146534,0.000,
2021/08/03,84.90,85.40,83.10,83.50,-0.80,-0.949,82.6000,80.3600,78.2300,75.6683,79.0833,7624,15798,34356.0000,33564.6000,32301.8000,306.0000,301.4000,293.6000,-24029,24,145846,146736,145307,2972,2281,1365,1300,1090,888,150119,150107,147560,0.000,
2021/08/04,84.40,84.70,83.20,84.40,0.90,1.0778,83.6000,81.6800,78.6000,75.8883,79.1133,8997,15376,34193.0000,34121.8000,32879.0000,227.0000,292.8000,291.8000,-23979,50,148859,147211,146265,3209,2649,1665,1241,1153,956,153310,151013,148887,0.000,
2021/08/05,85.10,86.10,83.80,84.00,-0.40,-0.4739,83.6400,82.5600,78.9450,76.2183,79.1367,13044,14158,34702.0000,34386.4000,33431.4000,259.0000,277.2000,290.1000,-24217,-238,147574,146941,146942,3209,2907,1966,1251,1209,1024,152035,151057,149932,0.000,
2021/08/06,83.00,83.30,80.50,80.80,-3.20,-3.8095,83.4000,82.6200,79.1700,76.5350,79.1400,12112,11109,32894.0000,34038.6000,33418.3000,228.0000,265.4000,282.4000,-24385,-168,146644,147191,146950,3209,3045,2266,1138,1230,1067,150992,151466,150283,0.000,
2021/08/09,79.80,80.80,77.30,77.40,-3.40,-4.2079,82.0200,82.1300,79.1250,76.7950,79.1183,11564,10668,32810.0000,33791.0000,33466.2000,206.0000,245.2000,273.0000,-24830,-445,145602,146905,146856,3209,3162,2545,1089,1204,1100,149901,151272,150501,0.000,
2021/08/10,77.40,78.00,74.00,74.90,-2.50,-3.23,80.3000,81.4500,78.9950,76.9633,79.0708,9912,11125,31053.0000,33130.4000,33347.5000,178.0000,219.6000,260.5000,-25350,-520,145723,146881,146808,3209,3210,2745,1099,1164,1127,150032,151255,150681,0.000,
2021/08/11,75.90,76.20,73.10,73.90,-1.00,-1.3351,78.2000,80.9000,78.8950,77.0583,78.9850,7858,10898,30751.0000,32442.0000,33281.9000,163.0000,206.8000,249.8000,-25891,-541,145083,146125,146668,3609,3290,2969,1102,1136,1145,149795,150551,150782,0.000,
2021/08/12,75.10,76.00,74.30,76.00,2.10,2.8417,76.6000,80.1200,78.8950,77.2117,78.9200,4468,9182,31668.0000,31835.2000,33110.8000,170.0000,189.0000,233.1000,-25562,329,143161,145243,146092,3609,3370,3138,1112,1109,1159,147883,149721,150389,0.000,
2021/08/13,83.60,83.60,80.50,81.40,5.40,7.1053,76.7200,80.0600,79.1650,77.4167,78.8983,44308,15622,33128.0000,31882.0000,32960.3000,600.0000,263.4000,264.4000,-26194,-632,144413,144797,145994,6082,3944,3495,1068,1095,1163,151564,149835,150651,0.000,
2021/08/16,81.30,84.00,80.70,83.90,2.50,3.0713,78.0200,80.0200,79.6200,77.6600,78.8875,29362,19181,33238.0000,31967.6000,32879.3000,969.0000,416.0000,330.6000,-26850,-656,145793,144835,145870,8064,4915,4039,1134,1104,1154,154993,150854,151063,0.000,
2021/08/17,84.30,85.60,83.00,84.00,0.10,0.1192,79.8400,80.0700,80.2150,77.8783,78.8750,31555,23510,33961.0000,32549.2000,32839.8000,888.0000,558.0000,388.8000,-27375,-525,149608,145612,146246,8371,5948,4579,1122,1108,1136,159102,152668,151961,0.000,
2021/08/18,83.00,83.50,78.00,81.20,-2.80,-3.3333,81.3000,79.7500,80.7150,78.0517,78.8392,29252,27789,33814.0000,33161.8000,32801.9000,373.0000,600.0000,403.4000,-26773,602,142674,145130,145628,8294,6885,5087,1005,1089,1113,151975,153104,151828,0.000,
2021/08/19,80.00,80.00,74.90,74.90,-6.30,-7.7586,81.0800,78.8400,80.7000,78.0817,78.7458,23063,31508,32115.0000,33251.2000,32543.2000,493.0000,664.6000,426.8000,-27568,-795,139985,144495,144869,8594,7882,5626,1115,1089,1099,149695,153466,151594,0.000,
2021/08/20,75.30,76.40,73.10,73.30,-1.60,-2.1362,79.4600,78.0900,80.3550,78.0850,78.6417,12550,25156,32001.0000,33025.8000,32453.9000,656.0000,675.8000,469.6000,-27603,-35,135269,142667,143732,8594,8384,6164,1151,1106,1100,145016,152157,150996,0.000,
2021/08/23,74.50,75.70,73.80,75.70,2.40,3.2742,77.8200,77.9200,80.0250,78.0800,78.5667,8040,20892,32269.0000,32832.0000,32399.8000,357.0000,553.4000,484.7000,-26749,854,132990,140106,142470,8594,8490,6703,1364,1152,1128,142949,149748,150301,0.000,
2021/08/24,76.50,76.50,73.60,73.90,-1.80,-2.3778,75.8000,77.8200,79.6350,78.0533,78.4583,9611,16503,32462.0000,32532.2000,32540.7000,342.0000,444.2000,501.1000,-26761,-12,130980,136380,140996,8594,8535,7241,1179,1163,1136,140754,146078,149373,0.000,
2021/08/25,74.40,77.10,74.30,76.50,2.60,3.5183,74.8600,78.0800,79.4900,78.0633,78.3625,11130,12878,32368.0000,32243.0000,32702.4000,307.0000,431.0000,515.5000,-26196,565,130175,133880,139505,8975,8671,7778,1417,1246,1167,140567,143797,148450,0.000,
2021/08/26,76.90,77.40,74.80,75.20,-1.30,-1.6993,74.9200,78.0000,79.0600,78.0450,78.2725,6814,9629,32925.0000,32405.0000,32828.1000,298.0000,392.0000,528.3000,-26328,-132,128860,131655,138075,8978,8748,8315,1540,1331,1210,139379,141734,147600,0.000,
2021/08/27,75.20,76.30,74.60,76.10,0.90,1.1968,75.4800,77.4700,78.7650,78.0383,78.2142,5034,8125,32890.0000,32582.8000,32804.3000,291.0000,319.0000,497.4000,-26031,297,128236,130248,136457,8978,8825,8604,1606,1422,1264,138821,140495,146326,0.000,
2021/08/30,76.60,76.90,75.80,76.30,0.20,0.2628,75.6000,76.7100,78.3650,78.0583,78.1642,3018,7121,32923.0000,32713.6000,32772.8000,311.0000,309.8000,431.6000,-25685,346,127960,129242,134674,8899,8886,8688,1640,1477,1314,138500,139605,144676,0.000,
2021/08/31,77.10,78.20,76.50,77.30,1.00,1.3106,76.2800,76.0400,78.0550,78.0633,78.1208,9380,7075,33737.0000,32968.6000,32750.4000,271.0000,295.6000,369.9000,-25551,134,127035,128453,132417,8463,8859,8697,1687,1578,1371,137187,138891,142485,0.000,
2021/09/01,76.70,78.40,76.20,78.30,1.00,1.2937,76.6400,75.7500,77.7500,78.1000,78.0750,6621,6173,33075.0000,33110.0000,32676.5000,298.0000,293.8000,362.4000,-25252,299,128742,128167,131024,8755,8815,8743,1683,1632,1439,139181,138614,141205,0.000,
2021/09/02,78.80,79.10,76.80,76.80,-1.50,-1.9157,76.9600,75.9400,77.3900,78.1367,78.0175,7132,6237,32564.0000,33037.8000,32721.4000,286.0000,291.4000,341.7000,-25793,-541,127925,127980,129818,8038,8627,8688,1545,1633,1482,137509,138240,139987,0.000,
2021/09/03,77.50,77.60,75.90,76.60,-0.20,-0.2604,77.0600,76.2700,77.1800,78.1600,77.9500,5930,6416,31581.0000,32776.0000,32679.4000,280.0000,289.2000,304.1000,-25400,393,128764,128085,129167,7393,8310,8567,1569,1625,1523,137727,138021,139258,0.000,
2021/09/06,76.90,76.90,74.20,74.20,-2.40,-3.1332,76.6400,76.1200,77.0200,78.1250,77.8600,6319,7076,31284.0000,32448.2000,32580.9000,283.0000,283.6000,296.7000,-25996,-596,126678,127829,128536,7222,7975,8430,1337,1565,1521,135238,137369,138487,0.000,
2021/09/07,74.90,75.60,73.80,74.30,0.10,0.1348,76.0400,76.1600,76.9900,78.0717,77.7725,4933,6187,31317.0000,31964.2000,32466.4000,281.0000,285.6000,290.6000,-26184,-188,126045,127631,128042,7265,7736,8297,1262,1480,1529,134573,136846,137869,0.000,
2021/09/08,74.10,74.30,71.40,72.00,-2.30,-3.0956,74.7800,75.7100,76.8950,77.9950,77.6583,7622,6387,30711.0000,31491.4000,32300.7000,354.0000,296.8000,295.3000,-26845,-661,125174,126917,127542,6526,7290,8053,1079,1359,1495,132780,135566,137090,0.000,
2021/09/09,71.50,72.90,71.40,72.80,0.80,1.1111,73.9800,75.4700,76.7350,77.8750,77.5675,2996,5560,30554.0000,31089.4000,32063.6000,381.0000,315.8000,303.6000,-26496,349,125095,126351,127166,6445,6971,7799,1087,1267,1450,132628,134590,136415,0.000,
2021/09/10,73.10,73.90,72.60,73.80,1.00,1.3736,73.4200,75.2400,76.3550,77.8017,77.4783,2302,4834,30482.0000,30869.6000,31822.8000,302.0000,320.2000,304.7000,-26029,467,125416,125682,126884,6445,6782,7546,1088,1171,1398,132951,133635,135828,0.000,
2021/09/13,73.90,74.20,73.00,73.10,-0.70,-0.9485,73.2000,74.9200,75.8150,77.6917,77.3867,2124,3995,30638.0000,30740.4000,31594.3000,313.0000,326.2000,304.9000,-25865,164,124616,125270,126549,6445,6626,7301,1070,1118,1341,132132,133013,135191,0.000,
2021/09/14,73.50,74.00,72.90,73.80,0.70,0.9576,73.1000,74.5700,75.3050,77.5983,77.3092,2162,3441,30593.0000,30595.6000,31279.9000,293.0000,328.6000,307.1000,-25896,-31,124365,124934,126282,6445,6462,7099,1122,1090,1285,131933,132486,134666,0.000,
2021/09/15,73.80,74.10,71.60,71.80,-2.00,-2.71,73.0600,73.9200,74.8350,77.4717,77.2158,6593,3235,30544.0000,30562.2000,31026.8000,470.0000,351.8000,324.3000,-26087,-191,122965,124492,125705,5914,6340,6815,883,1050,1205,129764,131882,133724,0.000,
2021/09/16,72.10,72.30,70.80,71.10,-0.70,-0.9749,72.7200,73.3500,74.6450,77.3283,77.1058,3897,3415,30069.0000,30465.2000,30777.3000,572.0000,390.0000,352.9000,-26235,-148,122658,124005,125178,5550,6161,6566,816,996,1132,129026,131162,132876,0.000,
2021/09/17,71.20,72.20,70.00,71.80,0.70,0.9845,72.3200,72.8700,74.5700,77.1983,77.0083,5143,3983,30035.0000,30375.8000,30622.7000,580.0000,445.6000,382.9000,-26092,143,123287,123579,124630,5016,5875,6328,816,942,1056,129120,130396,132015,0.000,
2021/09/22,70.40,70.50,69.60,69.80,-2.00,-2.7855,71.6600,72.4300,74.2750,77.0583,76.8983,4896,4538,30066.0000,30261.4000,30500.9000,438.0000,470.6000,398.4000,-26826,-734,121664,122988,124129,4291,5444,6035,725,873,995,126681,129305,131159,0.000,
2021/09/23,70.80,71.50,69.00,69.60,-0.20,-0.2865,70.8200,71.9600,74.0600,76.9267,76.7942,5352,5176,30323.0000,30207.4000,30401.5000,502.0000,512.4000,420.5000,-26313,513,122163,122548,123741,2990,4753,5608,725,793,941,125879,128095,130290,0.000,
2021/09/24,70.40,72.80,70.40,72.40,2.80,4.023,70.9400,72.0000,73.8550,76.8250,76.7167,5404,4938,30011.0000,30100.8000,30331.5000,494.0000,517.2000,434.5000,-25867,446,125242,123003,123748,3013,4173,5256,753,767,909,129010,127944,129913,0.000,
2021/09/27,72.60,73.40,72.20,72.30,-0.10,-0.1381,71.1800,71.9500,73.7100,76.7517,76.6283,3452,4849,30023.0000,30091.6000,30278.4000,661.0000,535.0000,462.5000,-25618,249,125631,123598,123801,2805,3624,4892,775,759,878,129213,127981,129571,0.000,
2021/09/28,72.00,72.00,71.10,71.20,-1.10,-1.5214,71.0600,71.6900,73.4650,76.6417,76.5325,2110,4242,30056.0000,30095.8000,30235.8000,623.0000,543.6000,494.6000,-25807,-189,124789,123898,123739,2805,3182,4528,763,749,845,128359,127829,129112,0.000,
2021/09/29,70.00,70.50,69.50,70.00,-1.20,-1.6854,71.1000,71.3800,73.1500,76.4900,76.4250,3768,4017,29778.0000,30038.2000,30149.8000,572.0000,570.4000,520.5000,-26500,-693,124734,124512,123750,2805,2885,4164,662,736,805,128203,128133,128719,0.000,
2021/09/30,70.30,71.10,69.40,71.00,1.00,1.4286,71.3800,71.1000,72.8350,76.3733,76.3200,2592,3465,29806.0000,29934.8000,30071.1000,385.0000,547.0000,529.7000,-25951,549,124978,125075,123812,2828,2852,3803,655,722,758,128462,128650,128372,0.000,
2021/10/01,70.40,70.40,68.00,68.10,-2.90,-4.0845,70.5200,70.7300,72.3250,76.2250,76.2017,4824,3349,29760.0000,29884.6000,29992.7000,351.0000,518.4000,517.8000,-26820,-869,123194,124666,123835,2297,2709,3441,616,695,731,126108,128069,128007,0.000,
2021/10/04,68.70,69.60,67.00,67.10,-1.00,-1.4684,69.4800,70.3300,71.8400,76.0583,76.0808,4499,3558,29739.0000,29827.8000,29959.7000,386.0000,463.4000,499.2000,-27360,-540,124823,124504,124051,2297,2607,3116,640,668,713,127762,127779,127880,0.000,
2021/10/05,65.60,68.90,65.50,68.90,1.80,2.6826,69.0200,70.0400,71.4550,75.9350,75.9783,3696,3875,29639.0000,29744.4000,29920.1000,351.0000,409.0000,476.3000,-26970,390,125943,124735,124317,2297,2506,2844,615,638,693,128856,127879,127854,0.000,
2021/10/06,68.90,69.00,65.90,67.00,-1.90,-2.7576,68.4200,69.7600,71.0950,75.7467,75.8517,5341,4190,29616.0000,29712.0000,29875.1000,341.0000,362.8000,466.6000,-27325,-355,125266,124841,124677,2297,2404,2644,529,612,674,128093,127857,127995,0.000,
2021/10/07,67.80,69.20,67.10,69.00,2.00,2.9851,68.0200,69.7000,70.8300,75.6050,75.7442,3447,4361,29606.0000,29672.0000,29803.4000,323.0000,350.4000,448.7000,-26457,868,126493,125144,125110,2322,2303,2577,632,607,665,129449,128054,128352,0.000,
2021/10/08,68.80,70.20,68.70,69.40,0.40,0.5797,68.2800,69.4000,70.7000,75.4967,75.6225,3038,4004,29388.0000,29597.6000,29741.1000,330.0000,346.2000,432.3000,-26538,-81,126437,125793,125229,2322,2308,2508,570,598,646,129331,128699,128384,0.000,
2021/10/12,68.60,69.20,67.80,67.90,-1.50,-2.1614,68.4400,68.9600,70.4550,75.3617,75.4717,2135,3531,29441.0000,29538.0000,29682.9000,329.0000,334.8000,399.1000,-27006,-468,125837,125996,125250,2322,2313,2460,545,579,623,128705,128887,128333,0.000,
2021/10/13,68.50,69.00,66.90,66.90,-1.00,-1.4728,68.0400,68.5300,70.1100,75.2100,75.3342,2118,3215,29499.0000,29510.0000,29627.2000,302.0000,325.0000,367.0000,-27424,-418,125296,125866,125301,2315,2316,2411,550,566,602,128162,128748,128314,0.000,
2021/10/14,67.10,67.80,66.40,67.50,0.60,0.8969,68.1400,68.2800,69.8300,75.0883,75.2108,2064,2560,29306.0000,29448.0000,29580.0000,301.0000,317.0000,339.9000,-27213,211,125533,125920,125381,2315,2320,2362,557,571,592,128406,128811,128334,0.000,
2021/10/15,68.10,70.50,68.10,70.40,2.90,4.2963,68.4200,68.2200,69.6600,75.0600,75.1083,4163,2703,29190.0000,29364.8000,29518.4000,328.0000,318.0000,334.2000,-26603,610,127391,126099,125622,2343,2324,2313,652,575,591,130387,128999,128526,0.000,
2021/10/18,71.50,71.70,69.80,70.20,-0.20,-0.2841,68.5800,68.4300,69.5800,75.0433,75.0092,3110,2718,29298.0000,29346.8000,29472.2000,304.0000,312.8000,329.5000,-26443,160,126980,126208,126001,2345,2329,2318,686,598,598,130012,129135,128917,0.000,
2021/10/19,71.20,73.00,70.80,72.50,2.30,3.2764,69.5000,68.9700,69.6500,74.9983,74.9325,6525,3596,29058.0000,29270.2000,29404.1000,294.0000,305.8000,320.3000,-25993,450,130393,127119,126558,2345,2333,2323,757,641,610,133496,130093,129490,0.000,
2021/10/20,73.30,73.50,71.90,72.60,0.10,0.1379,70.6400,69.3400,69.6900,74.8717,74.8600,3285,3829,29354.0000,29241.2000,29375.6000,289.0000,303.2000,314.1000,-25981,12,129449,127950,126908,2345,2339,2328,713,673,620,132508,130962,129855,0.000,
2021/10/21,72.50,73.00,70.90,71.80,-0.80,-1.1019,71.5000,69.8200,69.7900,74.6967,74.7850,3761,4168,29298.0000,29239.6000,29343.8000,279.0000,298.8000,307.9000,-25896,85,129683,128780,127350,2345,2345,2332,725,707,639,132755,131832,130322,0.000,
2021/10/22,72.00,73.30,71.30,72.60,0.80,1.1142,71.9400,70.1800,69.9400,74.5450,74.7408,2990,3934,29248.0000,29251.2000,29308.0000,291.0000,291.4000,304.7000,-26017,-121,131134,129528,127814,2345,2346,2335,733,723,649,134212,132597,130798,0.000,
2021/10/25,72.50,73.10,71.90,72.80,0.20,0.2755,72.4600,70.5200,69.9600,74.4350,74.7392,1768,3665,29156.0000,29222.8000,29284.8000,270.0000,284.6000,298.7000,-25732,285,131369,130406,128307,2345,2346,2337,710,728,663,134425,133480,131307,0.000,
2021/10/26,73.30,73.50,71.60,71.60,-1.20,-1.6484,72.2800,70.8900,69.9250,74.2317,74.7358,2953,2951,29001.0000,29211.4000,29240.8000,267.0000,279.2000,292.5000,-25458,274,131120,130551,128835,2350,2347,2340,705,718,679,134176,133616,131854,0.000,
2021/10/27,71.90,73.30,71.90,72.90,1.30,1.8156,72.3400,71.4900,70.0100,74.0800,74.7358,3343,2963,29262.0000,29193.0000,29217.1000,267.0000,274.8000,289.0000,-25336,122,131601,130982,129466,2355,2349,2344,869,749,711,134826,134079,132521,0.000,
2021/10/28,73.00,74.10,72.90,73.10,0.20,0.2743,72.6000,72.0500,70.1650,73.8933,74.7208,4559,3122,29371.0000,29207.6000,29223.6000,203.0000,259.6000,279.2000,-25288,48,132066,131458,130119,2355,2351,2348,1214,846,777,135636,134655,133244,0.000,
2021/10/29,74.00,74.00,72.50,73.00,-0.10,-0.1368,72.6800,72.3100,70.2650,73.7183,74.6933,2918,3108,29489.0000,29255.8000,29253.5000,191.0000,239.6000,265.5000,-25415,-127,131551,131542,130535,2355,2353,2349,1245,949,836,135153,134844,133720,0.000,
2021/11/01,74.00,76.80,73.60,76.80,3.80,5.2055,73.4800,72.9700,70.7000,73.5917,74.7400,9675,4689,29698.0000,29364.2000,29293.5000,207.0000,227.0000,255.8000,-25013,402,133746,132017,131212,2355,2355,2350,1499,1107,917,137601,135479,134479,0.000,
2021/11/02,77.00,77.60,74.50,74.80,-2.00,-2.6042,74.1200,73.2000,71.0850,73.4383,74.8283,9742,6047,29645.0000,29493.0000,29352.2000,191.0000,211.8000,245.5000,-25392,-379,131186,132031,131291,2392,2363,2355,1477,1261,989,135056,135655,134635,0.000,
2021/11/03,75.00,76.60,74.70,76.10,1.30,1.738,74.7600,73.5500,71.4450,73.3600,74.9475,4229,6224,29495.0000,29539.6000,29366.3000,183.0000,195.0000,234.9000,-25004,388,131965,132103,131543,2512,2394,2372,1885,1464,1107,136362,135962,135021,0.000,
2021/11/04,77.80,77.80,76.50,76.50,0.40,0.5256,75.4400,74.0200,71.9200,73.3450,75.0700,6770,6666,29494.0000,29564.2000,29385.9000,189.0000,192.2000,225.9000,-24917,87,133348,132360,131909,2794,2482,2416,1802,1582,1214,137945,136424,135540,0.000,
2021/11/05,77.50,77.50,76.10,76.90,0.40,0.5229,76.2200,74.4500,72.3150,73.3783,75.1708,5340,7151,29554.0000,29577.2000,29416.5000,196.0000,193.2000,216.4000,-24905,12,134240,132897,132220,2794,2570,2461,1480,1629,1289,138515,137096,135970,0.000,
2021/11/08,76.50,76.80,74.30,76.60,-0.30,-0.3901,76.1800,74.8300,72.6750,73.4233,75.2408,6766,6569,30363.0000,29710.2000,29537.2000,193.0000,190.4000,208.7000,-24806,99,133785,132905,132461,2793,2658,2506,1470,1623,1365,138050,137186,136333,0.000,
2021/11/09,76.30,76.90,75.60,75.90,-0.70,-0.9138,76.4000,75.2600,73.0750,73.4217,75.3167,2791,5179,30225.0000,29826.2000,29659.6000,220.0000,196.2000,204.0000,-24684,122,134358,133540,132785,2796,2738,2551,1490,1626,1444,138645,137904,136779,0.000,
2021/11/10,76.30,80.90,75.90,80.90,5.00,6.5876,77.3600,76.0600,73.7750,73.4133,75.4150,27329,9799,33958.0000,30718.8000,30129.2000,254.0000,210.4000,202.7000,-24615,69,134632,134073,133088,2837,2803,2599,2543,1758,1611,140013,138634,137298,0.000,
2021/11/11,80.00,81.90,79.00,80.90,0.00,0.00,78.2400,76.8400,74.4450,73.3633,75.5117,28452,14135,32293.0000,31278.6000,30421.4000,254.0000,223.4000,207.8000,-24701,-86,138636,135131,133745,3176,2880,2681,3365,2070,1826,145177,140080,138252,0.000,
2021/11/12,80.50,81.80,77.00,77.00,-3.90,-4.8208,78.2600,77.2400,74.7750,73.2467,75.5625,25049,18077,30980.0000,31563.8000,30570.5000,193.0000,222.8000,208.0000,-24710,-9,137797,135842,134370,3731,3067,2819,2184,2211,1920,143712,141120,139108,0.000,
2021/11/15,77.70,78.80,77.40,77.50,0.50,0.6494,78.4400,77.3100,75.1400,73.1850,75.6183,6406,18005,30573.0000,31605.8000,30658.0000,194.0000,223.0000,206.7000,-24534,176,139089,136903,134904,3731,3255,2956,2183,2353,1988,145003,142511,139848,0.000,
2021/11/16,78.10,79.20,77.30,77.30,-0.20,-0.2581,78.7200,77.5600,75.3800,73.2250,75.6533,7012,18849,30253.0000,31611.4000,30718.8000,196.0000,218.2000,207.2000,-24513,21,139189,137869,135704,3752,3446,3092,2157,2487,2056,145099,143802,140853,0.000,
2021/11/17,78.20,79.30,77.80,78.70,1.40,1.8111,78.2800,77.8200,75.6850,73.3150,75.7000,7399,14863,29406.0000,30701.0000,30709.9000,214.0000,210.2000,210.3000,-24395,118,141547,139252,136662,3752,3629,3216,2043,2387,2072,147342,145267,141951,0.000,
2021/11/18,79.30,80.00,78.90,79.10,0.40,0.5083,77.9200,78.0800,76.0500,73.3717,75.7258,7290,10631,29001.0000,30042.6000,30660.6000,211.0000,201.6000,212.5000,-24350,45,142279,139980,137556,3750,3744,3312,2257,2165,2118,148286,145889,142985,0.000,
2021/11/19,79.90,80.00,78.60,79.00,-0.10,-0.1264,78.3200,78.2900,76.3700,73.4567,75.7550,5370,6695,28508.0000,29548.2000,30556.0000,215.0000,206.0000,214.4000,-24613,-263,142805,140982,138412,3838,3765,3416,2074,2143,2177,148717,146890,144005,0.000,
2021/11/22,79.70,81.70,79.60,80.40,1.40,1.7722,78.9000,78.6700,76.7500,73.5217,75.7925,12212,7856,28692.0000,29172.0000,30388.9000,220.0000,211.2000,217.1000,-24400,213,144787,142122,139512,3928,3804,3529,2395,2186,2269,151110,148111,145311,0.000,
2021/11/23,80.00,83.50,79.60,80.20,-0.20,-0.2488,79.4800,79.1000,77.1800,73.6050,75.8250,16084,9671,29071.0000,28935.6000,30273.5000,223.0000,216.6000,217.4000,-24900,-500,144684,143220,140545,4084,3871,3658,2481,2250,2369,151249,149342,146572,0.000,
2021/11/24,80.10,80.80,78.30,78.70,-1.50,-1.8703,79.4800,78.8800,77.4700,73.6483,75.8433,7238,9638,28850.0000,28824.4000,29762.7000,216.0000,217.0000,213.6000,-24534,366,142549,143421,141336,4105,3941,3785,2245,2291,2339,148900,149653,147460,0.000,
2021/11/25,79.00,79.20,77.60,78.00,-0.70,-0.8895,79.2600,78.5900,77.7150,73.6767,75.8675,4527,9086,28889.0000,28802.0000,29422.3000,226.0000,220.0000,210.8000,-24667,-133,141312,143228,141604,4116,4015,3879,2167,2273,2219,147596,149515,147702,0.000,
2021/11/26,78.70,78.70,75.80,76.00,-2.00,-2.5641,78.6600,78.4900,77.8650,73.6550,75.8592,8038,9619,28396.0000,28779.6000,29163.9000,185.0000,214.0000,210.0000,-25372,-705,139724,142611,141797,4116,4070,3918,2111,2280,2212,145952,148962,147926,0.000,
2021/11/29,74.70,76.10,73.80,75.30,-0.70,-0.9211,77.6400,78.2700,77.7900,73.6050,75.8525,6139,8405,27883.0000,28617.8000,28894.9000,161.0000,202.2000,206.7000,-25740,-368,139826,141619,141870,4141,4113,3959,2164,2234,2210,146132,147966,148039,0.000,
2021/11/30,76.00,78.80,75.90,77.40,2.10,2.7888,77.0800,78.2800,77.9200,73.6150,75.8758,6034,6395,28093.0000,28422.2000,28678.9000,219.0000,201.4000,209.0000,-25405,335,141127,140908,142064,4141,4124,3997,2225,2183,2217,147494,147215,148278,0.000,
2021/12/01,76.60,79.80,76.60,79.60,2.20,2.8424,77.2600,78.3700,78.0950,73.6650,75.9125,5885,6124,27759.0000,28204.0000,28514.2000,236.0000,205.4000,211.2000,-25043,362,142203,140839,142130,4151,4133,4037,2313,2197,2244,148668,147169,148411,0.000,
2021/12/02,79.70,82.50,78.90,79.10,-0.50,-0.6281,77.4800,78.3700,78.2250,73.7467,75.9358,15466,8312,27400.0000,27906.2000,28354.1000,253.0000,210.8000,215.4000,-25469,-426,142593,141095,142161,4251,4160,4087,2339,2231,2252,149183,147486,148501,0.000,
2021/12/03,80.60,81.30,79.20,79.40,0.30,0.3793,78.1600,78.4100,78.3500,73.8317,75.9517,5828,7870,26790.0000,27585.0000,28182.3000,245.0000,222.8000,218.4000,-25037,432,142921,141734,142173,4251,4187,4129,2265,2262,2271,149437,148183,148573,0.000,
2021/12/06,79.80,81.00,79.00,80.20,0.80,1.0076,79.1400,78.3900,78.5300,73.9683,75.9817,4010,7444,26543.0000,27317.0000,27967.4000,237.0000,238.0000,220.1000,-25019,18,142090,142187,141903,4251,4209,4161,2392,2307,2271,148734,148704,148335,0.000,
2021/12/07,80.50,80.80,79.10,79.30,-0.90,-1.1222,79.5200,78.3000,78.7000,74.0767,75.9758,3654,6968,26425.0000,26983.4000,27702.8000,235.0000,241.2000,221.3000,-24905,114,141455,142253,141580,4261,4233,4179,2370,2336,2259,148086,148822,148019,0.000,
2021/12/08,80.10,80.40,78.30,78.30,-1.00,-1.261,79.2600,78.2600,78.5700,74.1517,75.9767,5602,6912,26470.0000,26725.6000,27464.8000,224.0000,238.8000,222.1000,-24623,282,140662,141945,141392,4261,4255,4194,2366,2347,2272,147290,148547,147858,0.000,
2021/12/09,78.90,79.70,78.30,78.50,0.20,0.2554,79.1400,78.3100,78.4500,74.2417,75.9667,4811,4781,26313.0000,26508.2000,27207.2000,227.0000,233.6000,222.2000,-24579,44,140943,141615,141355,4261,4257,4209,2450,2369,2300,147655,148241,147864,0.000,
2021/12/10,79.00,79.00,77.00,77.30,-1.20,-1.5287,78.7200,78.4400,78.4650,74.3000,75.9492,6007,4816,26387.0000,26427.6000,27006.3000,220.0000,228.6000,225.7000,-24789,-210,138152,140661,141198,4161,4239,4213,2208,2358,2310,144522,147258,147721,0.000,
2021/12/13,78.00,79.60,77.80,79.50,2.20,2.8461,78.5800,78.8600,78.5650,74.4283,75.9500,5175,5049,26724.0000,26463.8000,26890.4000,246.0000,230.4000,234.2000,-24705,84,139410,140125,141156,4161,4221,4215,2332,2346,2326,145904,146692,147698,0.000,
2021/12/14,78.80,78.80,76.70,76.80,-2.70,-3.3962,78.0800,78.8000,78.5400,74.5233,75.9258,6303,5579,26937.0000,26566.2000,26774.8000,212.0000,225.8000,233.5000,-25404,-699,136635,139161,140707,4161,4201,4217,2230,2318,2327,143027,145680,147251,0.000,
2021/12/15,76.80,77.50,76.50,76.90,0.10,0.1302,77.8000,78.5300,78.4500,74.6083,75.9033,2482,4955,26999.0000,26672.0000,26698.8000,209.0000,222.8000,230.8000,-25172,232,136442,138317,140131,4161,4181,4218,2071,2259,2303,142675,144757,146652,0.000,
2021/12/16,77.50,78.30,77.20,78.10,1.20,1.5605,77.7200,78.4300,78.4000,74.7467,75.9025,4469,4887,26692.0000,26747.8000,26628.0000,201.0000,217.6000,225.6000,-24881,291,138243,137777,139696,3598,4049,4153,1929,2154,2262,143771,143980,146111,0.000,
2021/12/17,77.80,77.90,76.20,76.50,-1.60,-2.0487,77.5600,78.1400,78.2750,74.8617,75.8942,4158,4517,26585.0000,26787.4000,26607.5000,174.0000,208.4000,218.5000,-25051,-170,137283,137603,139132,3296,3876,4058,1809,2075,2216,142389,143554,145406,0.000,
2021/12/20,76.50,76.80,75.60,75.80,-0.70,-0.915,76.8200,77.7000,78.0450,74.9183,75.8717,2599,4002,26499.0000,26742.4000,26603.1000,169.0000,193.0000,211.7000,-25183,-132,136405,137002,138564,3230,3690,3955,1696,1948,2147,141332,142639,144666,0.000,
2021/12/21,76.00,76.50,75.80,76.00,0.20,0.2639,76.6600,77.3700,77.8350,74.9800,75.8658,1851,3111,26528.0000,26660.6000,26613.4000,169.0000,184.4000,205.1000,-24793,390,136428,136961,138061,3118,3481,3841,1726,1847,2082,141273,142289,143984,0.000,
2021/12/22,76.50,76.70,75.80,75.90,-0.10,-0.1316,76.4600,77.1300,77.6950,75.0583,75.8500,2031,3021,26568.0000,26574.4000,26623.2000,163.0000,175.2000,199.0000,-24728,65,136077,136888,137603,3118,3272,3727,1590,1751,2005,140786,141911,143334,0.000,
2021/12/23,76.40,77.00,76.20,76.80,0.90,1.1858,76.2000,76.9600,77.6350,75.1717,75.8308,2460,2619,26728.0000,26581.6000,26664.7000,141.0000,163.2000,190.4000,-24436,292,136039,136447,137112,3088,3170,3610,1484,1662,1908,140612,141279,142630,0.000,
2021/12/24,77.00,77.40,76.10,76.20,-0.60,-0.7812,76.1400,76.8500,77.6450,75.2583,75.8158,2006,2189,26804.0000,26625.4000,26706.4000,137.0000,155.8000,182.1000,-24489,-53,135683,136127,136865,3088,3129,3502,1411,1582,1828,140183,140838,142196,0.000,
2021/12/27,77.00,77.80,76.50,77.50,1.30,1.706,76.4800,76.6500,77.7550,75.4150,75.8200,3043,2278,26697.0000,26665.0000,26703.7000,144.0000,150.8000,171.9000,-24129,360,136509,136148,136575,3038,3090,3390,1364,1516,1732,140912,140754,141697,0.000,
2021/12/28,78.00,78.40,76.60,76.70,-0.80,-1.0323,76.6200,76.6400,77.7200,75.5750,75.8167,2960,2500,26800.0000,26719.4000,26690.0000,133.0000,143.6000,164.0000,-24113,16,135644,135991,136476,3038,3074,3278,1322,1435,1641,140005,140501,141395,0.000,
2021/12/29,77.00,77.60,76.80,77.10,0.40,0.5215,76.8600,76.6600,77.5950,75.7117,75.8233,1633,2420,26772.0000,26760.2000,26667.3000,125.0000,136.0000,155.6000,-23728,385,135508,135877,136383,2928,3036,3154,1541,1425,1588,139978,140339,141125,0.000,
2021/12/30,77.10,77.30,76.30,76.70,-0.40,-0.5188,76.8400,76.5200,77.4750,75.8733,75.8100,1654,2259,26824.0000,26779.4000,26680.5000,121.0000,132.0000,147.6000,-23804,-76,135244,135718,136083,2925,3004,3087,1500,1428,1545,139670,140150,140715,0.000,
2022/01/03,77.30,79.00,77.10,79.00,2.30,2.9987,77.4000,76.7700,77.4550,76.0400,75.8225,6593,3176,27239.0000,26866.4000,26745.9000,143.0000,133.2000,144.5000,-24081,-277,136821,135946,136037,2763,2939,3034,1841,1514,1548,141426,140399,140619,0.000,
2022/01/04,79.00,79.50,77.90,79.40,0.40,0.5063,77.7800,77.1300,77.4150,76.2067,75.8517,5195,3607,27333.0000,26993.6000,26829.3000,157.0000,135.8000,143.3000,-24137,-56,136614,135967,136057,2590,2849,2970,1807,1603,1559,141012,140419,140587,0.000,
2022/01/05,79.90,84.90,79.60,84.10,4.70,5.9194,79.2600,77.9400,77.6550,76.4767,75.9192,43172,11649,29697.0000,27573.0000,27146.2000,389.0000,187.0000,165.3000,-24387,-250,147028,138244,137117,3203,2882,2978,2607,1860,1647,152838,142986,141743,0.000,
2022/01/06,83.00,86.00,82.00,85.20,1.10,1.308,80.8800,78.8700,78.0000,76.7817,75.9958,34121,18147,30078.0000,28234.2000,27497.2000,479.0000,257.8000,196.9000,-24628,-241,150868,141316,138596,4165,3129,3083,2853,2122,1774,157887,146567,143453,0.000,
2022/01/07,85.20,90.00,85.20,89.10,3.90,4.5775,83.3600,80.1000,78.5300,77.1417,76.1150,70828,31981,32113.0000,29292.0000,28035.7000,862.0000,406.0000,269.0000,-25094,-466,163516,146970,141344,5745,3693,3349,3084,2439,1934,172346,153102,146626,0.000,
2022/01/10,88.60,95.30,87.50,94.20,5.10,5.7239,86.4000,81.9000,79.3750,77.5383,76.2992,72281,45119,31055.0000,30055.2000,28460.8000,1383.0000,654.0000,393.6000,-24952,142,166326,152871,144408,7990,4739,3839,3147,2700,2107,177464,160310,150354,0.000,
2022/01/11,94.00,96.50,91.20,92.70,-1.50,-1.5924,89.0600,83.4200,80.0350,77.9133,76.4783,72433,58567,29698.0000,30528.2000,28760.9000,1372.0000,897.0000,516.4000,-25368,-416,169376,159423,147695,12101,6641,4745,2806,2900,2251,184283,168964,154692,0.000,
2022/01/12,95.10,97.50,91.60,92.70,0.00,0.00,90.7800,85.0200,80.8300,78.2500,76.6242,60641,62060,32112.0000,31011.2000,29292.1000,1353.0000,1089.8000,638.4000,-25385,-17,168985,163815,151029,13033,8607,5745,2601,2899,2379,184620,175320,159153,0.000,
2022/01/13,93.00,94.30,88.30,88.60,-4.10,-4.4229,91.4600,86.1700,81.4150,78.5167,76.6942,49394,65115,30933.0000,31182.2000,29708.2000,1087.0000,1211.4000,734.6000,-25395,-10,173069,168255,154785,13256,10425,6777,2541,2836,2479,188868,181516,164042,0.000,
2022/01/14,89.40,90.00,86.60,88.00,-0.60,-0.6772,91.2400,87.3000,81.9100,78.7867,76.7417,48036,60557,36292.0000,32018.0000,30655.0000,1158.0000,1270.6000,838.3000,-26047,-652,168638,169279,158125,14685,12213,7953,2979,2815,2627,186303,184308,168705,0.000,
2022/01/17,89.00,94.20,88.80,94.20,6.20,7.0455,91.2400,88.8200,82.7950,79.1467,76.8458,56899,57480,36657.0000,33138.4000,31596.8000,1917.0000,1377.4000,1015.7000,-25771,276,168088,169632,161251,17735,14162,9451,4531,3092,2896,190356,186886,173598,0.000,
2022/01/18,94.10,97.50,91.60,91.60,-2.60,-2.7601,91.0200,90.0400,83.5850,79.4600,76.9475,67275,56449,36782.0000,34555.2000,32541.7000,1775.0000,1458.0000,1177.5000,-25752,19,163014,168359,163891,20774,15897,11269,3475,3226,3063,187264,187483,178223,0.000,
2022/01/19,90.70,96.50,90.20,95.90,4.30,4.6943,91.6600,91.2200,84.5800,79.8650,77.0483,84090,61138,36753.0000,35483.4000,33247.3000,3472.0000,1881.8000,1485.8000,-26114,-362,168905,168343,166079,28765,19044,13825,4770,3660,3279,202441,191047,183184,0.000,
2022/01/20,96.80,97.70,93.40,96.50,0.60,0.6257,93.2400,92.3500,85.6100,80.2583,77.1692,77473,66754,38810.0000,37058.8000,34120.5000,3234.0000,2311.2000,1761.3000,-25885,229,164069,166543,167399,31483,22689,16557,4897,4131,3484,200450,193363,187440,0.000,
2022/01/21,94.60,95.60,91.50,91.80,-4.70,-4.8705,94.0000,92.6200,86.3600,80.5700,77.2317,48361,66819,36724.0000,37145.2000,34581.6000,2516.0000,2582.8000,1926.7000,-26689,-804,164539,165724,167502,31780,26108,19161,4489,4433,3624,200809,196265,190286,0.000,
2022/01/24,92.20,93.30,89.20,90.80,-1.00,-1.0893,93.3200,92.2800,87.0900,80.8667,77.2925,55915,66622,37226.0000,37259.0000,35198.7000,1919.0000,2583.2000,1980.3000,-27001,-312,161080,164322,166977,32406,29042,21602,4776,4482,3787,198264,197846,192366,0.000,
2022/01/25,90.70,91.60,86.60,86.60,-4.20,-4.6256,92.3200,91.6700,87.5450,81.0300,77.3108,43539,61875,37531.0000,37408.8000,35982.0000,1458.0000,2519.8000,1988.9000,-27743,-742,158133,163346,165853,32437,31375,23636,3624,4512,3869,194195,199233,193358,0.000,
2022/01/26,87.30,91.80,86.30,90.00,3.40,3.9261,91.1400,91.4000,88.2100,81.2833,77.3608,52093,55476,37190.0000,37496.2000,36489.8000,2353.0000,2296.0000,2088.9000,-27543,200,161468,161858,165101,34460,32514,25779,3592,4276,3968,199521,198649,194848,0.000,
2022/02/07,94.00,95.30,91.50,93.40,3.40,3.7778,90.5200,91.8800,89.0250,81.5717,77.4658,52384,50458,39433.0000,37620.8000,37339.8000,2700.0000,2189.2000,2250.2000,-26779,764,156011,160247,163395,34622,33142,27915,3807,4058,4095,194441,197447,195405,0.000,
2022/02/08,93.40,96.30,92.30,94.80,1.40,1.4989,91.1200,92.5600,89.9300,81.8767,77.6108,41600,49106,39551.0000,38186.2000,37665.7000,3270.0000,2340.0000,2461.4000,-26159,620,157242,158787,162255,35503,33886,29997,5824,4325,4379,198570,196999,196632,0.000,
2022/02/09,95.60,104.00,94.60,103.50,8.70,9.1772,93.6600,93.4900,91.1550,82.3200,77.8492,90515,56026,42177.0000,39176.4000,38217.7000,3952.0000,2746.6000,2664.9000,-25575,584,158620,158295,161309,37009,34807,31925,9116,5193,4837,204746,198295,198071,0.000,
2022/02/10,103.50,104.00,99.90,101.00,-2.50,-2.4155,96.5400,94.4300,92.2350,82.7267,78.0750,51749,57668,42365.0000,40143.2000,38776.0000,3598.0000,3174.6000,2847.2000,-25637,-62,155455,157759,160553,38612,36042,33708,8659,6200,5356,202728,200002,199617,0.000,
2022/02/11,101.00,103.50,99.70,100.00,-1.00,-0.9901,98.5400,94.8400,93.0300,83.1283,78.2750,36936,54636,42978.0000,41300.8000,39398.5000,3276.0000,3359.2000,2827.6000,-25885,-248,153530,156172,159015,38774,36905,34709,8290,7140,5708,200596,200217,199433,0.000,
2022/02/14,97.30,101.00,96.00,100.00,0.00,0.00,99.8600,95.1900,93.7700,83.4467,78.4300,44668,53093,42818.0000,41977.8000,39799.3000,3331.0000,3485.4000,2837.3000,-26567,-682,155966,156163,158205,38815,37743,35443,7774,7933,5996,202556,201840,199643,0.000,
2022/02/15,100.50,102.00,95.30,95.30,-4.70,-4.70,99.9600,95.5400,94.0800,83.6867,78.5250,55908,55955,42838.0000,42635.2000,40410.7000,4145.0000,3660.4000,3000.2000,-26625,-58,147061,154127,156457,37239,38091,35988,7690,8306,6316,191991,200524,198761,0.000,
2022/02/16,96.90,97.30,91.50,91.80,-3.50,-3.6726,97.6200,95.6400,93.9600,83.9333,78.5900,79596,53771,42618.0000,42723.4000,40949.9000,4564.0000,3782.8000,3264.7000,-25948,677,145749,151553,154924,37411,38171,36489,5073,7498,6345,188235,197222,197758,0.000,
2022/02/17,93.00,93.80,91.00,92.00,0.20,0.2179,95.8200,96.1800,93.9250,84.1750,78.6800,40578,51537,43717.0000,42993.8000,41568.5000,4033.0000,3869.8000,3522.2000,-25905,43,144134,149289,153524,37433,37935,36989,5296,6825,6513,186864,194049,197025,0.000,
2022/02/18,91.00,91.00,88.50,90.30,-1.70,-1.8478,93.8800,96.2100,93.8050,84.3917,78.8083,45019,53153,44167.0000,43231.6000,42266.2000,2988.0000,3812.2000,3585.7000,-25668,237,141211,146825,151498,33435,36867,36886,5296,6226,6683,179944,189918,195068,0.000,
2022/02/21,89.50,89.80,88.10,88.40,-1.90,-2.1041,91.5600,95.7100,93.7950,84.5533,78.9342,23978,49015,44318.0000,43531.6000,42754.7000,2634.0000,3672.8000,3579.1000,-25593,75,141382,143908,150035,32849,35674,36709,5041,5680,6806,179272,185262,193551,0.000,
2022/02/22,88.50,91.10,86.70,86.90,-1.50,-1.6968,89.8800,94.9200,93.7400,84.6833,79.0275,57232,49280,48572.0000,44678.4000,43656.8000,1173.0000,3078.4000,3369.4000,-26385,-792,131284,140753,147440,31849,34596,36343,5150,5172,6739,168284,180520,190522,0.000,
2022/02/23,88.00,90.30,87.20,90.30,3.40,3.9125,89.5800,93.6000,93.5450,84.8717,79.1642,33994,40160,49477.0000,46050.2000,44386.8000,1492.0000,2464.0000,3123.4000,-25840,545,128484,137300,144426,33195,33753,35962,5500,5257,6377,167180,176309,186765,0.000,
2022/02/24,88.80,89.20,85.20,85.80,-4.50,-4.9834,88.3400,92.0800,93.2550,84.9617,79.2417,35665,39177,48475.0000,47001.8000,44997.8000,1241.0000,1905.6000,2887.7000,-26672,-832,125504,133573,141431,33299,32926,35430,4767,5151,5988,163570,171650,182850,0.000,
2022/02/25,86.00,87.50,78.20,79.00,-6.80,-7.9254,86.0800,89.9800,92.4100,84.9417,79.2733,94152,49004,51232.0000,48414.8000,45823.2000,899.0000,1487.8000,2650.0000,-26321,351,126438,130619,138722,19687,30176,33522,3839,4860,5543,149964,165655,177786,0.000,
2022/03/01,78.80,80.80,77.50,80.10,1.10,1.3924,84.4200,87.9900,91.5900,84.9650,79.3067,41636,52535,51289.0000,49809.0000,46670.3000,1146.0000,1190.2000,2431.5000,-25614,707,129995,128341,136125,17828,27172,31423,4003,4652,5166,151826,160165,172713,0.000,
2022/03/02,79.20,79.60,77.10,78.50,-1.60,-1.9975,82.7400,86.3100,90.9250,84.9733,79.3250,31215,47332,51012.0000,50297.0000,47487.7000,1430.0000,1241.6000,2160.0000,-25513,101,131290,128342,134547,15687,23939,29268,4030,4428,4800,151007,156710,168615,0.000,
2022/03/03,79.50,79.90,78.60,78.70,0.20,0.2548,80.4200,85.0000,90.3200,85.0183,79.3367,19286,44390,51992.0000,50800.0000,48425.1000,1488.0000,1240.8000,1852.4000,-25385,128,129850,128616,132958,14970,20294,27023,3956,4119,4688,148776,153029,164669,0.000,
2022/03/04,77.70,77.70,74.20,74.30,-4.40,-5.5909,78.1200,83.2300,89.7050,85.0017,79.3033,46623,46582,50068.0000,51118.6000,49060.2000,896.0000,1171.8000,1538.7000,-25915,-530,125258,128566,131070,10187,15672,24299,3403,3847,4499,138849,148085,159868,0.000,
2022/03/07,72.10,73.30,70.70,71.30,-3.00,-4.0377,76.5800,81.3300,88.7700,84.9000,79.2575,32876,34327,48622.0000,50596.6000,49505.7000,1027.0000,1197.4000,1342.6000,-26769,-854,133049,129889,130254,6709,13076,21626,2983,3675,4268,142742,146640,156147,0.000,
2022/03/08,71.20,72.60,68.60,68.60,-2.70,-3.7868,74.2800,79.3500,87.5300,84.7167,79.1908,37025,33405,47620.0000,49862.8000,49835.9000,871.0000,1142.4000,1166.3000,-27547,-778,129864,129863,129102,4777,10466,18819,2698,3414,4033,137339,143743,151954,0.000,
2022/03/09,70.50,70.50,69.00,69.90,1.30,1.895,72.5600,77.6500,86.2850,84.5633,79.1550,16452,30452,47234.0000,49107.2000,49702.1000,1254.0000,1107.2000,1174.4000,-26881,666,130496,129704,129023,4652,8259,16099,2771,3163,3795,137919,141125,148918,0.000,
2022/03/10,71.30,72.50,70.30,71.00,1.10,1.5737,71.0200,75.7200,84.6600,84.4233,79.1275,24391,31473,46807.0000,48070.2000,49435.1000,971.0000,1003.8000,1122.3000,-26110,771,129763,129686,129151,3952,6055,13175,2979,2967,3543,136694,138709,145869,0.000,
2022/03/11,71.00,72.00,70.10,71.10,0.10,0.1408,70.3800,74.2500,83.1650,84.2717,79.1200,11118,24372,46284.0000,47313.4000,49216.0000,911.0000,1006.8000,1089.3000,-26487,-377,129915,130618,129592,3952,4808,10240,2902,2867,3357,136769,138293,143189,0.000,
2022/03/14,71.50,72.70,71.00,71.20,0.10,0.1406,70.3600,73.4700,81.7250,84.1367,79.1067,11485,20094,46286.0000,46846.2000,48721.4000,880.0000,977.4000,1087.4000,-26366,121,129269,129862,129875,3952,4257,8667,2884,2847,3261,136105,136966,141803,0.000,
2022/03/15,70.60,71.00,67.60,69.40,-1.80,-2.5281,70.5200,72.4000,80.1950,83.9883,79.0700,20173,16723,45102.0000,46342.6000,48102.7000,722.0000,947.6000,1045.0000,-27088,-722,131076,130104,129983,3452,3992,7229,2580,2824,3119,137109,136920,140331,0.000,
2022/03/16,70.70,70.70,68.00,68.50,-0.90,-1.2968,70.2400,71.4000,78.8550,83.8217,79.0317,13983,16230,45237.0000,45943.2000,47525.2000,635.0000,823.8000,965.5000,-26929,159,130484,130102,129903,3088,3679,5969,2200,2710,2936,135773,136491,138808,0.000,
2022/03/17,70.20,72.00,69.90,71.60,3.10,4.5255,70.3600,70.6900,77.8450,83.7267,79.0133,16235,14598,45066.0000,45595.0000,46832.6000,560.0000,741.6000,872.7000,-26082,847,132201,130589,130138,2872,3463,4759,2436,2601,2784,137510,136654,137681,0.000,
2022/03/18,71.10,72.00,69.90,71.80,0.20,0.2793,70.5000,70.4400,76.8350,83.5983,79.0133,13346,15044,45444.0000,45427.0000,46370.2000,548.0000,669.0000,837.9000,-25890,192,131999,131006,130812,2871,3247,4028,2231,2467,2667,137101,136720,137507,0.000,
2022/03/21,72.10,72.90,71.40,72.30,0.50,0.6964,70.7200,70.5400,75.9350,83.5233,79.0233,9965,14740,45969.0000,45363.6000,46104.9000,406.0000,574.2000,775.8000,-25537,353,131483,131449,130655,2871,3031,3644,2334,2357,2602,136688,136837,136901,0.000,
2022/03/22,71.90,72.50,71.40,71.80,-0.50,-0.6916,71.2000,70.8600,75.1050,83.4383,79.0233,7337,12173,46162.0000,45575.6000,45959.1000,283.0000,486.4000,717.0000,-25286,251,129922,131218,130661,2871,2915,3453,2368,2314,2569,135161,136447,136683,0.000,
2022/03/23,72.30,72.70,71.50,71.60,-0.20,-0.2786,71.8200,71.0300,74.3400,83.3300,79.0383,9542,11285,46099.0000,45748.0000,45845.6000,342.0000,427.8000,625.8000,-25045,241,128962,130914,130508,2871,2871,3275,2408,2356,2533,134241,136141,136316,0.000,
2022/03/24,71.50,72.30,70.60,72.10,0.50,0.6983,71.9200,71.1400,73.4300,83.2567,79.0592,6835,9405,46033.0000,45941.4000,45768.2000,129.0000,341.6000,541.6000,-25135,-90,129614,130396,130493,2871,2871,3167,2429,2354,2478,134915,135622,136138,0.000,
2022/03/25,72.50,72.50,70.40,70.70,-1.40,-1.9417,71.7000,71.1000,72.6750,83.1717,79.0450,7833,8302,46283.0000,46109.2000,45768.1000,0.0000,232.0000,450.5000,-25467,-332,127111,129419,130213,2872,2871,3059,2306,2369,2418,132289,134659,135690,0.000,
2022/03/28,70.00,70.20,69.10,69.80,-0.90,-1.273,71.2000,70.9600,72.2150,83.0683,79.0242,6329,7575,45786.0000,46072.6000,45718.1000,0.0000,150.8000,362.5000,-25674,-207,128283,128779,130114,2872,2871,2951,2209,2344,2351,133364,133995,135416,0.000,
2022/03/29,71.80,75.00,71.70,73.90,4.10,5.8739,71.6200,71.4100,71.9050,83.0350,79.0467,29320,11971,46257.0000,46091.6000,45833.6000,0.0000,94.2000,290.3000,-25681,-7,125158,127826,129522,2872,2872,2893,2465,2364,2339,130495,133061,134754,0.000,
2022/03/30,74.00,74.10,72.10,72.20,-1.70,-2.3004,71.7400,71.7800,71.5900,82.9583,79.0650,13916,12846,46589.0000,46189.6000,45968.8000,0.0000,25.8000,226.8000,-25236,445,121541,126342,128628,2872,2872,2872,2550,2392,2374,126964,131606,133873,0.000,
2022/03/31,72.60,72.70,71.20,71.50,-0.70,-0.9695,71.6200,71.7700,71.2300,82.8800,79.0692,6087,12697,46861.0000,46355.2000,46148.3000,181.0000,36.2000,188.9000,-25573,-337,121273,124674,127535,2886,2875,2873,2426,2392,2373,126586,129940,132781,0.000,
2022/04/01,71.00,71.20,70.50,71.20,-0.30,-0.4196,71.7200,71.7100,71.0750,82.7750,79.0950,5064,12143,46692.0000,46437.0000,46273.1000,361.0000,108.4000,170.2000,-25793,-220,119966,123245,126332,2608,2822,2847,2422,2415,2392,124997,128482,131571,0.000,
2022/04/06,70.60,70.70,69.80,70.40,-0.80,-1.1236,71.8400,71.5200,71.0300,82.6700,79.1225,5487,11974,46345.0000,46548.8000,46310.7000,325.0000,173.4000,162.1000,-25821,-28,119677,121524,125151,2608,2769,2820,2381,2449,2397,124667,126742,130369,0.000,
2022/04/07,70.50,71.20,68.30,68.40,-2.00,-2.8409,70.7400,71.1800,71.0200,82.5250,79.1183,9404,7991,45673.0000,46432.0000,46261.8000,786.0000,330.6000,212.4000,-26503,-682,118900,120272,124049,2636,2722,2797,2007,2358,2361,123543,125352,129207,0.000,
2022/04/08,68.80,69.00,68.20,68.60,0.20,0.2924,70.0200,70.8800,70.9550,82.3900,79.1317,4687,6145,45708.0000,46255.8000,46222.7000,584.0000,447.4000,236.6000,-26056,447,118314,119627,122984,2638,2675,2774,1874,2223,2307,122826,124525,128065,0.000,
2022/04/11,68.30,68.30,65.00,65.50,-3.10,-4.519,68.8200,70.2200,70.6800,82.1650,79.1025,18915,8711,45101.0000,45903.8000,46129.5000,695.0000,550.2000,293.2000,-26616,-560,122917,119955,122315,2638,2626,2750,1535,2044,2218,127091,124625,127283,0.000,
2022/04/12,65.00,66.40,64.60,64.80,-0.70,-1.0687,67.5400,69.6300,70.3650,81.9217,79.0642,8296,9357,45079.0000,45581.2000,46009.1000,836.0000,645.2000,376.8000,-26850,-234,123008,120564,121904,2057,2516,2669,1425,1845,2130,126491,124924,126703,0.000,
2022/04/13,65.60,66.00,65.00,65.80,1.00,1.5432,66.6200,69.2300,70.0950,81.6167,79.0467,3845,9029,44648.0000,45241.8000,45895.3000,888.0000,757.8000,465.6000,-26199,651,123699,121368,121446,2069,2408,2589,1508,1670,2060,127276,125446,126094,0.000,
2022/04/14,66.60,66.60,64.80,65.50,-0.30,-0.4559,66.0400,68.3900,69.9000,81.2883,79.0350,4772,8103,44825.0000,45072.2000,45752.1000,1063.0000,813.2000,571.9000,-26270,-71,122672,122122,121197,2071,2295,2508,1405,1550,1954,126148,125967,125659,0.000,
2022/04/15,64.90,65.00,62.90,62.90,-2.60,-3.9695,64.9000,67.4600,69.6200,80.8517,78.9967,9689,9103,44781.0000,44886.8000,45571.3000,1252.0000,946.8000,697.1000,-26769,-499,120760,122612,121119,1763,2120,2398,1105,1396,1809,123628,126127,125326,0.000,
2022/04/18,62.20,63.60,61.60,62.30,-0.60,-0.9539,64.2600,66.5400,69.1550,80.3200,78.9292,7552,6830,44380.0000,44742.6000,45323.2000,1117.0000,1031.2000,790.7000,-27159,-390,122188,122466,121211,1773,1947,2286,1023,1294,1669,124985,125706,125166,0.000,
2022/04/19,63.00,63.70,62.40,62.40,0.10,0.1605,63.7800,65.6600,68.6850,79.8150,78.8642,3489,5869,44304.0000,44587.6000,45084.4000,943.0000,1052.6000,848.9000,-26723,436,121627,122189,121377,1766,1889,2202,1002,1209,1527,124395,125287,125106,0.000,
2022/04/20,63.00,63.20,61.80,62.10,-0.30,-0.4808,63.0400,64.8300,68.1750,79.3050,78.7775,5555,6211,44545.0000,44567.0000,44904.4000,893.0000,1053.6000,905.7000,-26479,244,120598,121569,121469,1766,1828,2118,765,1061,1365,123130,124458,124952,0.000,
2022/04/21,62.30,62.60,61.80,62.10,0.00,0.00,62.3600,64.2000,67.6900,78.8633,78.6900,4762,6209,44556.0000,44513.2000,44792.7000,808.0000,1002.6000,907.9000,-26373,106,96061,116247,119185,1765,1767,2031,693,918,1234,98519,118932,122450,0.000,
2022/04/22,61.70,63.40,61.50,62.10,0.00,0.00,62.2000,63.5500,67.2150,78.4317,78.6092,9499,6171,44568.0000,44470.6000,44678.7000,599.0000,872.0000,909.4000,-26659,-286,93958,110887,116749,1766,1767,1944,617,820,1108,96341,113475,119801,0.000,
2022/04/25,60.90,61.00,58.90,59.10,-3.00,-4.8309,61.5600,62.9100,66.5650,77.8467,78.4967,10691,6799,43565.0000,44307.6000,44525.1000,723.0000,793.2000,912.2000,-27518,-859,94107,105271,113868,1766,1766,1856,468,709,1002,96341,107746,116726,0.000,
2022/04/26,59.90,60.20,59.10,59.20,0.10,0.1692,60.9200,62.3500,65.9900,77.3067,78.3833,5923,7286,42416.0000,43930.0000,44258.8000,713.0000,747.2000,899.9000,-27496,22,95814,100108,111149,1785,1770,1829,318,572,891,97918,102450,113869,0.000,
2022/04/27,57.60,58.40,56.20,57.90,-1.30,-2.1959,60.0800,61.5600,65.3950,76.6733,78.2692,12546,8684,40180.0000,43057.0000,43812.0000,650.0000,698.6000,876.1000,-28205,-709,97164,95421,108495,1785,1774,1801,277,475,768,99227,97670,111064,0.000,
2022/04/28,58.60,59.90,57.70,58.90,1.00,1.7271,59.4400,60.9000,64.6450,76.0467,78.1525,6742,9080,40271.0000,42200.0000,43356.6000,560.0000,649.0000,825.8000,-27863,342,98001,95809,106028,1785,1778,1772,250,386,652,100037,97973,108453,0.000,
2022/04/29,60.20,60.50,58.50,58.70,-0.20,-0.3396,58.7600,60.4800,63.9700,75.4950,78.0325,4976,8175,40464.0000,41379.2000,42924.9000,486.0000,626.4000,749.2000,-27537,326,97127,96443,103665,1785,1781,1774,207,304,562,99120,98529,106002,0.000,
2022/05/03,59.00,60.80,59.00,60.50,1.80,3.0664,59.0400,60.3000,63.4200,74.9900,77.9283,6461,7329,40636.0000,40793.4000,42550.5000,584.0000,598.6000,695.9000,-27656,-119,97071,97036,101153,1785,1785,1776,243,259,484,99100,99081,103413,0.000,
2022/05/04,61.00,61.00,59.50,59.60,-0.90,-1.4876,59.1200,60.0200,62.8400,74.5400,77.7850,5173,7179,41026.0000,40515.4000,42222.7000,549.0000,565.8000,656.5000,-27580,76,95074,96888,98498,1785,1785,1777,164,229,401,97024,98902,100676,0.000,
2022/05/05,60.50,61.50,60.20,60.60,1.00,1.6779,59.6600,59.8700,62.3500,74.0500,77.6667,5932,5856,40875.0000,40654.4000,41855.7000,526.0000,541.0000,619.8000,-27111,469,95900,96635,96028,1785,1785,1779,279,229,352,97965,98650,98160,0.000,
2022/05/06,59.40,60.90,59.10,60.80,0.20,0.33,60.0400,59.7400,61.9700,73.5067,77.5392,5110,5530,40852.0000,40770.6000,41485.3000,484.0000,525.8000,587.4000,-27763,-652,95857,96207,96008,1785,1785,1781,109,201,294,97752,98193,98083,0.000,
2022/05/09,60.40,60.40,57.10,57.10,-3.70,-6.0855,59.7200,59.2400,61.3950,72.8783,77.3775,10443,6623,41232.0000,40924.2000,41151.7000,601.0000,548.8000,587.6000,-28585,-822,91407,95063,95753,1774,1783,1782,0,159,232,93182,97005,97767,0.000,
2022/05/10,55.80,58.90,55.60,58.90,1.80,3.1524,59.4000,59.2200,61.0650,72.1350,77.2275,6394,6610,40824.0000,40961.8000,40877.6000,476.0000,527.2000,562.9000,-28407,178,93354,94319,95678,1774,1781,1783,36,118,189,95164,96218,97649,0.000,
2022/05/11,58.50,58.50,57.50,58.00,-0.90,-1.528,59.0800,59.1000,60.7250,71.4183,77.0725,4060,6387,40852.0000,40927.0000,40721.2000,454.0000,508.2000,537.0000,-28820,-413,93258,93956,95422,1774,1779,1782,62,97,163,95095,95832,97367,0.000,
2022/05/12,57.50,59.00,57.50,57.50,-0.50,-0.8621,58.4600,59.0600,60.3100,70.7100,76.9192,5454,6292,40550.0000,40862.0000,40758.2000,432.0000,489.4000,515.2000,-29609,-789,95030,93782,95209,1774,1776,1781,0,42,135,96804,95600,97125,0.000,
2022/05/13,58.60,59.30,58.20,59.10,1.60,2.7826,58.1200,59.0800,59.9900,70.0283,76.7375,4227,6115,40278.0000,40747.2000,40758.9000,224.0000,437.4000,481.6000,-28933,676,97546,94120,95163,1774,1774,1780,289,78,139,99609,95971,97082,0.000,
2022/05/16,60.00,60.50,59.10,59.60,0.50,0.846,58.6200,59.1700,59.8250,69.4333,76.5600,5495,5126,40509.0000,40602.6000,40763.4000,222.0000,361.6000,455.2000,-28732,201,97448,95328,95195,2374,1894,1839,115,101,130,99937,97323,97164,0.000,
2022/05/17,59.90,62.80,59.70,62.50,2.90,4.8658,59.3400,59.3700,59.8350,68.9450,76.4392,15043,6855,40945.0000,40626.8000,40794.3000,265.0000,319.4000,423.3000,-28179,553,97921,96241,95280,2374,2014,1897,879,269,194,101175,98525,97371,0.000,
2022/05/18,62.60,62.90,61.50,61.80,-0.70,-1.12,60.1000,59.5900,59.8050,68.4417,76.3083,12553,8554,41229.0000,40702.2000,40814.6000,251.0000,278.8000,393.5000,-27656,523,95145,96619,95287,3774,2414,2096,337,324,211,99256,99357,97594,0.000,
2022/05/19,60.80,63.80,60.50,63.80,2.00,3.2362,61.3600,59.9100,59.8900,68.0000,76.1958,15678,10599,41175.0000,40827.2000,40844.6000,413.0000,275.0000,382.2000,-28155,-499,96095,96832,95307,3772,2814,2295,796,484,263,100663,100129,97864,0.000,
2022/05/20,63.80,63.80,62.40,63.00,-0.80,-1.2539,62.1400,60.1300,59.9350,67.5767,76.0650,11703,12094,41660.0000,41103.6000,40925.4000,449.0000,320.0000,378.7000,-27789,366,93067,95936,95028,3972,3253,2514,676,561,319,97716,99750,97861,0.000,
2022/05/23,63.00,63.80,62.30,62.50,-0.50,-0.7937,62.7200,60.6700,59.9550,67.1700,75.9267,5933,12182,41175.0000,41236.8000,40919.7000,475.0000,370.6000,366.1000,-27614,175,93557,95158,95243,3972,3573,2734,594,657,379,98124,99387,98355,0.000,
2022/05/24,62.80,63.10,61.20,61.40,-1.10,-1.76,62.5000,60.9200,60.0700,66.6883,75.7800,6059,10385,40848.0000,41217.4000,40922.1000,437.0000,405.0000,362.2000,-28176,-562,95691,94712,95476,3972,3893,2953,0,481,375,99663,99085,98805,0.000,
2022/05/25,61.70,62.90,61.60,62.60,1.20,1.9544,62.6600,61.3800,60.2400,66.3017,75.6317,4709,8816,40615.0000,41094.6000,40898.4000,393.0000,433.4000,356.1000,-27590,586,97335,95150,95884,3972,3932,3173,165,447,385,101473,99528,99443,0.000,
2022/05/26,63.00,63.70,62.20,62.50,-0.10,-0.1597,62.4000,61.8800,60.4700,66.0267,75.4842,9211,7523,40395.0000,40938.6000,40882.9000,426.0000,436.0000,355.5000,-27786,-196,96230,95177,96004,3972,3972,3393,74,302,393,100276,99451,99790,0.000,
2022/05/27,63.30,63.60,62.80,63.00,0.50,0.80,62.4000,62.2700,60.6750,65.7417,75.3533,5432,6268,40011.0000,40608.8000,40856.2000,392.0000,424.6000,372.3000,-27226,560,97850,96133,96034,4172,4012,3633,0,167,364,102022,100312,100031,0.000,
2022/05/30,64.30,64.60,63.50,64.10,1.10,1.746,62.7200,62.7200,60.9450,65.5017,75.2375,6527,6387,40089.0000,40391.6000,40814.2000,399.0000,409.4000,390.0000,-26552,674,98537,97129,96143,4172,4052,3813,31,54,356,102741,101236,100311,0.000,
2022/05/31,64.30,64.60,63.50,63.50,-0.60,-0.936,63.1400,62.8200,61.0950,65.2483,75.1333,6738,6523,40070.0000,40236.0000,40726.7000,720.0000,466.0000,435.5000,-26446,106,99563,97904,96308,4172,4092,3992,0,54,268,103735,102050,100568,0.000,
2022/06/01,63.10,63.40,62.60,62.90,-0.60,-0.9449,63.2000,62.9300,61.2600,65.0583,75.0300,6858,6953,39523.0000,40017.6000,40556.1000,393.0000,466.0000,449.7000,-26298,148,100506,98538,96844,4171,4132,4032,0,21,234,104677,102691,101110,0.000,
2022/06/02,63.30,63.70,62.20,62.30,-0.60,-0.9539,63.1600,62.7800,61.3450,64.9083,74.9042,6244,6359,39831.0000,39904.8000,40421.7000,386.0000,458.0000,447.0000,-26472,-174,100612,99414,97295,3371,4012,3992,0,6,154,103983,103432,101442,0.000,
2022/06/06,62.30,62.90,61.50,62.60,0.30,0.4815,63.0800,62.7400,61.4350,64.8083,74.7625,3964,6066,39626.0000,39827.8000,40218.3000,345.0000,448.6000,436.6000,-26377,95,102323,100309,98221,2471,3672,3842,24,11,89,104819,103992,102152,0.000,
2022/06/07,61.80,62.00,61.50,61.90,-0.70,-1.1182,62.6400,62.6800,61.6750,64.6750,74.6192,3494,5459,39555.0000,39721.0000,40056.3000,299.0000,428.6000,419.0000,-26543,-166,101167,100835,98982,2471,3331,3692,0,5,30,103638,104171,102703,0.000,
2022/06/08,62.20,62.30,60.30,60.40,-1.50,-2.4233,62.0200,62.5800,61.7500,64.4983,74.4608,6455,5403,39342.0000,39575.4000,39905.7000,227.0000,330.0000,398.0000,-26326,217,100361,100994,99449,2471,2991,3542,0,5,30,102832,103990,103020,0.000,
2022/06/09,60.30,60.80,60.20,60.70,0.30,0.4967,61.5800,62.3900,61.8850,64.3250,74.2983,2408,4513,39224.0000,39515.6000,39766.6000,293.0000,310.0000,388.0000,-26258,68,100498,100993,99765,2471,2651,3392,9,7,14,102978,103651,103171,0.000,
2022/06/10,60.30,60.30,59.40,59.60,-1.10,-1.8122,61.0400,62.1000,61.9900,64.1317,74.1342,4414,4147,38549.0000,39259.2000,39582.0000,1.0000,233.0000,345.5000,-26482,-224,99195,100709,100062,2271,2431,3221,0,7,7,101466,103147,103290,0.000,
2022/06/13,58.40,58.60,57.50,57.50,-2.10,-3.5235,60.0200,61.5500,61.9100,63.9333,73.9608,4972,4348,38274.0000,38988.8000,39408.3000,0.0000,164.0000,306.3000,-27292,-810,98107,99866,100087,1771,2291,2981,0,2,7,99878,102159,103075,0.000,
2022/06/14,57.00,57.70,56.40,57.40,-0.10,-0.1739,59.1200,60.8800,61.8000,63.7483,73.7850,3969,4443,37888.0000,38655.4000,39188.2000,0.0000,104.2000,266.4000,-27548,-256,97577,99148,99991,1771,2151,2741,38,9,7,99386,101309,102740,0.000,
2022/06/15,57.50,57.90,56.50,56.50,-0.90,-1.5679,58.3400,60.1800,61.5000,63.4967,73.6117,5315,4215,37680.0000,38323.0000,38949.2000,0.0000,58.8000,194.4000,-27202,346,95443,98164,99579,1776,2012,2502,57,21,13,97276,100197,102094,0.000,
2022/06/16,55.60,56.00,53.90,53.90,-2.60,-4.6018,56.9800,59.2800,61.1050,63.1983,73.3983,5628,4859,37502.0000,37978.6000,38747.1000,167.0000,33.6000,171.8000,-27886,-684,92616,96588,98790,1776,1873,2262,45,28,18,94437,98489,101070,0.000,
2022/06/17,53.00,53.30,51.90,52.10,-1.80,-3.3395,55.4800,58.2600,60.5200,62.8617,73.1925,8081,5593,36601.0000,37589.0000,38424.1000,638.0000,161.0000,197.0000,-28328,-442,93022,95353,98031,975,1614,2023,0,28,18,93997,96995,100071,0.000,
2022/06/20,52.10,52.30,49.30,49.30,-2.80,-5.3743,53.8400,56.9300,59.8350,62.4867,72.9625,11603,6919,34959.0000,36926.0000,37957.4000,933.0000,347.6000,255.8000,-29150,-822,95691,94870,97368,772,1414,1853,0,28,15,96463,96312,99236,0.000,
2022/06/21,50.10,52.30,49.90,52.00,2.70,5.4767,52.7600,55.9400,59.3100,62.1600,72.7450,6977,7520,34373.0000,36223.0000,37439.2000,870.0000,521.6000,312.9000,-28248,902,98482,95051,97099,771,1214,1683,0,21,15,99253,96286,98797,0.000,
2022/06/22,52.40,52.40,49.50,49.70,-2.30,-4.4231,51.4000,54.8700,58.7250,61.7867,72.5217,8224,8102,34774.0000,35641.8000,36982.4000,874.0000,696.4000,377.6000,-29029,-781,95764,95115,96640,771,1013,1513,0,9,15,96535,96137,98167,0.000,
2022/06/23,49.80,50.80,48.80,49.45,-0.25,-0.503,50.5100,53.7450,58.0675,61.4325,72.3021,7370,8451,34267.0000,34994.8000,36486.7000,996.0000,862.2000,447.9000,-28903,126,96155,95823,96205,471,752,1313,0,0,14,96626,96575,97532,0.000,
2022/06/24,50.30,52.30,50.30,51.00,1.55,3.1345,50.2900,52.8850,57.4925,61.1192,72.0938,7007,8236,33661.0000,34406.8000,35997.9000,996.0000,933.8000,547.4000,-28289,614,97461,96711,96032,470,651,1133,200,40,34,98132,97402,97199,0.000,
2022/06/27,52.10,52.50,51.50,52.10,1.10,2.1569,50.8500,52.3450,56.9475,60.7558,71.8954,4484,6812,33710.0000,34157.0000,35541.5000,950.0000,937.2000,642.4000,-27527,762,96356,96844,95857,471,591,1003,163,73,51,96990,97508,96910,0.000,
2022/06/28,52.30,52.80,52.00,52.40,0.30,0.5758,50.9300,51.8450,56.3625,60.4258,71.6921,3950,6207,33591.0000,34000.6000,35111.8000,942.0000,951.6000,736.6000,-28009,-482,96852,96518,95784,472,531,873,0,73,47,97324,97122,96704,0.000,
2022/06/29,52.20,53.10,51.60,52.60,0.20,0.3817,51.5100,51.4550,55.8175,60.1108,71.4954,4426,5447,33655.0000,33776.8000,34709.3000,971.0000,971.0000,833.7000,-28336,-327,96362,96637,95876,472,471,742,0,73,41,96834,97182,96659,0.000,
2022/06/30,52.40,52.40,50.30,50.70,-1.90,-3.6122,51.7600,51.1350,55.2075,59.7692,71.2721,5759,5125,33348.0000,33593.0000,34293.9000,1218.0000,1015.4000,938.8000,-29149,-813,96040,96614,96219,471,471,612,0,73,36,96511,97158,96867,0.000,
2022/07/01,50.70,51.30,47.20,47.55,-3.15,-6.213,51.0700,50.6800,54.4700,59.3883,71.0292,8569,5437,32760.0000,33412.8000,33909.8000,1479.0000,1112.0000,1022.9000,-29997,-848,96282,96378,96545,466,471,561,0,33,36,96748,96882,97142,0.000,
2022/07/04,47.90,48.90,47.55,47.75,0.20,0.4206,50.2000,50.5250,53.7275,59.0442,70.7846,5025,5545,32480.0000,33166.8000,33661.9000,967.0000,1115.4000,1026.3000,-29756,241,95745,96256,96550,464,469,530,78,16,44,96288,96741,97124,0.000,
2022/07/05,48.95,49.40,47.20,48.60,0.85,1.7801,49.4400,50.1850,53.0625,58.7108,70.5504,4589,5673,32590.0000,32966.6000,33483.6000,877.0000,1102.4000,1027.0000,-29085,671,95784,96043,96280,165,408,469,180,52,62,96130,96503,96812,0.000,
2022/07/06,47.55,48.20,45.50,45.65,-2.95,-6.07,48.0500,49.7800,52.3250,58.3800,70.2725,7146,6217,32420.0000,32719.6000,33248.2000,1490.0000,1206.2000,1088.6000,-29879,-794,95364,95844,96240,0,313,392,197,91,82,95562,96248,96715,0.000,
2022/07/07,45.90,47.90,45.45,47.85,2.20,4.8193,47.4800,49.6200,51.6825,58.0975,70.0096,5430,6151,31948.0000,32439.6000,33016.3000,1318.0000,1226.2000,1120.8000,-29244,635,97748,96185,96400,0,219,345,308,153,113,98057,96557,96858,0.000,
2022/07/08,48.20,49.10,47.90,48.50,0.65,1.3584,47.6700,49.3700,51.1275,57.8092,69.7129,3557,5149,31623.0000,32212.2000,32812.5000,1365.0000,1203.4000,1157.7000,-28916,328,98300,96589,96484,5,127,299,323,218,125,98629,96934,96908,0.000,
2022/07/11,48.80,49.10,48.05,48.55,0.05,0.1031,47.8300,49.0150,50.6800,57.5267,69.4075,1754,4495,31608.0000,32037.8000,32602.3000,1345.0000,1279.0000,1197.2000,-29113,-197,97644,96969,96613,6,35,252,302,263,139,97953,97267,97004,0.000,
2022/07/12,48.00,48.00,46.00,46.10,-2.45,-5.0463,47.3300,48.3850,50.1150,57.2467,69.0492,3509,4279,31462.0000,31812.2000,32389.4000,1390.0000,1381.6000,1242.0000,-29932,-819,97072,97226,96635,0,2,205,259,278,165,97332,97507,97005,0.000,
2022/07/13,47.40,48.00,47.35,47.35,1.25,2.7115,47.6700,47.8600,49.6575,56.9975,68.6588,2737,3397,31393.0000,31606.8000,32163.2000,1330.0000,1349.6000,1277.9000,-29166,766,97718,97697,96770,0,2,158,379,315,203,98098,98014,97131,0.000,
2022/07/14,47.10,48.55,46.80,48.55,1.20,2.5343,47.8100,47.6450,49.3900,56.7667,68.2908,2519,2815,31266.0000,31470.4000,31955.0000,1272.0000,1340.4000,1283.3000,-28759,407,98181,97784,96985,0,2,111,422,338,245,98604,98124,97341,0.000,
2022/07/15,48.30,49.50,47.80,49.30,0.75,1.5448,47.9700,47.8200,49.2500,56.5533,67.9292,2743,2652,31210.0000,31387.8000,31800.0000,1182.0000,1303.8000,1253.6000,-28820,-61,98401,97804,97197,0,1,64,628,399,308,99030,98204,97569,0.000,
